# This file uses centimeters as units for non-parametric coordinates.

mtllib Laberinto1tex.mtl
g default
v 4.506887 0.008906 -11.947637
v 4.506887 0.008906 -6.844897
v 4.506887 2.046979 -11.947637
v 4.506887 2.046979 -6.844897
v 5.193566 2.046979 -11.947637
v 5.193566 2.046979 -6.844897
v 5.193566 0.008906 -11.947637
v 5.193566 0.008906 -6.844897
v 6.705315 0.008906 -10.081328
v 6.705315 0.008906 -0.561611
v 6.705315 2.046979 -10.081328
v 6.705315 2.046979 -0.561611
v 7.391994 2.046979 -10.081328
v 7.391994 2.046979 -0.561611
v 7.391994 0.008906 -10.081328
v 7.391994 0.008906 -0.561611
v 6.486733 0.008906 10.255520
v 11.636562 0.008906 10.255520
v 6.486733 2.046979 10.255520
v 11.636562 2.046979 10.255520
v 6.486733 2.046979 9.568842
v 11.636562 2.046979 9.568842
v 6.486733 0.008906 9.568842
v 11.636562 0.008906 9.568842
v -10.650701 0.008906 2.962906
v -10.650701 0.008906 5.931085
v -10.650701 2.046979 2.962906
v -10.650701 2.046979 5.931085
v -9.964022 2.046979 2.962906
v -9.964022 2.046979 5.931085
v -9.964022 0.008906 2.962906
v -9.964022 0.008906 5.931085
v 0.229012 0.008906 2.921341
v 0.229012 0.008906 5.631841
v 0.229012 2.046979 2.921341
v 0.229012 2.046979 5.631841
v 0.915690 2.046979 2.921341
v 0.915690 2.046979 5.631841
v 0.915690 0.008906 2.921341
v 0.915690 0.008906 5.631841
v 0.190429 0.008906 -5.781500
v 0.190429 0.008906 -3.071000
v 0.190429 2.046979 -5.781500
v 0.190429 2.046979 -3.071000
v 0.877108 2.046979 -5.781500
v 0.877108 2.046979 -3.071000
v 0.877108 0.008906 -5.781500
v 0.877108 0.008906 -3.071000
v 0.148472 0.008906 7.443093
v 0.148472 0.008906 10.274006
v 0.148472 2.046979 7.443093
v 0.148472 2.046979 10.274006
v 0.835150 2.046979 7.443093
v 0.835150 2.046979 10.274006
v 0.835150 0.008906 7.443093
v 0.835150 0.008906 10.274006
v 4.365150 0.008906 5.973929
v 11.575928 0.008906 5.973929
v 4.365150 2.046979 5.973929
v 11.575928 2.046979 5.973929
v 4.365150 2.046979 5.287250
v 11.575928 2.046979 5.287250
v 4.365150 0.008906 5.287250
v 11.575928 0.008906 5.287250
v -10.666415 0.008906 -10.213824
v -10.666415 0.008906 -2.471754
v -10.666415 2.046979 -10.213824
v -10.666415 2.046979 -2.471754
v -9.979736 2.046979 -10.213824
v -9.979736 2.046979 -2.471754
v -9.979736 0.008906 -10.213824
v -9.979736 0.008906 -2.471754
v 8.818916 0.008906 -3.566577
v 8.818916 0.008906 1.505628
v 8.818916 2.046979 -3.566577
v 8.818916 2.046979 1.505628
v 9.505594 2.046979 -3.566577
v 9.505594 2.046979 1.505628
v 9.505594 0.008906 -3.566577
v 9.505594 0.008906 1.505628
v -10.777882 0.008906 10.273746
v -5.652654 0.008906 10.273746
v -10.777882 2.046979 10.273746
v -5.652654 2.046979 10.273746
v -10.777882 2.046979 9.587067
v -5.652654 2.046979 9.587067
v -10.777882 0.008906 9.587067
v -5.652654 0.008906 9.587067
v 11.280167 0.008906 -12.356990
v 11.280167 0.008906 12.500268
v 11.280167 2.046979 -12.356990
v 11.280167 2.046979 12.500268
v 12.305322 2.046979 -12.356990
v 12.305322 2.046979 12.500268
v 12.305322 0.008906 -12.356990
v 12.305322 0.008906 12.500268
v -1.986438 0.008906 5.955789
v 0.912842 0.008906 5.955789
v -1.986438 2.046979 5.955789
v 0.912842 2.046979 5.955789
v -1.986438 2.046979 5.269110
v 0.912842 2.046979 5.269110
v -1.986438 0.008906 5.269110
v 0.912842 0.008906 5.269110
v -6.329786 0.008906 7.559708
v -6.329786 0.008906 10.270209
v -6.329786 2.046979 7.559708
v -6.329786 2.046979 10.270209
v -5.643107 2.046979 7.559708
v -5.643107 2.046979 10.270209
v -5.643107 0.008906 7.559708
v -5.643107 0.008906 10.270209
v -1.986929 0.008906 10.273746
v 0.833166 0.008906 10.273746
v -1.986929 2.046979 10.273746
v 0.833166 2.046979 10.273746
v -1.986929 2.046979 9.587067
v 0.833166 2.046979 9.587067
v -1.986929 0.008906 9.587067
v 0.833166 0.008906 9.587067
v 4.512756 0.008906 7.751981
v 4.512756 0.008906 10.462481
v 4.512756 2.046979 7.751981
v 4.512756 2.046979 10.462481
v 5.199433 2.046979 7.751981
v 5.199433 2.046979 10.462481
v 5.199433 0.008906 7.751981
v 5.199433 0.008906 10.462481
v 2.331664 0.008906 1.272556
v 2.331664 0.008906 7.843284
v 2.331664 2.046979 1.272556
v 2.331664 2.046979 7.843284
v 3.018343 2.046979 1.272556
v 3.018343 2.046979 7.843284
v 3.018343 0.008906 1.272556
v 3.018343 0.008906 7.843284
v 8.798881 0.008906 -9.987540
v 8.798881 0.008906 -4.915335
v 8.798881 2.046979 -9.987540
v 8.798881 2.046979 -4.915335
v 9.485559 2.046979 -9.987540
v 9.485559 2.046979 -4.915335
v 9.485559 0.008906 -9.987540
v 9.485559 0.008906 -4.915335
v 2.357685 0.008906 -7.358257
v 2.357685 0.008906 -4.902455
v 2.357685 2.046979 -7.358257
v 2.357685 2.046979 -4.902455
v 3.044364 2.046979 -7.358257
v 3.044364 2.046979 -4.902455
v 3.044364 0.008906 -7.358257
v 3.044364 0.008906 -4.902455
v -13.024746 0.008906 -0.567898
v -9.685069 0.008906 -0.567898
v -13.024746 2.046979 -0.567898
v -9.685069 2.046979 -0.567898
v -13.024746 2.046979 -1.254576
v -9.685069 2.046979 -1.254576
v -13.024746 0.008906 -1.254576
v -9.685069 0.008906 -1.254576
v -6.378794 0.008906 -7.729110
v -6.378794 0.008906 -2.653387
v -6.378794 2.046979 -7.729110
v -6.378794 2.046979 -2.653387
v -5.692115 2.046979 -7.729110
v -5.692115 2.046979 -2.653387
v -5.692115 0.008906 -7.729110
v -5.692115 0.008906 -2.653387
v -8.435885 0.008906 -5.585950
v -8.435885 0.008906 -0.559917
v -8.435885 2.046979 -5.585950
v -8.435885 2.046979 -0.559917
v -7.749206 2.046979 -5.585950
v -7.749206 2.046979 -0.559917
v -7.749206 0.008906 -5.585950
v -7.749206 0.008906 -0.559917
v -12.384065 0.008906 8.067887
v -5.647787 0.008906 8.067887
v -12.384065 2.046979 8.067887
v -5.647787 2.046979 8.067887
v -12.384065 2.046979 7.381209
v -5.647787 2.046979 7.381209
v -12.384065 0.008906 7.381209
v -5.647787 0.008906 7.381209
v -4.149272 0.008906 9.408239
v -4.149272 0.008906 12.118739
v -4.149272 2.046979 9.408239
v -4.149272 2.046979 12.118739
v -3.462593 2.046979 9.408239
v -3.462593 2.046979 12.118739
v -3.462593 0.008906 9.408239
v -3.462593 0.008906 12.118739
v -2.006655 0.008906 -2.791781
v -2.006655 0.008906 3.778947
v -2.006655 2.046979 -2.791781
v -2.006655 2.046979 3.778947
v -1.319976 2.046979 -2.791781
v -1.319976 2.046979 3.778947
v -1.319976 0.008906 -2.791781
v -1.319976 0.008906 3.778947
v -8.452102 0.008906 -0.567898
v -3.324932 0.008906 -0.567898
v -8.452102 2.046979 -0.567898
v -3.324932 2.046979 -0.567898
v -8.452102 2.046979 -1.254576
v -3.324932 2.046979 -1.254576
v -8.452102 0.008906 -1.254576
v -3.324932 0.008906 -1.254576
v -0.029407 0.008906 -9.201939
v 5.157431 0.008906 -9.201939
v -0.029407 2.046979 -9.201939
v 5.157431 2.046979 -9.201939
v -0.029407 2.046979 -9.888618
v 5.157431 2.046979 -9.888618
v -0.029407 0.008906 -9.888618
v 5.157431 0.008906 -9.888618
v -8.443053 0.008906 -9.201939
v -5.457511 0.008906 -9.201939
v -8.443053 2.046979 -9.201939
v -5.457511 2.046979 -9.201939
v -8.443053 2.046979 -9.888618
v -5.457511 2.046979 -9.888618
v -8.443053 0.008906 -9.888618
v -5.457511 0.008906 -9.888618
v -1.935287 0.008906 1.642526
v 9.500716 0.008906 1.642526
v -1.935287 2.046979 1.642526
v 9.500716 2.046979 1.642526
v -1.935287 2.046979 0.955847
v 9.500716 2.046979 0.955847
v -1.935287 0.008906 0.955847
v 9.500716 0.008906 0.955847
v 2.365121 0.008906 3.778718
v 9.729412 0.008906 3.778718
v 2.365121 2.046979 3.778718
v 9.729412 2.046979 3.778718
v 2.365121 2.046979 3.092039
v 9.729412 2.046979 3.092039
v 2.365121 0.008906 3.092039
v 9.729412 0.008906 3.092039
v -13.038863 0.008906 12.524573
v 11.781621 0.008906 12.524573
v -13.038863 2.046979 12.524573
v 11.781621 2.046979 12.524573
v -13.038863 2.046979 11.499418
v 11.781621 2.046979 11.499418
v -13.038863 0.008906 11.499418
v 11.781621 0.008906 11.499418
v -10.656498 0.008906 -4.905379
v -7.757217 0.008906 -4.905379
v -10.656498 2.046979 -4.905379
v -7.757217 2.046979 -4.905379
v -10.656498 2.046979 -5.592057
v -7.757217 2.046979 -5.592057
v -10.656498 0.008906 -5.592057
v -7.757217 0.008906 -5.592057
v -13.093793 0.008906 1.642526
v -7.767567 0.008906 1.642526
v -13.093793 2.046979 1.642526
v -7.767567 2.046979 1.642526
v -13.093793 2.046979 0.955847
v -7.767567 2.046979 0.955847
v -13.093793 0.008906 0.955847
v -7.767567 0.008906 0.955847
v -1.984251 0.008906 -7.044434
v 3.047413 0.008906 -7.044434
v -1.984251 2.046979 -7.044434
v 3.047413 2.046979 -7.044434
v -1.984251 2.046979 -7.731113
v 3.047413 2.046979 -7.731113
v -1.984251 0.008906 -7.731113
v 3.047413 0.008906 -7.731113
v -4.190576 0.008906 -4.905379
v -1.291295 0.008906 -4.905379
v -4.190576 2.046979 -4.905379
v -1.291295 2.046979 -4.905379
v -4.190576 2.046979 -5.592057
v -1.291295 2.046979 -5.592057
v -4.190576 0.008906 -5.592057
v -1.291295 0.008906 -5.592057
v -13.038863 0.008906 -11.341468
v 11.781621 0.008906 -11.341468
v -13.038863 2.046979 -11.341468
v 11.781621 2.046979 -11.341468
v -13.038863 2.046979 -12.366624
v 11.781621 2.046979 -12.366624
v -13.038863 0.008906 -12.366624
v 11.781621 0.008906 -12.366624
v -8.450101 0.008906 0.962866
v -8.450101 0.008906 5.924261
v -8.450101 2.046979 0.962866
v -8.450101 2.046979 5.924261
v -7.763422 2.046979 0.962866
v -7.763422 2.046979 5.924261
v -7.763422 0.008906 0.962866
v -7.763422 0.008906 5.924261
v -10.646087 0.008906 5.926459
v -5.631630 0.008906 5.926459
v -10.646087 2.046979 5.926459
v -5.631630 2.046979 5.926459
v -10.646087 2.046979 5.239780
v -5.631630 2.046979 5.239780
v -10.646087 0.008906 5.239780
v -5.631630 0.008906 5.239780
v -8.436610 0.008906 -7.044434
v -5.691603 0.008906 -7.044434
v -8.436610 2.046979 -7.044434
v -5.691603 2.046979 -7.044434
v -8.436610 2.046979 -7.731113
v -5.691603 2.046979 -7.731113
v -8.436610 0.008906 -7.731113
v -5.691603 0.008906 -7.731113
v 8.903840 0.008906 -4.905379
v 11.803120 0.008906 -4.905379
v 8.903840 2.046979 -4.905379
v 11.803120 2.046979 -4.905379
v 8.903840 2.046979 -5.592057
v 11.803120 2.046979 -5.592057
v 8.903840 0.008906 -5.592057
v 11.803120 0.008906 -5.592057
v 2.410929 0.008906 -4.905379
v 7.385863 0.008906 -4.905379
v 2.410929 2.046979 -4.905379
v 7.385863 2.046979 -4.905379
v 2.410929 2.046979 -5.592057
v 7.385863 2.046979 -5.592057
v 2.410929 0.008906 -5.592057
v 7.385863 0.008906 -5.592057
v -0.079295 0.008906 -0.567898
v 7.285421 0.008906 -0.567898
v -0.079295 2.046979 -0.567898
v 7.285421 2.046979 -0.567898
v -0.079295 2.046979 -1.254576
v 7.285421 2.046979 -1.254576
v -0.079295 0.008906 -1.254576
v 7.285421 0.008906 -1.254576
v -6.336183 0.008906 1.642526
v -3.436902 0.008906 1.642526
v -6.336183 2.046979 1.642526
v -3.436902 2.046979 1.642526
v -6.336183 2.046979 0.955847
v -3.436902 2.046979 0.955847
v -6.336183 0.008906 0.955847
v -3.436902 0.008906 0.955847
v -6.330147 0.008906 0.962866
v -6.330147 0.008906 5.924261
v -6.330147 2.046979 0.962866
v -6.330147 2.046979 5.924261
v -5.643468 2.046979 0.962866
v -5.643468 2.046979 5.924261
v -5.643468 0.008906 0.962866
v -5.643468 0.008906 5.924261
v 2.346540 0.008906 9.408239
v 2.346540 0.008906 12.118739
v 2.346540 2.046979 9.408239
v 2.346540 2.046979 12.118739
v 3.033219 2.046979 9.408239
v 3.033219 2.046979 12.118739
v 3.033219 0.008906 9.408239
v 3.033219 0.008906 12.118739
v -1.978089 0.008906 -10.009084
v -1.978089 0.008906 -4.906344
v -1.978089 2.046979 -10.009084
v -1.978089 2.046979 -4.906344
v -1.291410 2.046979 -10.009084
v -1.291410 2.046979 -4.906344
v -1.291410 0.008906 -10.009084
v -1.291410 0.008906 -4.906344
v -1.992947 0.008906 5.260593
v -1.992947 0.008906 10.277130
v -1.992947 2.046979 5.260593
v -1.992947 2.046979 10.277130
v -1.306268 2.046979 5.260593
v -1.306268 2.046979 10.277130
v -1.306268 0.008906 5.260593
v -1.306268 0.008906 10.277130
v -13.245904 0.008906 -12.356990
v -13.245904 0.008906 12.500268
v -13.245904 2.046979 -12.356990
v -13.245904 2.046979 12.500268
v -12.220748 2.046979 -12.356990
v -12.220748 2.046979 12.500268
v -12.220748 0.008906 -12.356990
v -12.220748 0.008906 12.500268
v -4.194728 0.008906 -11.693815
v -4.194728 0.008906 -4.895630
v -4.194728 2.046979 -11.693815
v -4.194728 2.046979 -4.895630
v -3.508050 2.046979 -11.693815
v -3.508050 2.046979 -4.895630
v -3.508050 0.008906 -11.693815
v -3.508050 0.008906 -4.895630
v -6.357564 0.008906 -2.648902
v 5.371360 0.008906 -2.648902
v -6.357564 2.046979 -2.648902
v 5.371360 2.046979 -2.648902
v -6.357564 2.046979 -3.335580
v 5.371360 2.046979 -3.335580
v -6.357564 0.008906 -3.335580
v 5.371360 0.008906 -3.335580
v 0.168613 0.008906 8.130119
v 9.668609 0.008906 8.130119
v 0.168613 2.046979 8.130119
v 9.668609 2.046979 8.130119
v 0.168613 2.046979 7.443441
v 9.668609 2.046979 7.443441
v 0.168613 0.008906 7.443441
v 9.668609 0.008906 7.443441
v -8.435885 0.008906 -9.872996
v -8.435885 0.008906 -7.036513
v -8.435885 2.046979 -9.872996
v -8.435885 2.046979 -7.036513
v -7.749206 2.046979 -9.872996
v -7.749206 2.046979 -7.036513
v -7.749206 0.008906 -9.872996
v -7.749206 0.008906 -7.036513
v -4.126323 0.008906 3.098152
v -4.126323 0.008906 8.058719
v -4.126323 2.046979 3.098152
v -4.126323 2.046979 8.058719
v -3.439645 2.046979 3.098152
v -3.439645 2.046979 8.058719
v -3.439645 0.008906 3.098152
v -3.439645 0.008906 8.058719
vt 0.670617 0.411414
vt 0.670617 0.325581
vt 0.704899 0.325581
vt 0.704899 0.411414
vt 0.764052 0.331929
vt 0.764052 0.417762
vt 0.729769 0.417762
vt 0.729769 0.331929
vt 0.754865 0.162123
vt 0.754865 0.001992
vt 0.789147 0.001992
vt 0.789147 0.162123
vt 0.848300 0.001992
vt 0.848300 0.162123
vt 0.814017 0.162123
vt 0.814017 0.001992
vt 0.842697 0.615362
vt 0.854248 0.615362
vt 0.854248 0.649645
vt 0.842697 0.649645
vt 0.860622 0.615362
vt 0.872173 0.615362
vt 0.872173 0.649645
vt 0.860622 0.649645
vt 0.593539 0.559309
vt 0.593539 0.509382
vt 0.627821 0.509382
vt 0.627821 0.559309
vt 0.686974 0.509382
vt 0.686974 0.559309
vt 0.652692 0.559309
vt 0.652692 0.509382
vt 0.026834 0.872256
vt 0.026834 0.826663
vt 0.061116 0.826663
vt 0.061116 0.872256
vt 0.036115 0.875927
vt 0.036115 0.921521
vt 0.001832 0.921521
vt 0.001832 0.875927
vt 0.061164 0.922101
vt 0.061164 0.876508
vt 0.095447 0.876508
vt 0.095447 0.922101
vt 0.154599 0.876508
vt 0.154599 0.922101
vt 0.120317 0.922101
vt 0.120317 0.876508
vt 0.369546 0.834109
vt 0.369546 0.786490
vt 0.403828 0.786490
vt 0.403828 0.834109
vt 0.346710 0.807278
vt 0.346710 0.854897
vt 0.312427 0.854897
vt 0.312427 0.807278
vt 0.803185 0.653316
vt 0.814736 0.653316
vt 0.814736 0.687598
vt 0.803185 0.687598
vt 0.785992 0.653316
vt 0.797542 0.653316
vt 0.797542 0.687598
vt 0.785992 0.687598
vt 0.809302 0.296024
vt 0.809302 0.165794
vt 0.843584 0.165794
vt 0.843584 0.296024
vt 0.786466 0.198028
vt 0.786466 0.328257
vt 0.752183 0.328257
vt 0.752183 0.198028
vt 0.769377 0.506752
vt 0.769377 0.421433
vt 0.803659 0.421433
vt 0.803659 0.506752
vt 0.746541 0.421433
vt 0.746541 0.506752
vt 0.712258 0.506752
vt 0.712258 0.421433
vt 0.700025 0.660283
vt 0.711575 0.660283
vt 0.711575 0.694566
vt 0.700025 0.694566
vt 0.682831 0.660400
vt 0.694382 0.660400
vt 0.694382 0.694683
vt 0.682831 0.694683
vt 0.001832 0.420116
vt 0.001832 0.001992
vt 0.036115 0.001992
vt 0.036115 0.420116
vt 0.100824 0.001992
vt 0.100824 0.420116
vt 0.066542 0.420116
vt 0.066542 0.001992
vt 0.619864 0.664970
vt 0.631414 0.664970
vt 0.631414 0.699252
vt 0.619864 0.699252
vt 0.602670 0.664970
vt 0.614221 0.664970
vt 0.614221 0.699252
vt 0.602670 0.699252
vt 0.179470 0.905880
vt 0.179470 0.860286
vt 0.213752 0.860286
vt 0.213752 0.905880
vt 0.272905 0.858386
vt 0.272905 0.903979
vt 0.238622 0.903979
vt 0.238622 0.858386
vt 0.551090 0.884533
vt 0.562641 0.884533
vt 0.562641 0.918816
vt 0.551090 0.918816
vt 0.533897 0.884533
vt 0.545447 0.884533
vt 0.545447 0.918816
vt 0.533897 0.918816
vt 0.297775 0.904161
vt 0.297775 0.858568
vt 0.332058 0.858568
vt 0.332058 0.904161
vt 0.391210 0.858568
vt 0.391210 0.904161
vt 0.356928 0.904161
vt 0.356928 0.858568
vt 0.123878 0.534313
vt 0.123878 0.423787
vt 0.158161 0.423787
vt 0.158161 0.534313
vt 0.101042 0.423787
vt 0.101042 0.534313
vt 0.066759 0.534313
vt 0.066759 0.423787
vt 0.655140 0.500783
vt 0.655140 0.415464
vt 0.689422 0.415464
vt 0.689422 0.500783
vt 0.632303 0.420391
vt 0.632303 0.505710
vt 0.598021 0.505710
vt 0.598021 0.420391
vt 0.652692 0.656729
vt 0.652692 0.615420
vt 0.686974 0.615420
vt 0.686974 0.656729
vt 0.746127 0.615303
vt 0.746127 0.656612
vt 0.711844 0.656612
vt 0.711844 0.615303
vt 0.379156 0.907832
vt 0.390706 0.907832
vt 0.390706 0.942115
vt 0.379156 0.942115
vt 0.361962 0.907832
vt 0.373513 0.907832
vt 0.373513 0.942115
vt 0.361962 0.942115
vt 0.883614 0.504148
vt 0.883614 0.418769
vt 0.917897 0.418769
vt 0.917897 0.504148
vt 0.860778 0.421433
vt 0.860778 0.506811
vt 0.826496 0.506811
vt 0.826496 0.421433
vt 0.426665 0.722971
vt 0.426665 0.638429
vt 0.460947 0.638429
vt 0.460947 0.722971
vt 0.403829 0.638429
vt 0.403829 0.722972
vt 0.369546 0.722972
vt 0.369546 0.638429
vt 0.275995 0.907832
vt 0.287546 0.907832
vt 0.287546 0.942115
vt 0.275995 0.942115
vt 0.258802 0.907650
vt 0.270352 0.907650
vt 0.270352 0.941933
vt 0.258802 0.941933
vt 0.416081 0.883467
vt 0.416081 0.837874
vt 0.450363 0.837874
vt 0.450363 0.883467
vt 0.509516 0.837874
vt 0.509516 0.883467
vt 0.475233 0.883467
vt 0.475233 0.837874
vt 0.009641 0.534313
vt 0.009641 0.423787
vt 0.043923 0.423787
vt 0.043923 0.534313
vt 0.054219 0.537984
vt 0.054219 0.648511
vt 0.019936 0.648511
vt 0.019936 0.537984
vt 0.172835 0.909551
vt 0.184385 0.909551
vt 0.184385 0.943833
vt 0.172835 0.943833
vt 0.155641 0.925772
vt 0.167192 0.925772
vt 0.167192 0.960055
vt 0.155641 0.960055
vt 0.138448 0.925772
vt 0.149998 0.925772
vt 0.149998 0.960055
vt 0.138448 0.960055
vt 0.121254 0.925772
vt 0.132805 0.925772
vt 0.132805 0.960055
vt 0.121254 0.960055
vt 0.104061 0.925772
vt 0.115612 0.925772
vt 0.115612 0.960055
vt 0.104061 0.960055
vt 0.086867 0.925772
vt 0.098418 0.925772
vt 0.098418 0.960055
vt 0.086867 0.960055
vt 0.069674 0.925772
vt 0.081225 0.925772
vt 0.081225 0.960055
vt 0.069674 0.960055
vt 0.052481 0.925772
vt 0.064031 0.925772
vt 0.064031 0.960055
vt 0.052481 0.960055
vt 0.035287 0.925192
vt 0.046838 0.925192
vt 0.046838 0.959474
vt 0.035287 0.959474
vt 0.018094 0.925192
vt 0.029644 0.925192
vt 0.029644 0.959474
vt 0.018094 0.959474
vt 0.001832 0.963145
vt 0.019076 0.963145
vt 0.019076 0.997428
vt 0.001832 0.997428
vt 0.025314 0.963145
vt 0.042558 0.963145
vt 0.042558 0.997428
vt 0.025314 0.997428
vt 0.048617 0.963726
vt 0.060167 0.963726
vt 0.060167 0.998008
vt 0.048617 0.998008
vt 0.066542 0.963726
vt 0.078092 0.963726
vt 0.078092 0.998008
vt 0.066542 0.998008
vt 0.084467 0.963726
vt 0.096017 0.963726
vt 0.096017 0.998008
vt 0.084467 0.998008
vt 0.102392 0.963726
vt 0.113942 0.963726
vt 0.113942 0.998008
vt 0.102392 0.998008
vt 0.120317 0.963726
vt 0.131868 0.963726
vt 0.131868 0.998008
vt 0.120317 0.998008
vt 0.138242 0.963726
vt 0.149793 0.963726
vt 0.149793 0.998008
vt 0.138242 0.998008
vt 0.156167 0.963726
vt 0.167718 0.963726
vt 0.167718 0.998008
vt 0.156167 0.998008
vt 0.174092 0.947504
vt 0.185643 0.947504
vt 0.185643 0.981787
vt 0.174092 0.981787
vt 0.192017 0.947504
vt 0.209261 0.947504
vt 0.209261 0.981787
vt 0.192017 0.981787
vt 0.215320 0.947504
vt 0.232564 0.947504
vt 0.232564 0.981787
vt 0.215320 0.981787
vt 0.001832 0.822992
vt 0.001832 0.739536
vt 0.036115 0.739536
vt 0.036115 0.822992
vt 0.095447 0.739536
vt 0.095447 0.822992
vt 0.061164 0.822992
vt 0.061164 0.739536
vt 0.274473 0.945786
vt 0.286023 0.945786
vt 0.286023 0.980068
vt 0.274473 0.980068
vt 0.292398 0.945786
vt 0.303948 0.945786
vt 0.303948 0.980068
vt 0.292398 0.980068
vt 0.310323 0.945786
vt 0.321873 0.945786
vt 0.321873 0.980068
vt 0.310323 0.980068
vt 0.328248 0.945786
vt 0.339798 0.945786
vt 0.339798 0.980068
vt 0.328248 0.980068
vt 0.346173 0.945786
vt 0.357723 0.945786
vt 0.357723 0.980068
vt 0.346173 0.980068
vt 0.364098 0.945786
vt 0.375648 0.945786
vt 0.375648 0.980068
vt 0.364098 0.980068
vt 0.382023 0.945786
vt 0.393574 0.945786
vt 0.393574 0.980068
vt 0.382023 0.980068
vt 0.399948 0.925092
vt 0.411499 0.925092
vt 0.411499 0.959374
vt 0.399948 0.959374
vt 0.417873 0.925092
vt 0.429424 0.925092
vt 0.429424 0.959374
vt 0.417873 0.959374
vt 0.435798 0.925092
vt 0.447349 0.925092
vt 0.447349 0.959374
vt 0.435798 0.959374
vt 0.453723 0.925092
vt 0.465274 0.925092
vt 0.465274 0.959374
vt 0.453723 0.959374
vt 0.471648 0.925092
vt 0.483199 0.925092
vt 0.483199 0.959374
vt 0.471648 0.959374
vt 0.120317 0.805507
vt 0.120317 0.722052
vt 0.154599 0.722052
vt 0.154599 0.805507
vt 0.213752 0.722052
vt 0.213752 0.805507
vt 0.179470 0.805507
vt 0.179470 0.722052
vt 0.534386 0.880862
vt 0.534386 0.835269
vt 0.568668 0.835269
vt 0.568668 0.880862
vt 0.627821 0.615705
vt 0.627821 0.661299
vt 0.593539 0.661299
vt 0.593539 0.615705
vt 0.788922 0.417762
vt 0.788922 0.331929
vt 0.823205 0.331929
vt 0.823205 0.417762
vt 0.882357 0.329265
vt 0.882357 0.415098
vt 0.848075 0.415098
vt 0.848075 0.329265
vt 0.312428 0.716494
vt 0.312428 0.632111
vt 0.346710 0.632111
vt 0.346710 0.716494
vt 0.289591 0.632111
vt 0.289591 0.716494
vt 0.255309 0.716494
vt 0.255309 0.632111
vt 0.131072 0.420116
vt 0.131072 0.001992
vt 0.165354 0.001992
vt 0.165354 0.420116
vt 0.229885 0.001992
vt 0.229885 0.420116
vt 0.195602 0.420116
vt 0.195602 0.001992
vt 0.352353 0.537521
vt 0.352353 0.423169
vt 0.386635 0.423169
vt 0.386635 0.537521
vt 0.329516 0.423169
vt 0.329516 0.537521
vt 0.295234 0.537521
vt 0.295234 0.423169
vt 0.715429 0.698237
vt 0.726980 0.698237
vt 0.726980 0.732519
vt 0.715429 0.732519
vt 0.733354 0.698237
vt 0.744905 0.698237
vt 0.744905 0.732519
vt 0.733354 0.732519
vt 0.751279 0.698237
vt 0.762830 0.698237
vt 0.762830 0.732519
vt 0.751279 0.732519
vt 0.769204 0.698237
vt 0.780755 0.698237
vt 0.780755 0.732519
vt 0.769204 0.732519
vt 0.483783 0.830542
vt 0.483783 0.782829
vt 0.518066 0.782829
vt 0.518066 0.830542
vt 0.460947 0.786490
vt 0.460947 0.834203
vt 0.426665 0.834203
vt 0.426665 0.786490
vt 0.238622 0.803607
vt 0.238622 0.720165
vt 0.272905 0.720165
vt 0.272905 0.803607
vt 0.332057 0.720165
vt 0.332057 0.803607
vt 0.297775 0.803607
vt 0.297775 0.720165
vt 0.711844 0.411414
vt 0.711844 0.325581
vt 0.723395 0.325581
vt 0.723395 0.411414
vt 0.782548 0.331929
vt 0.782548 0.417762
vt 0.770997 0.417762
vt 0.770997 0.331929
vt 0.796092 0.162123
vt 0.796092 0.001992
vt 0.807643 0.001992
vt 0.807643 0.162123
vt 0.866795 0.001992
vt 0.866795 0.162123
vt 0.855245 0.162123
vt 0.855245 0.001992
vt 0.356928 0.627817
vt 0.356928 0.541192
vt 0.368478 0.541192
vt 0.368478 0.627817
vt 0.416081 0.634757
vt 0.416081 0.548132
vt 0.427631 0.548132
vt 0.427631 0.634757
vt 0.634766 0.559309
vt 0.634766 0.509382
vt 0.646317 0.509382
vt 0.646317 0.559309
vt 0.705470 0.504076
vt 0.705470 0.554004
vt 0.693919 0.554004
vt 0.693919 0.504076
vt 0.009640 0.872256
vt 0.009640 0.826663
vt 0.021191 0.826663
vt 0.021191 0.872256
vt 0.054790 0.875927
vt 0.054790 0.921521
vt 0.043239 0.921521
vt 0.043239 0.875927
vt 0.102392 0.922101
vt 0.102392 0.876508
vt 0.113942 0.876508
vt 0.113942 0.922101
vt 0.173095 0.859023
vt 0.173095 0.904617
vt 0.161545 0.904617
vt 0.161545 0.859023
vt 0.352353 0.854897
vt 0.352353 0.807278
vt 0.363903 0.807278
vt 0.363903 0.854897
vt 0.306785 0.807278
vt 0.306785 0.854897
vt 0.295234 0.854897
vt 0.295234 0.807278
vt 0.449397 0.544461
vt 0.449397 0.423169
vt 0.460947 0.423169
vt 0.460947 0.544461
vt 0.392278 0.544461
vt 0.392278 0.423168
vt 0.403829 0.423168
vt 0.403829 0.544461
vt 0.792109 0.296024
vt 0.792109 0.165794
vt 0.803659 0.165794
vt 0.803659 0.296024
vt 0.746541 0.198028
vt 0.746541 0.328258
vt 0.734990 0.328258
vt 0.734990 0.198028
vt 0.752184 0.506752
vt 0.752184 0.421433
vt 0.763734 0.421433
vt 0.763734 0.506752
vt 0.706615 0.415085
vt 0.706615 0.500405
vt 0.695065 0.500405
vt 0.695065 0.415085
vt 0.593539 0.416713
vt 0.593539 0.330501
vt 0.605089 0.330501
vt 0.605089 0.416713
vt 0.652692 0.411792
vt 0.652692 0.325581
vt 0.664242 0.325581
vt 0.664242 0.411792
vt 0.043239 0.420116
vt 0.043239 0.001992
vt 0.060483 0.001992
vt 0.060483 0.420116
vt 0.125013 0.001992
vt 0.125013 0.420116
vt 0.107769 0.420116
vt 0.107769 0.001992
vt 0.753072 0.559192
vt 0.753072 0.510423
vt 0.764623 0.510423
vt 0.764623 0.559192
vt 0.812225 0.559251
vt 0.812225 0.510483
vt 0.823775 0.510483
vt 0.823775 0.559251
vt 0.220697 0.905880
vt 0.220697 0.860286
vt 0.232248 0.860286
vt 0.232248 0.905880
vt 0.291401 0.858568
vt 0.291401 0.904161
vt 0.279850 0.904161
vt 0.279850 0.858568
vt 0.238115 0.854714
vt 0.238115 0.807278
vt 0.249666 0.807278
vt 0.249666 0.854714
vt 0.180996 0.856615
vt 0.180996 0.809179
vt 0.192547 0.809179
vt 0.192547 0.856615
vt 0.339003 0.904161
vt 0.339003 0.858568
vt 0.350553 0.858568
vt 0.350553 0.904161
vt 0.409706 0.837874
vt 0.409706 0.883467
vt 0.398156 0.883467
vt 0.398156 0.837874
vt 0.106685 0.534313
vt 0.106685 0.423787
vt 0.118235 0.423787
vt 0.118235 0.534313
vt 0.061117 0.423787
vt 0.061117 0.534313
vt 0.049566 0.534313
vt 0.049566 0.423787
vt 0.637946 0.505710
vt 0.637946 0.420391
vt 0.649497 0.420391
vt 0.649497 0.505710
vt 0.592378 0.420384
vt 0.592378 0.505703
vt 0.580828 0.505703
vt 0.580828 0.420384
vt 0.693919 0.651424
vt 0.693919 0.610115
vt 0.705470 0.610115
vt 0.705470 0.651424
vt 0.764623 0.615303
vt 0.764623 0.656612
vt 0.753072 0.656612
vt 0.753072 0.615303
vt 0.398156 0.782819
vt 0.398156 0.726643
vt 0.409706 0.726643
vt 0.409706 0.782819
vt 0.457308 0.782819
vt 0.457308 0.726642
vt 0.468859 0.726642
vt 0.468859 0.782819
vt 0.866421 0.504148
vt 0.866421 0.418769
vt 0.877971 0.418769
vt 0.877971 0.504148
vt 0.820853 0.421433
vt 0.820853 0.506811
vt 0.809302 0.506811
vt 0.809302 0.421433
vt 0.409471 0.722972
vt 0.409471 0.638429
vt 0.421022 0.638429
vt 0.421022 0.722972
vt 0.363903 0.631488
vt 0.363903 0.716031
vt 0.352353 0.716031
vt 0.352353 0.631488
vt 0.220922 0.537098
vt 0.220922 0.423787
vt 0.232473 0.423787
vt 0.232473 0.537098
vt 0.163803 0.537098
vt 0.163803 0.423787
vt 0.175354 0.423787
vt 0.175354 0.537098
vt 0.457308 0.883467
vt 0.457308 0.837874
vt 0.468859 0.837874
vt 0.468859 0.883467
vt 0.528012 0.835269
vt 0.528012 0.880862
vt 0.516461 0.880862
vt 0.516461 0.835269
vt 0.001832 0.648511
vt 0.001832 0.537984
vt 0.013383 0.537984
vt 0.013383 0.648511
vt 0.072715 0.537984
vt 0.072715 0.648511
vt 0.061164 0.648511
vt 0.061164 0.537984
vt 0.475233 0.634376
vt 0.475233 0.548132
vt 0.486784 0.548132
vt 0.486784 0.634376
vt 0.534386 0.416746
vt 0.534386 0.330501
vt 0.545937 0.330501
vt 0.545937 0.416746
vt 0.238622 0.628017
vt 0.238622 0.540769
vt 0.250173 0.540769
vt 0.250173 0.628017
vt 0.297775 0.628440
vt 0.297775 0.541192
vt 0.309326 0.541192
vt 0.309326 0.628440
vt 0.516461 0.779158
vt 0.516461 0.728938
vt 0.528012 0.728938
vt 0.528012 0.779158
vt 0.575614 0.559594
vt 0.575614 0.509374
vt 0.587164 0.509374
vt 0.587164 0.559594
vt 0.677787 0.194357
vt 0.677787 0.001992
vt 0.689337 0.001992
vt 0.689337 0.194357
vt 0.736939 0.194357
vt 0.736939 0.001992
vt 0.748490 0.001992
vt 0.748490 0.194357
vt 0.563634 0.326830
vt 0.563634 0.202955
vt 0.575185 0.202955
vt 0.575185 0.326830
vt 0.506515 0.547043
vt 0.506515 0.423168
vt 0.518066 0.423168
vt 0.518066 0.547043
vt 0.301360 0.419497
vt 0.301360 0.001992
vt 0.318604 0.001992
vt 0.318604 0.419497
vt 0.365890 0.419497
vt 0.365890 0.001992
vt 0.383135 0.001992
vt 0.383135 0.419497
vt 0.871377 0.556588
vt 0.871377 0.507819
vt 0.882928 0.507819
vt 0.882928 0.556588
vt 0.866421 0.611691
vt 0.866421 0.562922
vt 0.877971 0.562922
vt 0.877971 0.611691
vt 0.120317 0.627577
vt 0.120317 0.537984
vt 0.131868 0.537984
vt 0.131868 0.627577
vt 0.179470 0.630361
vt 0.179470 0.540769
vt 0.191020 0.540769
vt 0.191020 0.630361
vt 0.523709 0.725267
vt 0.523709 0.640629
vt 0.535259 0.640629
vt 0.535259 0.725267
vt 0.466590 0.722685
vt 0.466590 0.638047
vt 0.478141 0.638047
vt 0.478141 0.722685
vt 0.809302 0.611691
vt 0.809302 0.562922
vt 0.820853 0.562922
vt 0.820853 0.611691
vt 0.752183 0.611632
vt 0.752183 0.562863
vt 0.763734 0.562863
vt 0.763734 0.611632
vt 0.430421 0.419497
vt 0.430421 0.001992
vt 0.447665 0.001992
vt 0.447665 0.419497
vt 0.494951 0.419497
vt 0.494951 0.001992
vt 0.512195 0.001992
vt 0.512195 0.419497
vt 0.043239 0.822992
vt 0.043239 0.739536
vt 0.054790 0.739536
vt 0.054790 0.822992
vt 0.113942 0.718602
vt 0.113942 0.802058
vt 0.102392 0.802058
vt 0.102392 0.718602
vt 0.180997 0.718381
vt 0.180997 0.634033
vt 0.192547 0.634033
vt 0.192547 0.718381
vt 0.123878 0.718381
vt 0.123878 0.634033
vt 0.135429 0.634033
vt 0.135429 0.718381
vt 0.123878 0.855352
vt 0.123878 0.809179
vt 0.135428 0.809179
vt 0.135428 0.855352
vt 0.066759 0.872837
vt 0.066759 0.826663
vt 0.078310 0.826663
vt 0.078310 0.872837
vt 0.695065 0.606444
vt 0.695065 0.557675
vt 0.706615 0.557675
vt 0.706615 0.606444
vt 0.637946 0.611749
vt 0.637946 0.562980
vt 0.649497 0.562980
vt 0.649497 0.611749
vt 0.066759 0.735865
vt 0.066759 0.652182
vt 0.078310 0.652182
vt 0.078310 0.735865
vt 0.009641 0.735865
vt 0.009641 0.652182
vt 0.021191 0.652182
vt 0.021191 0.735865
vt 0.677871 0.321910
vt 0.677871 0.198028
vt 0.689422 0.198028
vt 0.689422 0.321910
vt 0.620753 0.326837
vt 0.620753 0.202955
vt 0.632303 0.202955
vt 0.632303 0.326837
vt 0.580827 0.612034
vt 0.580827 0.563265
vt 0.592378 0.563265
vt 0.592378 0.612034
vt 0.523709 0.831598
vt 0.523709 0.782829
vt 0.535259 0.782829
vt 0.535259 0.831598
vt 0.161545 0.805507
vt 0.161545 0.722052
vt 0.173095 0.722052
vt 0.173095 0.805507
vt 0.232248 0.719707
vt 0.232248 0.803163
vt 0.220697 0.803163
vt 0.220697 0.719707
vt 0.575614 0.880862
vt 0.575614 0.835269
vt 0.587164 0.835269
vt 0.587164 0.880862
vt 0.646317 0.615420
vt 0.646317 0.661014
vt 0.634766 0.661014
vt 0.634766 0.615420
vt 0.830150 0.385528
vt 0.830150 0.299695
vt 0.841700 0.299695
vt 0.841700 0.385528
vt 0.900853 0.329265
vt 0.900853 0.415098
vt 0.889303 0.415098
vt 0.889303 0.329265
vt 0.295234 0.716494
vt 0.295234 0.632111
vt 0.306785 0.632111
vt 0.306785 0.716494
vt 0.249666 0.631688
vt 0.249666 0.716071
vt 0.238115 0.716071
vt 0.238115 0.631688
vt 0.172300 0.420116
vt 0.172300 0.001992
vt 0.189544 0.001992
vt 0.189544 0.420116
vt 0.254074 0.001992
vt 0.254074 0.420116
vt 0.236830 0.420116
vt 0.236830 0.001992
vt 0.335159 0.537521
vt 0.335159 0.423169
vt 0.346710 0.423169
vt 0.346710 0.537521
vt 0.289591 0.423168
vt 0.289591 0.537521
vt 0.278041 0.537521
vt 0.278041 0.423168
vt 0.559481 0.199284
vt 0.559481 0.001992
vt 0.571032 0.001992
vt 0.571032 0.199284
vt 0.618634 0.199284
vt 0.618634 0.001992
vt 0.630185 0.001992
vt 0.630185 0.199284
vt 0.906346 0.325262
vt 0.906346 0.165463
vt 0.917897 0.165463
vt 0.917897 0.325262
vt 0.849227 0.325594
vt 0.849227 0.165794
vt 0.860778 0.165794
vt 0.860778 0.325594
vt 0.466590 0.834203
vt 0.466590 0.786490
vt 0.478141 0.786490
vt 0.478141 0.834203
vt 0.421022 0.786490
vt 0.421022 0.834203
vt 0.409471 0.834203
vt 0.409471 0.786490
vt 0.279850 0.803607
vt 0.279850 0.720165
vt 0.291401 0.720165
vt 0.291401 0.803607
vt 0.350553 0.720165
vt 0.350553 0.803607
vt 0.339003 0.803607
vt 0.339003 0.720165
vt 0.770997 0.615362
vt 0.782548 0.615362
vt 0.782548 0.649644
vt 0.770997 0.649644
vt 0.800473 0.649645
vt 0.788922 0.649645
vt 0.788922 0.615362
vt 0.800473 0.615362
vt 0.806847 0.615362
vt 0.818398 0.615362
vt 0.818398 0.649645
vt 0.806847 0.649645
vt 0.836323 0.649645
vt 0.824772 0.649645
vt 0.824772 0.615362
vt 0.836323 0.615362
vt 0.315700 0.627817
vt 0.315700 0.541192
vt 0.349983 0.541192
vt 0.349983 0.627817
vt 0.374853 0.634758
vt 0.374853 0.548132
vt 0.409135 0.548132
vt 0.409135 0.634758
vt 0.878548 0.615362
vt 0.890098 0.615362
vt 0.890098 0.649645
vt 0.878548 0.649645
vt 0.908023 0.646981
vt 0.896473 0.646981
vt 0.896473 0.612698
vt 0.908023 0.612698
vt 0.906346 0.650652
vt 0.917897 0.650652
vt 0.917897 0.684934
vt 0.906346 0.684934
vt 0.900703 0.687598
vt 0.889152 0.687598
vt 0.889152 0.653316
vt 0.900703 0.653316
vt 0.871959 0.653316
vt 0.883510 0.653316
vt 0.883510 0.687598
vt 0.871959 0.687598
vt 0.866316 0.687598
vt 0.854766 0.687598
vt 0.854766 0.653316
vt 0.866316 0.653316
vt 0.837572 0.653316
vt 0.849123 0.653316
vt 0.849123 0.687598
vt 0.837572 0.687598
vt 0.831929 0.687598
vt 0.820379 0.687598
vt 0.820379 0.653316
vt 0.831929 0.653316
vt 0.466590 0.544461
vt 0.466590 0.423169
vt 0.500872 0.423169
vt 0.500872 0.544461
vt 0.409471 0.544461
vt 0.409471 0.423169
vt 0.443754 0.423169
vt 0.443754 0.544461
vt 0.768798 0.660283
vt 0.780349 0.660283
vt 0.780349 0.694566
vt 0.768798 0.694566
vt 0.763155 0.694566
vt 0.751605 0.694566
vt 0.751605 0.660283
vt 0.763155 0.660283
vt 0.734411 0.660283
vt 0.745962 0.660283
vt 0.745962 0.694566
vt 0.734411 0.694566
vt 0.728769 0.694566
vt 0.717218 0.694566
vt 0.717218 0.660283
vt 0.728769 0.660283
vt 0.552311 0.416713
vt 0.552311 0.330501
vt 0.586594 0.330501
vt 0.586594 0.416713
vt 0.611464 0.416720
vt 0.611464 0.330508
vt 0.645746 0.330508
vt 0.645746 0.416720
vt 0.659944 0.660400
vt 0.677188 0.660400
vt 0.677188 0.694683
vt 0.659944 0.694683
vt 0.654301 0.698967
vt 0.637057 0.698967
vt 0.637057 0.664685
vt 0.654301 0.664685
vt 0.711844 0.559192
vt 0.711844 0.510423
vt 0.746127 0.510423
vt 0.746127 0.559192
vt 0.770997 0.559251
vt 0.770997 0.510483
vt 0.805280 0.510483
vt 0.805280 0.559251
vt 0.585477 0.884533
vt 0.597028 0.884533
vt 0.597028 0.918816
vt 0.585477 0.918816
vt 0.579834 0.918816
vt 0.568283 0.918816
vt 0.568283 0.884533
vt 0.579834 0.884533
vt 0.255309 0.854715
vt 0.255309 0.807278
vt 0.289591 0.807278
vt 0.289591 0.854715
vt 0.198190 0.856615
vt 0.198190 0.809179
vt 0.232472 0.809179
vt 0.232472 0.856615
vt 0.516703 0.884533
vt 0.528254 0.884533
vt 0.528254 0.918816
vt 0.516703 0.918816
vt 0.511060 0.921421
vt 0.499510 0.921421
vt 0.499510 0.887138
vt 0.511060 0.887138
vt 0.482316 0.887138
vt 0.493867 0.887138
vt 0.493867 0.921421
vt 0.482316 0.921421
vt 0.476674 0.921421
vt 0.465123 0.921421
vt 0.465123 0.887138
vt 0.476674 0.887138
vt 0.447930 0.887138
vt 0.459480 0.887138
vt 0.459480 0.921421
vt 0.447930 0.921421
vt 0.442287 0.921421
vt 0.430736 0.921421
vt 0.430736 0.887138
vt 0.442287 0.887138
vt 0.413543 0.887138
vt 0.425093 0.887138
vt 0.425093 0.921421
vt 0.413543 0.921421
vt 0.407900 0.921421
vt 0.396349 0.921421
vt 0.396349 0.887138
vt 0.407900 0.887138
vt 0.356928 0.782819
vt 0.356928 0.726643
vt 0.391210 0.726643
vt 0.391210 0.782819
vt 0.416081 0.782819
vt 0.416081 0.726643
vt 0.450363 0.726643
vt 0.450363 0.782819
vt 0.344769 0.907832
vt 0.356319 0.907832
vt 0.356319 0.942115
vt 0.344769 0.942115
vt 0.339126 0.942115
vt 0.327575 0.942115
vt 0.327575 0.907832
vt 0.339126 0.907832
vt 0.310382 0.907832
vt 0.321933 0.907832
vt 0.321933 0.942115
vt 0.310382 0.942115
vt 0.304739 0.942115
vt 0.293188 0.942115
vt 0.293188 0.907832
vt 0.304739 0.907832
vt 0.238115 0.537098
vt 0.238115 0.423787
vt 0.272398 0.423787
vt 0.272398 0.537098
vt 0.180997 0.537098
vt 0.180997 0.423787
vt 0.215279 0.423787
vt 0.215279 0.537098
vt 0.241608 0.907650
vt 0.253159 0.907650
vt 0.253159 0.941933
vt 0.241608 0.941933
vt 0.235965 0.943833
vt 0.224415 0.943833
vt 0.224415 0.909551
vt 0.235965 0.909551
vt 0.207221 0.909551
vt 0.218772 0.909551
vt 0.218772 0.943833
vt 0.207221 0.943833
vt 0.201579 0.943833
vt 0.190028 0.943833
vt 0.190028 0.909551
vt 0.201579 0.909551
vt 0.434006 0.634376
vt 0.434006 0.548132
vt 0.468288 0.548132
vt 0.468288 0.634376
vt 0.493158 0.636958
vt 0.493158 0.550714
vt 0.527441 0.550714
vt 0.527441 0.636958
vt 0.197395 0.628017
vt 0.197395 0.540769
vt 0.231677 0.540769
vt 0.231677 0.628017
vt 0.256547 0.628440
vt 0.256547 0.541192
vt 0.290830 0.541192
vt 0.290830 0.628440
vt 0.475233 0.779158
vt 0.475233 0.728938
vt 0.509516 0.728938
vt 0.509516 0.779158
vt 0.534386 0.779158
vt 0.534386 0.728938
vt 0.568669 0.728938
vt 0.568669 0.779158
vt 0.636559 0.194357
vt 0.636559 0.001992
vt 0.670841 0.001992
vt 0.670841 0.194357
vt 0.695712 0.194357
vt 0.695712 0.001992
vt 0.729994 0.001992
vt 0.729994 0.194357
vt 0.580827 0.326830
vt 0.580827 0.202955
vt 0.615110 0.202955
vt 0.615110 0.326830
vt 0.523709 0.326830
vt 0.523709 0.202955
vt 0.557991 0.202955
vt 0.557991 0.326830
vt 0.260132 0.419497
vt 0.260132 0.001992
vt 0.294415 0.001992
vt 0.294415 0.419497
vt 0.324663 0.419497
vt 0.324663 0.001992
vt 0.358945 0.001992
vt 0.358945 0.419497
vt 0.830150 0.559251
vt 0.830150 0.510482
vt 0.864432 0.510482
vt 0.864432 0.559251
vt 0.883614 0.609027
vt 0.883614 0.560259
vt 0.917897 0.560259
vt 0.917897 0.609027
vt 0.079089 0.627577
vt 0.079089 0.537984
vt 0.113372 0.537984
vt 0.113372 0.627577
vt 0.138242 0.630361
vt 0.138242 0.540769
vt 0.172524 0.540769
vt 0.172524 0.630361
vt 0.540902 0.505054
vt 0.540902 0.420417
vt 0.575185 0.420417
vt 0.575185 0.505054
vt 0.483783 0.725267
vt 0.483783 0.640629
vt 0.518066 0.640629
vt 0.518066 0.725267
vt 0.826496 0.611691
vt 0.826496 0.562922
vt 0.860778 0.562922
vt 0.860778 0.611691
vt 0.769377 0.611691
vt 0.769377 0.562922
vt 0.803659 0.562922
vt 0.803659 0.611691
vt 0.389193 0.419497
vt 0.389193 0.001992
vt 0.423475 0.001992
vt 0.423475 0.419497
vt 0.453723 0.419497
vt 0.453723 0.001992
vt 0.488006 0.001992
vt 0.488006 0.419497
vt 0.238622 0.947504
vt 0.250173 0.947504
vt 0.250173 0.981787
vt 0.238622 0.981787
vt 0.268098 0.979886
vt 0.256547 0.979886
vt 0.256547 0.945604
vt 0.268098 0.945604
vt 0.198190 0.716036
vt 0.198190 0.631688
vt 0.232473 0.631688
vt 0.232473 0.716036
vt 0.141071 0.718381
vt 0.141071 0.634033
vt 0.175354 0.634033
vt 0.175354 0.718381
vt 0.141071 0.855352
vt 0.141071 0.809179
vt 0.175354 0.809179
vt 0.175354 0.855352
vt 0.083952 0.872837
vt 0.083952 0.826663
vt 0.118235 0.826663
vt 0.118235 0.872837
vt 0.712258 0.611632
vt 0.712258 0.562863
vt 0.746541 0.562863
vt 0.746541 0.611632
vt 0.655140 0.611749
vt 0.655140 0.562980
vt 0.689422 0.562980
vt 0.689422 0.611749
vt 0.083953 0.714931
vt 0.083953 0.631248
vt 0.118235 0.631248
vt 0.118235 0.714931
vt 0.026834 0.735865
vt 0.026834 0.652182
vt 0.061117 0.652182
vt 0.061117 0.735865
vt 0.695065 0.321910
vt 0.695065 0.198028
vt 0.729347 0.198028
vt 0.729347 0.321910
vt 0.637946 0.321910
vt 0.637946 0.198028
vt 0.672229 0.198028
vt 0.672229 0.321910
vt 0.598021 0.611749
vt 0.598021 0.562980
vt 0.632303 0.562980
vt 0.632303 0.611749
vt 0.540902 0.831598
vt 0.540902 0.782829
vt 0.575184 0.782829
vt 0.575184 0.831598
vt 0.489573 0.925092
vt 0.501124 0.925092
vt 0.501124 0.959374
vt 0.489573 0.959374
vt 0.519049 0.959374
vt 0.507498 0.959374
vt 0.507498 0.925092
vt 0.519049 0.925092
vt 0.525424 0.922487
vt 0.536974 0.922487
vt 0.536974 0.956769
vt 0.525424 0.956769
vt 0.554899 0.956769
vt 0.543349 0.956769
vt 0.543349 0.922487
vt 0.554899 0.922487
vt 0.561274 0.922487
vt 0.572824 0.922487
vt 0.572824 0.956769
vt 0.561274 0.956769
vt 0.590749 0.956769
vt 0.579199 0.956769
vt 0.579199 0.922487
vt 0.590749 0.922487
vt 0.597124 0.922487
vt 0.608674 0.922487
vt 0.608674 0.956769
vt 0.597124 0.956769
vt 0.626600 0.737206
vt 0.615049 0.737206
vt 0.615049 0.702923
vt 0.626600 0.702923
vt 0.632974 0.702923
vt 0.650218 0.702923
vt 0.650218 0.737206
vt 0.632974 0.737206
vt 0.673521 0.736921
vt 0.656277 0.736921
vt 0.656277 0.702638
vt 0.673521 0.702638
vt 0.679579 0.698354
vt 0.691130 0.698354
vt 0.691130 0.732636
vt 0.679579 0.732636
vt 0.709055 0.732636
vt 0.697504 0.732636
vt 0.697504 0.698354
vt 0.709055 0.698354
vt 0.518254 0.199284
vt 0.518254 0.001992
vt 0.552536 0.001992
vt 0.552536 0.199284
vt 0.577406 0.199284
vt 0.577406 0.001992
vt 0.611689 0.001992
vt 0.611689 0.199284
vt 0.873170 0.161791
vt 0.873170 0.001992
vt 0.907452 0.001992
vt 0.907452 0.161791
vt 0.866421 0.325594
vt 0.866421 0.165794
vt 0.900703 0.165794
vt 0.900703 0.325594
vt 0.787130 0.691269
vt 0.798680 0.691269
vt 0.798680 0.725551
vt 0.787130 0.725551
vt 0.816605 0.725552
vt 0.805055 0.725552
vt 0.805055 0.691269
vt 0.816605 0.691269
vt 0.822980 0.691269
vt 0.834530 0.691269
vt 0.834530 0.725552
vt 0.822980 0.725552
vt 0.852455 0.725552
vt 0.840905 0.725552
vt 0.840905 0.691269
vt 0.852455 0.691269
vn -1.000000 0.000000 0.000000
vn -1.000000 0.000000 0.000000
vn -1.000000 0.000000 0.000000
vn -1.000000 0.000000 0.000000
vn 0.000000 1.000000 0.000000
vn 0.000000 1.000000 0.000000
vn 0.000000 1.000000 0.000000
vn 0.000000 1.000000 0.000000
vn 1.000000 0.000000 0.000000
vn 1.000000 0.000000 0.000000
vn 1.000000 0.000000 0.000000
vn 1.000000 0.000000 0.000000
vn 0.000000 -1.000000 0.000000
vn 0.000000 -1.000000 0.000000
vn 0.000000 -1.000000 0.000000
vn 0.000000 -1.000000 0.000000
vn 0.000000 0.000000 1.000000
vn 0.000000 0.000000 1.000000
vn 0.000000 0.000000 1.000000
vn 0.000000 0.000000 1.000000
vn 0.000000 0.000000 -1.000000
vn 0.000000 0.000000 -1.000000
vn 0.000000 0.000000 -1.000000
vn 0.000000 0.000000 -1.000000
vn -1.000000 0.000000 0.000000
vn -1.000000 0.000000 0.000000
vn -1.000000 0.000000 0.000000
vn -1.000000 0.000000 0.000000
vn 0.000000 1.000000 0.000000
vn 0.000000 1.000000 0.000000
vn 0.000000 1.000000 0.000000
vn 0.000000 1.000000 0.000000
vn 1.000000 0.000000 0.000000
vn 1.000000 0.000000 0.000000
vn 1.000000 0.000000 0.000000
vn 1.000000 0.000000 0.000000
vn 0.000000 -1.000000 0.000000
vn 0.000000 -1.000000 0.000000
vn 0.000000 -1.000000 0.000000
vn 0.000000 -1.000000 0.000000
vn 0.000000 0.000000 1.000000
vn 0.000000 0.000000 1.000000
vn 0.000000 0.000000 1.000000
vn 0.000000 0.000000 1.000000
vn 0.000000 0.000000 -1.000000
vn 0.000000 0.000000 -1.000000
vn 0.000000 0.000000 -1.000000
vn 0.000000 0.000000 -1.000000
vn 0.000000 0.000000 1.000000
vn 0.000000 0.000000 1.000000
vn 0.000000 0.000000 1.000000
vn 0.000000 0.000000 1.000000
vn 0.000000 1.000000 0.000000
vn 0.000000 1.000000 0.000000
vn 0.000000 1.000000 0.000000
vn 0.000000 1.000000 0.000000
vn 0.000000 0.000000 -1.000000
vn 0.000000 0.000000 -1.000000
vn 0.000000 0.000000 -1.000000
vn 0.000000 0.000000 -1.000000
vn 0.000000 -1.000000 0.000000
vn 0.000000 -1.000000 0.000000
vn 0.000000 -1.000000 0.000000
vn 0.000000 -1.000000 0.000000
vn 1.000000 0.000000 0.000000
vn 1.000000 0.000000 0.000000
vn 1.000000 0.000000 0.000000
vn 1.000000 0.000000 0.000000
vn -1.000000 0.000000 0.000000
vn -1.000000 0.000000 0.000000
vn -1.000000 0.000000 0.000000
vn -1.000000 0.000000 0.000000
vn -1.000000 0.000000 0.000000
vn -1.000000 0.000000 0.000000
vn -1.000000 0.000000 0.000000
vn -1.000000 0.000000 0.000000
vn 0.000000 1.000000 0.000000
vn 0.000000 1.000000 0.000000
vn 0.000000 1.000000 0.000000
vn 0.000000 1.000000 0.000000
vn 1.000000 0.000000 0.000000
vn 1.000000 0.000000 0.000000
vn 1.000000 0.000000 0.000000
vn 1.000000 0.000000 0.000000
vn 0.000000 -1.000000 0.000000
vn 0.000000 -1.000000 0.000000
vn 0.000000 -1.000000 0.000000
vn 0.000000 -1.000000 0.000000
vn 0.000000 0.000000 1.000000
vn 0.000000 0.000000 1.000000
vn 0.000000 0.000000 1.000000
vn 0.000000 0.000000 1.000000
vn 0.000000 0.000000 -1.000000
vn 0.000000 0.000000 -1.000000
vn 0.000000 0.000000 -1.000000
vn 0.000000 0.000000 -1.000000
vn -1.000000 0.000000 0.000000
vn -1.000000 0.000000 0.000000
vn -1.000000 0.000000 0.000000
vn -1.000000 0.000000 0.000000
vn 0.000000 1.000000 0.000000
vn 0.000000 1.000000 0.000000
vn 0.000000 1.000000 0.000000
vn 0.000000 1.000000 0.000000
vn 1.000000 0.000000 0.000000
vn 1.000000 0.000000 0.000000
vn 1.000000 0.000000 0.000000
vn 1.000000 0.000000 0.000000
vn 0.000000 -1.000000 0.000000
vn 0.000000 -1.000000 0.000000
vn 0.000000 -1.000000 0.000000
vn 0.000000 -1.000000 0.000000
vn 0.000000 0.000000 1.000000
vn 0.000000 0.000000 1.000000
vn 0.000000 0.000000 1.000000
vn 0.000000 0.000000 1.000000
vn 0.000000 0.000000 -1.000000
vn 0.000000 0.000000 -1.000000
vn 0.000000 0.000000 -1.000000
vn 0.000000 0.000000 -1.000000
vn -1.000000 0.000000 0.000000
vn -1.000000 0.000000 0.000000
vn -1.000000 0.000000 0.000000
vn -1.000000 0.000000 0.000000
vn 0.000000 1.000000 0.000000
vn 0.000000 1.000000 0.000000
vn 0.000000 1.000000 0.000000
vn 0.000000 1.000000 0.000000
vn 1.000000 0.000000 0.000000
vn 1.000000 0.000000 0.000000
vn 1.000000 0.000000 0.000000
vn 1.000000 0.000000 0.000000
vn 0.000000 -1.000000 0.000000
vn 0.000000 -1.000000 0.000000
vn 0.000000 -1.000000 0.000000
vn 0.000000 -1.000000 0.000000
vn 0.000000 0.000000 1.000000
vn 0.000000 0.000000 1.000000
vn 0.000000 0.000000 1.000000
vn 0.000000 0.000000 1.000000
vn 0.000000 0.000000 -1.000000
vn 0.000000 0.000000 -1.000000
vn 0.000000 0.000000 -1.000000
vn 0.000000 0.000000 -1.000000
vn -1.000000 0.000000 0.000000
vn -1.000000 0.000000 0.000000
vn -1.000000 0.000000 0.000000
vn -1.000000 0.000000 0.000000
vn 0.000000 1.000000 0.000000
vn 0.000000 1.000000 0.000000
vn 0.000000 1.000000 0.000000
vn 0.000000 1.000000 0.000000
vn 1.000000 0.000000 0.000000
vn 1.000000 0.000000 0.000000
vn 1.000000 0.000000 0.000000
vn 1.000000 0.000000 0.000000
vn 0.000000 -1.000000 0.000000
vn 0.000000 -1.000000 0.000000
vn 0.000000 -1.000000 0.000000
vn 0.000000 -1.000000 0.000000
vn 0.000000 0.000000 1.000000
vn 0.000000 0.000000 1.000000
vn 0.000000 0.000000 1.000000
vn 0.000000 0.000000 1.000000
vn 0.000000 0.000000 -1.000000
vn 0.000000 0.000000 -1.000000
vn 0.000000 0.000000 -1.000000
vn 0.000000 0.000000 -1.000000
vn 0.000000 0.000000 1.000000
vn 0.000000 0.000000 1.000000
vn 0.000000 0.000000 1.000000
vn 0.000000 0.000000 1.000000
vn 0.000000 1.000000 0.000000
vn 0.000000 1.000000 0.000000
vn 0.000000 1.000000 0.000000
vn 0.000000 1.000000 0.000000
vn 0.000000 0.000000 -1.000000
vn 0.000000 0.000000 -1.000000
vn 0.000000 0.000000 -1.000000
vn 0.000000 0.000000 -1.000000
vn 0.000000 -1.000000 0.000000
vn 0.000000 -1.000000 0.000000
vn 0.000000 -1.000000 0.000000
vn 0.000000 -1.000000 0.000000
vn 1.000000 0.000000 0.000000
vn 1.000000 0.000000 0.000000
vn 1.000000 0.000000 0.000000
vn 1.000000 0.000000 0.000000
vn -1.000000 0.000000 0.000000
vn -1.000000 0.000000 0.000000
vn -1.000000 0.000000 0.000000
vn -1.000000 0.000000 0.000000
vn -1.000000 0.000000 0.000000
vn -1.000000 0.000000 0.000000
vn -1.000000 0.000000 0.000000
vn -1.000000 0.000000 0.000000
vn 0.000000 1.000000 0.000000
vn 0.000000 1.000000 0.000000
vn 0.000000 1.000000 0.000000
vn 0.000000 1.000000 0.000000
vn 1.000000 0.000000 0.000000
vn 1.000000 0.000000 0.000000
vn 1.000000 0.000000 0.000000
vn 1.000000 0.000000 0.000000
vn 0.000000 -1.000000 0.000000
vn 0.000000 -1.000000 0.000000
vn 0.000000 -1.000000 0.000000
vn 0.000000 -1.000000 0.000000
vn 0.000000 0.000000 1.000000
vn 0.000000 0.000000 1.000000
vn 0.000000 0.000000 1.000000
vn 0.000000 0.000000 1.000000
vn 0.000000 0.000000 -1.000000
vn 0.000000 0.000000 -1.000000
vn 0.000000 0.000000 -1.000000
vn 0.000000 0.000000 -1.000000
vn -1.000000 0.000000 0.000000
vn -1.000000 0.000000 0.000000
vn -1.000000 0.000000 0.000000
vn -1.000000 0.000000 0.000000
vn 0.000000 1.000000 0.000000
vn 0.000000 1.000000 0.000000
vn 0.000000 1.000000 0.000000
vn 0.000000 1.000000 0.000000
vn 1.000000 0.000000 0.000000
vn 1.000000 0.000000 0.000000
vn 1.000000 0.000000 0.000000
vn 1.000000 0.000000 0.000000
vn 0.000000 -1.000000 0.000000
vn 0.000000 -1.000000 0.000000
vn 0.000000 -1.000000 0.000000
vn 0.000000 -1.000000 0.000000
vn 0.000000 0.000000 1.000000
vn 0.000000 0.000000 1.000000
vn 0.000000 0.000000 1.000000
vn 0.000000 0.000000 1.000000
vn 0.000000 0.000000 -1.000000
vn 0.000000 0.000000 -1.000000
vn 0.000000 0.000000 -1.000000
vn 0.000000 0.000000 -1.000000
vn 0.000000 0.000000 1.000000
vn 0.000000 0.000000 1.000000
vn 0.000000 0.000000 1.000000
vn 0.000000 0.000000 1.000000
vn 0.000000 1.000000 0.000000
vn 0.000000 1.000000 0.000000
vn 0.000000 1.000000 0.000000
vn 0.000000 1.000000 0.000000
vn 0.000000 0.000000 -1.000000
vn 0.000000 0.000000 -1.000000
vn 0.000000 0.000000 -1.000000
vn 0.000000 0.000000 -1.000000
vn 0.000000 -1.000000 0.000000
vn 0.000000 -1.000000 0.000000
vn 0.000000 -1.000000 0.000000
vn 0.000000 -1.000000 0.000000
vn 1.000000 0.000000 0.000000
vn 1.000000 0.000000 0.000000
vn 1.000000 0.000000 0.000000
vn 1.000000 0.000000 0.000000
vn -1.000000 0.000000 0.000000
vn -1.000000 0.000000 0.000000
vn -1.000000 0.000000 0.000000
vn -1.000000 0.000000 0.000000
vn -1.000000 0.000000 0.000000
vn -1.000000 0.000000 0.000000
vn -1.000000 0.000000 0.000000
vn -1.000000 0.000000 0.000000
vn 0.000000 1.000000 0.000000
vn 0.000000 1.000000 0.000000
vn 0.000000 1.000000 0.000000
vn 0.000000 1.000000 0.000000
vn 1.000000 0.000000 0.000000
vn 1.000000 0.000000 0.000000
vn 1.000000 0.000000 0.000000
vn 1.000000 0.000000 0.000000
vn 0.000000 -1.000000 0.000000
vn 0.000000 -1.000000 0.000000
vn 0.000000 -1.000000 0.000000
vn 0.000000 -1.000000 0.000000
vn 0.000000 0.000000 1.000000
vn 0.000000 0.000000 1.000000
vn 0.000000 0.000000 1.000000
vn 0.000000 0.000000 1.000000
vn 0.000000 0.000000 -1.000000
vn 0.000000 0.000000 -1.000000
vn 0.000000 0.000000 -1.000000
vn 0.000000 0.000000 -1.000000
vn 0.000000 0.000000 1.000000
vn 0.000000 0.000000 1.000000
vn 0.000000 0.000000 1.000000
vn 0.000000 0.000000 1.000000
vn 0.000000 1.000000 0.000000
vn 0.000000 1.000000 0.000000
vn 0.000000 1.000000 0.000000
vn 0.000000 1.000000 0.000000
vn 0.000000 0.000000 -1.000000
vn 0.000000 0.000000 -1.000000
vn 0.000000 0.000000 -1.000000
vn 0.000000 0.000000 -1.000000
vn 0.000000 -1.000000 0.000000
vn 0.000000 -1.000000 0.000000
vn 0.000000 -1.000000 0.000000
vn 0.000000 -1.000000 0.000000
vn 1.000000 0.000000 0.000000
vn 1.000000 0.000000 0.000000
vn 1.000000 0.000000 0.000000
vn 1.000000 0.000000 0.000000
vn -1.000000 0.000000 0.000000
vn -1.000000 0.000000 0.000000
vn -1.000000 0.000000 0.000000
vn -1.000000 0.000000 0.000000
vn -1.000000 0.000000 0.000000
vn -1.000000 0.000000 0.000000
vn -1.000000 0.000000 0.000000
vn -1.000000 0.000000 0.000000
vn 0.000000 1.000000 0.000000
vn 0.000000 1.000000 0.000000
vn 0.000000 1.000000 0.000000
vn 0.000000 1.000000 0.000000
vn 1.000000 0.000000 0.000000
vn 1.000000 0.000000 0.000000
vn 1.000000 0.000000 0.000000
vn 1.000000 0.000000 0.000000
vn 0.000000 -1.000000 0.000000
vn 0.000000 -1.000000 0.000000
vn 0.000000 -1.000000 0.000000
vn 0.000000 -1.000000 0.000000
vn 0.000000 0.000000 1.000000
vn 0.000000 0.000000 1.000000
vn 0.000000 0.000000 1.000000
vn 0.000000 0.000000 1.000000
vn 0.000000 0.000000 -1.000000
vn 0.000000 0.000000 -1.000000
vn 0.000000 0.000000 -1.000000
vn 0.000000 0.000000 -1.000000
vn 0.000000 0.000000 1.000000
vn 0.000000 0.000000 1.000000
vn 0.000000 0.000000 1.000000
vn 0.000000 0.000000 1.000000
vn 0.000000 1.000000 0.000000
vn 0.000000 1.000000 0.000000
vn 0.000000 1.000000 0.000000
vn 0.000000 1.000000 0.000000
vn 0.000000 0.000000 -1.000000
vn 0.000000 0.000000 -1.000000
vn 0.000000 0.000000 -1.000000
vn 0.000000 0.000000 -1.000000
vn 0.000000 -1.000000 0.000000
vn 0.000000 -1.000000 0.000000
vn 0.000000 -1.000000 0.000000
vn 0.000000 -1.000000 0.000000
vn 1.000000 0.000000 0.000000
vn 1.000000 0.000000 0.000000
vn 1.000000 0.000000 0.000000
vn 1.000000 0.000000 0.000000
vn -1.000000 0.000000 0.000000
vn -1.000000 0.000000 0.000000
vn -1.000000 0.000000 0.000000
vn -1.000000 0.000000 0.000000
vn -1.000000 0.000000 0.000000
vn -1.000000 0.000000 0.000000
vn -1.000000 0.000000 0.000000
vn -1.000000 0.000000 0.000000
vn 0.000000 1.000000 0.000000
vn 0.000000 1.000000 0.000000
vn 0.000000 1.000000 0.000000
vn 0.000000 1.000000 0.000000
vn 1.000000 0.000000 0.000000
vn 1.000000 0.000000 0.000000
vn 1.000000 0.000000 0.000000
vn 1.000000 0.000000 0.000000
vn 0.000000 -1.000000 0.000000
vn 0.000000 -1.000000 0.000000
vn 0.000000 -1.000000 0.000000
vn 0.000000 -1.000000 0.000000
vn 0.000000 0.000000 1.000000
vn 0.000000 0.000000 1.000000
vn 0.000000 0.000000 1.000000
vn 0.000000 0.000000 1.000000
vn 0.000000 0.000000 -1.000000
vn 0.000000 0.000000 -1.000000
vn 0.000000 0.000000 -1.000000
vn 0.000000 0.000000 -1.000000
vn -1.000000 0.000000 0.000000
vn -1.000000 0.000000 0.000000
vn -1.000000 0.000000 0.000000
vn -1.000000 0.000000 0.000000
vn 0.000000 1.000000 0.000000
vn 0.000000 1.000000 0.000000
vn 0.000000 1.000000 0.000000
vn 0.000000 1.000000 0.000000
vn 1.000000 0.000000 0.000000
vn 1.000000 0.000000 0.000000
vn 1.000000 0.000000 0.000000
vn 1.000000 0.000000 0.000000
vn 0.000000 -1.000000 0.000000
vn 0.000000 -1.000000 0.000000
vn 0.000000 -1.000000 0.000000
vn 0.000000 -1.000000 0.000000
vn 0.000000 0.000000 1.000000
vn 0.000000 0.000000 1.000000
vn 0.000000 0.000000 1.000000
vn 0.000000 0.000000 1.000000
vn 0.000000 0.000000 -1.000000
vn 0.000000 0.000000 -1.000000
vn 0.000000 0.000000 -1.000000
vn 0.000000 0.000000 -1.000000
vn -1.000000 0.000000 0.000000
vn -1.000000 0.000000 0.000000
vn -1.000000 0.000000 0.000000
vn -1.000000 0.000000 0.000000
vn 0.000000 1.000000 0.000000
vn 0.000000 1.000000 0.000000
vn 0.000000 1.000000 0.000000
vn 0.000000 1.000000 0.000000
vn 1.000000 0.000000 0.000000
vn 1.000000 0.000000 0.000000
vn 1.000000 0.000000 0.000000
vn 1.000000 0.000000 0.000000
vn 0.000000 -1.000000 0.000000
vn 0.000000 -1.000000 0.000000
vn 0.000000 -1.000000 0.000000
vn 0.000000 -1.000000 0.000000
vn 0.000000 0.000000 1.000000
vn 0.000000 0.000000 1.000000
vn 0.000000 0.000000 1.000000
vn 0.000000 0.000000 1.000000
vn 0.000000 0.000000 -1.000000
vn 0.000000 0.000000 -1.000000
vn 0.000000 0.000000 -1.000000
vn 0.000000 0.000000 -1.000000
vn -1.000000 0.000000 0.000000
vn -1.000000 0.000000 0.000000
vn -1.000000 0.000000 0.000000
vn -1.000000 0.000000 0.000000
vn 0.000000 1.000000 0.000000
vn 0.000000 1.000000 0.000000
vn 0.000000 1.000000 0.000000
vn 0.000000 1.000000 0.000000
vn 1.000000 0.000000 0.000000
vn 1.000000 0.000000 0.000000
vn 1.000000 0.000000 0.000000
vn 1.000000 0.000000 0.000000
vn 0.000000 -1.000000 0.000000
vn 0.000000 -1.000000 0.000000
vn 0.000000 -1.000000 0.000000
vn 0.000000 -1.000000 0.000000
vn 0.000000 0.000000 1.000000
vn 0.000000 0.000000 1.000000
vn 0.000000 0.000000 1.000000
vn 0.000000 0.000000 1.000000
vn 0.000000 0.000000 -1.000000
vn 0.000000 0.000000 -1.000000
vn 0.000000 0.000000 -1.000000
vn 0.000000 0.000000 -1.000000
vn 0.000000 0.000000 1.000000
vn 0.000000 0.000000 1.000000
vn 0.000000 0.000000 1.000000
vn 0.000000 0.000000 1.000000
vn 0.000000 1.000000 0.000000
vn 0.000000 1.000000 0.000000
vn 0.000000 1.000000 0.000000
vn 0.000000 1.000000 0.000000
vn 0.000000 0.000000 -1.000000
vn 0.000000 0.000000 -1.000000
vn 0.000000 0.000000 -1.000000
vn 0.000000 0.000000 -1.000000
vn 0.000000 -1.000000 0.000000
vn 0.000000 -1.000000 0.000000
vn 0.000000 -1.000000 0.000000
vn 0.000000 -1.000000 0.000000
vn 1.000000 0.000000 0.000000
vn 1.000000 0.000000 0.000000
vn 1.000000 0.000000 0.000000
vn 1.000000 0.000000 0.000000
vn -1.000000 0.000000 0.000000
vn -1.000000 0.000000 0.000000
vn -1.000000 0.000000 0.000000
vn -1.000000 0.000000 0.000000
vn -1.000000 0.000000 0.000000
vn -1.000000 0.000000 0.000000
vn -1.000000 0.000000 0.000000
vn -1.000000 0.000000 0.000000
vn 0.000000 1.000000 0.000000
vn 0.000000 1.000000 0.000000
vn 0.000000 1.000000 0.000000
vn 0.000000 1.000000 0.000000
vn 1.000000 0.000000 0.000000
vn 1.000000 0.000000 0.000000
vn 1.000000 0.000000 0.000000
vn 1.000000 0.000000 0.000000
vn 0.000000 -1.000000 0.000000
vn 0.000000 -1.000000 0.000000
vn 0.000000 -1.000000 0.000000
vn 0.000000 -1.000000 0.000000
vn 0.000000 0.000000 1.000000
vn 0.000000 0.000000 1.000000
vn 0.000000 0.000000 1.000000
vn 0.000000 0.000000 1.000000
vn 0.000000 0.000000 -1.000000
vn 0.000000 0.000000 -1.000000
vn 0.000000 0.000000 -1.000000
vn 0.000000 0.000000 -1.000000
vn -1.000000 0.000000 0.000000
vn -1.000000 0.000000 0.000000
vn -1.000000 0.000000 0.000000
vn -1.000000 0.000000 0.000000
vn 0.000000 1.000000 0.000000
vn 0.000000 1.000000 0.000000
vn 0.000000 1.000000 0.000000
vn 0.000000 1.000000 0.000000
vn 1.000000 0.000000 0.000000
vn 1.000000 0.000000 0.000000
vn 1.000000 0.000000 0.000000
vn 1.000000 0.000000 0.000000
vn 0.000000 -1.000000 0.000000
vn 0.000000 -1.000000 0.000000
vn 0.000000 -1.000000 0.000000
vn 0.000000 -1.000000 0.000000
vn 0.000000 0.000000 1.000000
vn 0.000000 0.000000 1.000000
vn 0.000000 0.000000 1.000000
vn 0.000000 0.000000 1.000000
vn 0.000000 0.000000 -1.000000
vn 0.000000 0.000000 -1.000000
vn 0.000000 0.000000 -1.000000
vn 0.000000 0.000000 -1.000000
vn 0.000000 0.000000 1.000000
vn 0.000000 0.000000 1.000000
vn 0.000000 0.000000 1.000000
vn 0.000000 0.000000 1.000000
vn 0.000000 1.000000 0.000000
vn 0.000000 1.000000 0.000000
vn 0.000000 1.000000 0.000000
vn 0.000000 1.000000 0.000000
vn 0.000000 0.000000 -1.000000
vn 0.000000 0.000000 -1.000000
vn 0.000000 0.000000 -1.000000
vn 0.000000 0.000000 -1.000000
vn 0.000000 -1.000000 0.000000
vn 0.000000 -1.000000 0.000000
vn 0.000000 -1.000000 0.000000
vn 0.000000 -1.000000 0.000000
vn 1.000000 0.000000 0.000000
vn 1.000000 0.000000 0.000000
vn 1.000000 0.000000 0.000000
vn 1.000000 0.000000 0.000000
vn -1.000000 0.000000 0.000000
vn -1.000000 0.000000 0.000000
vn -1.000000 0.000000 0.000000
vn -1.000000 0.000000 0.000000
vn -1.000000 0.000000 0.000000
vn -1.000000 0.000000 0.000000
vn -1.000000 0.000000 0.000000
vn -1.000000 0.000000 0.000000
vn 0.000000 1.000000 0.000000
vn 0.000000 1.000000 0.000000
vn 0.000000 1.000000 0.000000
vn 0.000000 1.000000 0.000000
vn 1.000000 0.000000 0.000000
vn 1.000000 0.000000 0.000000
vn 1.000000 0.000000 0.000000
vn 1.000000 0.000000 0.000000
vn 0.000000 -1.000000 0.000000
vn 0.000000 -1.000000 0.000000
vn 0.000000 -1.000000 0.000000
vn 0.000000 -1.000000 0.000000
vn 0.000000 0.000000 1.000000
vn 0.000000 0.000000 1.000000
vn 0.000000 0.000000 1.000000
vn 0.000000 0.000000 1.000000
vn 0.000000 0.000000 -1.000000
vn 0.000000 0.000000 -1.000000
vn 0.000000 0.000000 -1.000000
vn 0.000000 0.000000 -1.000000
vn -1.000000 0.000000 0.000000
vn -1.000000 0.000000 0.000000
vn -1.000000 0.000000 0.000000
vn -1.000000 0.000000 0.000000
vn 0.000000 1.000000 0.000000
vn 0.000000 1.000000 0.000000
vn 0.000000 1.000000 0.000000
vn 0.000000 1.000000 0.000000
vn 1.000000 0.000000 0.000000
vn 1.000000 0.000000 0.000000
vn 1.000000 0.000000 0.000000
vn 1.000000 0.000000 0.000000
vn 0.000000 -1.000000 0.000000
vn 0.000000 -1.000000 0.000000
vn 0.000000 -1.000000 0.000000
vn 0.000000 -1.000000 0.000000
vn 0.000000 0.000000 1.000000
vn 0.000000 0.000000 1.000000
vn 0.000000 0.000000 1.000000
vn 0.000000 0.000000 1.000000
vn 0.000000 0.000000 -1.000000
vn 0.000000 0.000000 -1.000000
vn 0.000000 0.000000 -1.000000
vn 0.000000 0.000000 -1.000000
vn 0.000000 0.000000 1.000000
vn 0.000000 0.000000 1.000000
vn 0.000000 0.000000 1.000000
vn 0.000000 0.000000 1.000000
vn 0.000000 1.000000 0.000000
vn 0.000000 1.000000 0.000000
vn 0.000000 1.000000 0.000000
vn 0.000000 1.000000 0.000000
vn 0.000000 0.000000 -1.000000
vn 0.000000 0.000000 -1.000000
vn 0.000000 0.000000 -1.000000
vn 0.000000 0.000000 -1.000000
vn 0.000000 -1.000000 0.000000
vn 0.000000 -1.000000 0.000000
vn 0.000000 -1.000000 0.000000
vn 0.000000 -1.000000 0.000000
vn 1.000000 0.000000 0.000000
vn 1.000000 0.000000 0.000000
vn 1.000000 0.000000 0.000000
vn 1.000000 0.000000 0.000000
vn -1.000000 0.000000 0.000000
vn -1.000000 0.000000 0.000000
vn -1.000000 0.000000 0.000000
vn -1.000000 0.000000 0.000000
vn 0.000000 0.000000 1.000000
vn 0.000000 0.000000 1.000000
vn 0.000000 0.000000 1.000000
vn 0.000000 0.000000 1.000000
vn 0.000000 1.000000 0.000000
vn 0.000000 1.000000 0.000000
vn 0.000000 1.000000 0.000000
vn 0.000000 1.000000 0.000000
vn 0.000000 0.000000 -1.000000
vn 0.000000 0.000000 -1.000000
vn 0.000000 0.000000 -1.000000
vn 0.000000 0.000000 -1.000000
vn 0.000000 -1.000000 0.000000
vn 0.000000 -1.000000 0.000000
vn 0.000000 -1.000000 0.000000
vn 0.000000 -1.000000 0.000000
vn 1.000000 0.000000 0.000000
vn 1.000000 0.000000 0.000000
vn 1.000000 0.000000 0.000000
vn 1.000000 0.000000 0.000000
vn -1.000000 0.000000 0.000000
vn -1.000000 0.000000 0.000000
vn -1.000000 0.000000 0.000000
vn -1.000000 0.000000 0.000000
vn 0.000000 0.000000 1.000000
vn 0.000000 0.000000 1.000000
vn 0.000000 0.000000 1.000000
vn 0.000000 0.000000 1.000000
vn 0.000000 1.000000 0.000000
vn 0.000000 1.000000 0.000000
vn 0.000000 1.000000 0.000000
vn 0.000000 1.000000 0.000000
vn 0.000000 0.000000 -1.000000
vn 0.000000 0.000000 -1.000000
vn 0.000000 0.000000 -1.000000
vn 0.000000 0.000000 -1.000000
vn 0.000000 -1.000000 0.000000
vn 0.000000 -1.000000 0.000000
vn 0.000000 -1.000000 0.000000
vn 0.000000 -1.000000 0.000000
vn 1.000000 0.000000 0.000000
vn 1.000000 0.000000 0.000000
vn 1.000000 0.000000 0.000000
vn 1.000000 0.000000 0.000000
vn -1.000000 0.000000 0.000000
vn -1.000000 0.000000 0.000000
vn -1.000000 0.000000 0.000000
vn -1.000000 0.000000 0.000000
vn 0.000000 0.000000 1.000000
vn 0.000000 0.000000 1.000000
vn 0.000000 0.000000 1.000000
vn 0.000000 0.000000 1.000000
vn 0.000000 1.000000 0.000000
vn 0.000000 1.000000 0.000000
vn 0.000000 1.000000 0.000000
vn 0.000000 1.000000 0.000000
vn 0.000000 0.000000 -1.000000
vn 0.000000 0.000000 -1.000000
vn 0.000000 0.000000 -1.000000
vn 0.000000 0.000000 -1.000000
vn 0.000000 -1.000000 0.000000
vn 0.000000 -1.000000 0.000000
vn 0.000000 -1.000000 0.000000
vn 0.000000 -1.000000 0.000000
vn 1.000000 0.000000 0.000000
vn 1.000000 0.000000 0.000000
vn 1.000000 0.000000 0.000000
vn 1.000000 0.000000 0.000000
vn -1.000000 0.000000 0.000000
vn -1.000000 0.000000 0.000000
vn -1.000000 0.000000 0.000000
vn -1.000000 0.000000 0.000000
vn 0.000000 0.000000 1.000000
vn 0.000000 0.000000 1.000000
vn 0.000000 0.000000 1.000000
vn 0.000000 0.000000 1.000000
vn 0.000000 1.000000 0.000000
vn 0.000000 1.000000 0.000000
vn 0.000000 1.000000 0.000000
vn 0.000000 1.000000 0.000000
vn 0.000000 0.000000 -1.000000
vn 0.000000 0.000000 -1.000000
vn 0.000000 0.000000 -1.000000
vn 0.000000 0.000000 -1.000000
vn 0.000000 -1.000000 0.000000
vn 0.000000 -1.000000 0.000000
vn 0.000000 -1.000000 0.000000
vn 0.000000 -1.000000 0.000000
vn 1.000000 0.000000 0.000000
vn 1.000000 0.000000 0.000000
vn 1.000000 0.000000 0.000000
vn 1.000000 0.000000 0.000000
vn -1.000000 0.000000 0.000000
vn -1.000000 0.000000 0.000000
vn -1.000000 0.000000 0.000000
vn -1.000000 0.000000 0.000000
vn 0.000000 0.000000 1.000000
vn 0.000000 0.000000 1.000000
vn 0.000000 0.000000 1.000000
vn 0.000000 0.000000 1.000000
vn 0.000000 1.000000 0.000000
vn 0.000000 1.000000 0.000000
vn 0.000000 1.000000 0.000000
vn 0.000000 1.000000 0.000000
vn 0.000000 0.000000 -1.000000
vn 0.000000 0.000000 -1.000000
vn 0.000000 0.000000 -1.000000
vn 0.000000 0.000000 -1.000000
vn 0.000000 -1.000000 0.000000
vn 0.000000 -1.000000 0.000000
vn 0.000000 -1.000000 0.000000
vn 0.000000 -1.000000 0.000000
vn 1.000000 0.000000 0.000000
vn 1.000000 0.000000 0.000000
vn 1.000000 0.000000 0.000000
vn 1.000000 0.000000 0.000000
vn -1.000000 0.000000 0.000000
vn -1.000000 0.000000 0.000000
vn -1.000000 0.000000 0.000000
vn -1.000000 0.000000 0.000000
vn 0.000000 0.000000 1.000000
vn 0.000000 0.000000 1.000000
vn 0.000000 0.000000 1.000000
vn 0.000000 0.000000 1.000000
vn 0.000000 1.000000 0.000000
vn 0.000000 1.000000 0.000000
vn 0.000000 1.000000 0.000000
vn 0.000000 1.000000 0.000000
vn 0.000000 0.000000 -1.000000
vn 0.000000 0.000000 -1.000000
vn 0.000000 0.000000 -1.000000
vn 0.000000 0.000000 -1.000000
vn 0.000000 -1.000000 0.000000
vn 0.000000 -1.000000 0.000000
vn 0.000000 -1.000000 0.000000
vn 0.000000 -1.000000 0.000000
vn 1.000000 0.000000 0.000000
vn 1.000000 0.000000 0.000000
vn 1.000000 0.000000 0.000000
vn 1.000000 0.000000 0.000000
vn -1.000000 0.000000 0.000000
vn -1.000000 0.000000 0.000000
vn -1.000000 0.000000 0.000000
vn -1.000000 0.000000 0.000000
vn 0.000000 0.000000 1.000000
vn 0.000000 0.000000 1.000000
vn 0.000000 0.000000 1.000000
vn 0.000000 0.000000 1.000000
vn 0.000000 1.000000 0.000000
vn 0.000000 1.000000 0.000000
vn 0.000000 1.000000 0.000000
vn 0.000000 1.000000 0.000000
vn 0.000000 0.000000 -1.000000
vn 0.000000 0.000000 -1.000000
vn 0.000000 0.000000 -1.000000
vn 0.000000 0.000000 -1.000000
vn 0.000000 -1.000000 0.000000
vn 0.000000 -1.000000 0.000000
vn 0.000000 -1.000000 0.000000
vn 0.000000 -1.000000 0.000000
vn 1.000000 0.000000 0.000000
vn 1.000000 0.000000 0.000000
vn 1.000000 0.000000 0.000000
vn 1.000000 0.000000 0.000000
vn -1.000000 0.000000 0.000000
vn -1.000000 0.000000 0.000000
vn -1.000000 0.000000 0.000000
vn -1.000000 0.000000 0.000000
vn 0.000000 0.000000 1.000000
vn 0.000000 0.000000 1.000000
vn 0.000000 0.000000 1.000000
vn 0.000000 0.000000 1.000000
vn 0.000000 1.000000 0.000000
vn 0.000000 1.000000 0.000000
vn 0.000000 1.000000 0.000000
vn 0.000000 1.000000 0.000000
vn 0.000000 0.000000 -1.000000
vn 0.000000 0.000000 -1.000000
vn 0.000000 0.000000 -1.000000
vn 0.000000 0.000000 -1.000000
vn 0.000000 -1.000000 0.000000
vn 0.000000 -1.000000 0.000000
vn 0.000000 -1.000000 0.000000
vn 0.000000 -1.000000 0.000000
vn 1.000000 0.000000 0.000000
vn 1.000000 0.000000 0.000000
vn 1.000000 0.000000 0.000000
vn 1.000000 0.000000 0.000000
vn -1.000000 0.000000 0.000000
vn -1.000000 0.000000 0.000000
vn -1.000000 0.000000 0.000000
vn -1.000000 0.000000 0.000000
vn 0.000000 0.000000 1.000000
vn 0.000000 0.000000 1.000000
vn 0.000000 0.000000 1.000000
vn 0.000000 0.000000 1.000000
vn 0.000000 1.000000 0.000000
vn 0.000000 1.000000 0.000000
vn 0.000000 1.000000 0.000000
vn 0.000000 1.000000 0.000000
vn 0.000000 0.000000 -1.000000
vn 0.000000 0.000000 -1.000000
vn 0.000000 0.000000 -1.000000
vn 0.000000 0.000000 -1.000000
vn 0.000000 -1.000000 0.000000
vn 0.000000 -1.000000 0.000000
vn 0.000000 -1.000000 0.000000
vn 0.000000 -1.000000 0.000000
vn 1.000000 0.000000 0.000000
vn 1.000000 0.000000 0.000000
vn 1.000000 0.000000 0.000000
vn 1.000000 0.000000 0.000000
vn -1.000000 0.000000 0.000000
vn -1.000000 0.000000 0.000000
vn -1.000000 0.000000 0.000000
vn -1.000000 0.000000 0.000000
vn 0.000000 0.000000 1.000000
vn 0.000000 0.000000 1.000000
vn 0.000000 0.000000 1.000000
vn 0.000000 0.000000 1.000000
vn 0.000000 1.000000 0.000000
vn 0.000000 1.000000 0.000000
vn 0.000000 1.000000 0.000000
vn 0.000000 1.000000 0.000000
vn 0.000000 0.000000 -1.000000
vn 0.000000 0.000000 -1.000000
vn 0.000000 0.000000 -1.000000
vn 0.000000 0.000000 -1.000000
vn 0.000000 -1.000000 0.000000
vn 0.000000 -1.000000 0.000000
vn 0.000000 -1.000000 0.000000
vn 0.000000 -1.000000 0.000000
vn 1.000000 0.000000 0.000000
vn 1.000000 0.000000 0.000000
vn 1.000000 0.000000 0.000000
vn 1.000000 0.000000 0.000000
vn -1.000000 0.000000 0.000000
vn -1.000000 0.000000 0.000000
vn -1.000000 0.000000 0.000000
vn -1.000000 0.000000 0.000000
vn -1.000000 0.000000 0.000000
vn -1.000000 0.000000 0.000000
vn -1.000000 0.000000 0.000000
vn -1.000000 0.000000 0.000000
vn 0.000000 1.000000 0.000000
vn 0.000000 1.000000 0.000000
vn 0.000000 1.000000 0.000000
vn 0.000000 1.000000 0.000000
vn 1.000000 0.000000 0.000000
vn 1.000000 0.000000 0.000000
vn 1.000000 0.000000 0.000000
vn 1.000000 0.000000 0.000000
vn 0.000000 -1.000000 0.000000
vn 0.000000 -1.000000 0.000000
vn 0.000000 -1.000000 0.000000
vn 0.000000 -1.000000 0.000000
vn 0.000000 0.000000 1.000000
vn 0.000000 0.000000 1.000000
vn 0.000000 0.000000 1.000000
vn 0.000000 0.000000 1.000000
vn 0.000000 0.000000 -1.000000
vn 0.000000 0.000000 -1.000000
vn 0.000000 0.000000 -1.000000
vn 0.000000 0.000000 -1.000000
vn 0.000000 0.000000 1.000000
vn 0.000000 0.000000 1.000000
vn 0.000000 0.000000 1.000000
vn 0.000000 0.000000 1.000000
vn 0.000000 1.000000 0.000000
vn 0.000000 1.000000 0.000000
vn 0.000000 1.000000 0.000000
vn 0.000000 1.000000 0.000000
vn 0.000000 0.000000 -1.000000
vn 0.000000 0.000000 -1.000000
vn 0.000000 0.000000 -1.000000
vn 0.000000 0.000000 -1.000000
vn 0.000000 -1.000000 0.000000
vn 0.000000 -1.000000 0.000000
vn 0.000000 -1.000000 0.000000
vn 0.000000 -1.000000 0.000000
vn 1.000000 0.000000 0.000000
vn 1.000000 0.000000 0.000000
vn 1.000000 0.000000 0.000000
vn 1.000000 0.000000 0.000000
vn -1.000000 0.000000 0.000000
vn -1.000000 0.000000 0.000000
vn -1.000000 0.000000 0.000000
vn -1.000000 0.000000 0.000000
vn 0.000000 0.000000 1.000000
vn 0.000000 0.000000 1.000000
vn 0.000000 0.000000 1.000000
vn 0.000000 0.000000 1.000000
vn 0.000000 1.000000 0.000000
vn 0.000000 1.000000 0.000000
vn 0.000000 1.000000 0.000000
vn 0.000000 1.000000 0.000000
vn 0.000000 0.000000 -1.000000
vn 0.000000 0.000000 -1.000000
vn 0.000000 0.000000 -1.000000
vn 0.000000 0.000000 -1.000000
vn 0.000000 -1.000000 0.000000
vn 0.000000 -1.000000 0.000000
vn 0.000000 -1.000000 0.000000
vn 0.000000 -1.000000 0.000000
vn 1.000000 0.000000 0.000000
vn 1.000000 0.000000 0.000000
vn 1.000000 0.000000 0.000000
vn 1.000000 0.000000 0.000000
vn -1.000000 0.000000 0.000000
vn -1.000000 0.000000 0.000000
vn -1.000000 0.000000 0.000000
vn -1.000000 0.000000 0.000000
vn 0.000000 0.000000 1.000000
vn 0.000000 0.000000 1.000000
vn 0.000000 0.000000 1.000000
vn 0.000000 0.000000 1.000000
vn 0.000000 1.000000 0.000000
vn 0.000000 1.000000 0.000000
vn 0.000000 1.000000 0.000000
vn 0.000000 1.000000 0.000000
vn 0.000000 0.000000 -1.000000
vn 0.000000 0.000000 -1.000000
vn 0.000000 0.000000 -1.000000
vn 0.000000 0.000000 -1.000000
vn 0.000000 -1.000000 0.000000
vn 0.000000 -1.000000 0.000000
vn 0.000000 -1.000000 0.000000
vn 0.000000 -1.000000 0.000000
vn 1.000000 0.000000 0.000000
vn 1.000000 0.000000 0.000000
vn 1.000000 0.000000 0.000000
vn 1.000000 0.000000 0.000000
vn -1.000000 0.000000 0.000000
vn -1.000000 0.000000 0.000000
vn -1.000000 0.000000 0.000000
vn -1.000000 0.000000 0.000000
vn 0.000000 0.000000 1.000000
vn 0.000000 0.000000 1.000000
vn 0.000000 0.000000 1.000000
vn 0.000000 0.000000 1.000000
vn 0.000000 1.000000 0.000000
vn 0.000000 1.000000 0.000000
vn 0.000000 1.000000 0.000000
vn 0.000000 1.000000 0.000000
vn 0.000000 0.000000 -1.000000
vn 0.000000 0.000000 -1.000000
vn 0.000000 0.000000 -1.000000
vn 0.000000 0.000000 -1.000000
vn 0.000000 -1.000000 0.000000
vn 0.000000 -1.000000 0.000000
vn 0.000000 -1.000000 0.000000
vn 0.000000 -1.000000 0.000000
vn 1.000000 0.000000 0.000000
vn 1.000000 0.000000 0.000000
vn 1.000000 0.000000 0.000000
vn 1.000000 0.000000 0.000000
vn -1.000000 0.000000 0.000000
vn -1.000000 0.000000 0.000000
vn -1.000000 0.000000 0.000000
vn -1.000000 0.000000 0.000000
vn 0.000000 0.000000 1.000000
vn 0.000000 0.000000 1.000000
vn 0.000000 0.000000 1.000000
vn 0.000000 0.000000 1.000000
vn 0.000000 1.000000 0.000000
vn 0.000000 1.000000 0.000000
vn 0.000000 1.000000 0.000000
vn 0.000000 1.000000 0.000000
vn 0.000000 0.000000 -1.000000
vn 0.000000 0.000000 -1.000000
vn 0.000000 0.000000 -1.000000
vn 0.000000 0.000000 -1.000000
vn 0.000000 -1.000000 0.000000
vn 0.000000 -1.000000 0.000000
vn 0.000000 -1.000000 0.000000
vn 0.000000 -1.000000 0.000000
vn 1.000000 0.000000 0.000000
vn 1.000000 0.000000 0.000000
vn 1.000000 0.000000 0.000000
vn 1.000000 0.000000 0.000000
vn -1.000000 0.000000 0.000000
vn -1.000000 0.000000 0.000000
vn -1.000000 0.000000 0.000000
vn -1.000000 0.000000 0.000000
vn 0.000000 0.000000 1.000000
vn 0.000000 0.000000 1.000000
vn 0.000000 0.000000 1.000000
vn 0.000000 0.000000 1.000000
vn 0.000000 1.000000 0.000000
vn 0.000000 1.000000 0.000000
vn 0.000000 1.000000 0.000000
vn 0.000000 1.000000 0.000000
vn 0.000000 0.000000 -1.000000
vn 0.000000 0.000000 -1.000000
vn 0.000000 0.000000 -1.000000
vn 0.000000 0.000000 -1.000000
vn 0.000000 -1.000000 0.000000
vn 0.000000 -1.000000 0.000000
vn 0.000000 -1.000000 0.000000
vn 0.000000 -1.000000 0.000000
vn 1.000000 0.000000 0.000000
vn 1.000000 0.000000 0.000000
vn 1.000000 0.000000 0.000000
vn 1.000000 0.000000 0.000000
vn -1.000000 0.000000 0.000000
vn -1.000000 0.000000 0.000000
vn -1.000000 0.000000 0.000000
vn -1.000000 0.000000 0.000000
vn -1.000000 0.000000 0.000000
vn -1.000000 0.000000 0.000000
vn -1.000000 0.000000 0.000000
vn -1.000000 0.000000 0.000000
vn 0.000000 1.000000 0.000000
vn 0.000000 1.000000 0.000000
vn 0.000000 1.000000 0.000000
vn 0.000000 1.000000 0.000000
vn 1.000000 0.000000 0.000000
vn 1.000000 0.000000 0.000000
vn 1.000000 0.000000 0.000000
vn 1.000000 0.000000 0.000000
vn 0.000000 -1.000000 0.000000
vn 0.000000 -1.000000 0.000000
vn 0.000000 -1.000000 0.000000
vn 0.000000 -1.000000 0.000000
vn 0.000000 0.000000 1.000000
vn 0.000000 0.000000 1.000000
vn 0.000000 0.000000 1.000000
vn 0.000000 0.000000 1.000000
vn 0.000000 0.000000 -1.000000
vn 0.000000 0.000000 -1.000000
vn 0.000000 0.000000 -1.000000
vn 0.000000 0.000000 -1.000000
vn -1.000000 0.000000 0.000000
vn -1.000000 0.000000 0.000000
vn -1.000000 0.000000 0.000000
vn -1.000000 0.000000 0.000000
vn 0.000000 1.000000 0.000000
vn 0.000000 1.000000 0.000000
vn 0.000000 1.000000 0.000000
vn 0.000000 1.000000 0.000000
vn 1.000000 0.000000 0.000000
vn 1.000000 0.000000 0.000000
vn 1.000000 0.000000 0.000000
vn 1.000000 0.000000 0.000000
vn 0.000000 -1.000000 0.000000
vn 0.000000 -1.000000 0.000000
vn 0.000000 -1.000000 0.000000
vn 0.000000 -1.000000 0.000000
vn 0.000000 0.000000 1.000000
vn 0.000000 0.000000 1.000000
vn 0.000000 0.000000 1.000000
vn 0.000000 0.000000 1.000000
vn 0.000000 0.000000 -1.000000
vn 0.000000 0.000000 -1.000000
vn 0.000000 0.000000 -1.000000
vn 0.000000 0.000000 -1.000000
vn -1.000000 0.000000 0.000000
vn -1.000000 0.000000 0.000000
vn -1.000000 0.000000 0.000000
vn -1.000000 0.000000 0.000000
vn 0.000000 1.000000 0.000000
vn 0.000000 1.000000 0.000000
vn 0.000000 1.000000 0.000000
vn 0.000000 1.000000 0.000000
vn 1.000000 0.000000 0.000000
vn 1.000000 0.000000 0.000000
vn 1.000000 0.000000 0.000000
vn 1.000000 0.000000 0.000000
vn 0.000000 -1.000000 0.000000
vn 0.000000 -1.000000 0.000000
vn 0.000000 -1.000000 0.000000
vn 0.000000 -1.000000 0.000000
vn 0.000000 0.000000 1.000000
vn 0.000000 0.000000 1.000000
vn 0.000000 0.000000 1.000000
vn 0.000000 0.000000 1.000000
vn 0.000000 0.000000 -1.000000
vn 0.000000 0.000000 -1.000000
vn 0.000000 0.000000 -1.000000
vn 0.000000 0.000000 -1.000000
vn -1.000000 0.000000 0.000000
vn -1.000000 0.000000 0.000000
vn -1.000000 0.000000 0.000000
vn -1.000000 0.000000 0.000000
vn 0.000000 1.000000 0.000000
vn 0.000000 1.000000 0.000000
vn 0.000000 1.000000 0.000000
vn 0.000000 1.000000 0.000000
vn 1.000000 0.000000 0.000000
vn 1.000000 0.000000 0.000000
vn 1.000000 0.000000 0.000000
vn 1.000000 0.000000 0.000000
vn 0.000000 -1.000000 0.000000
vn 0.000000 -1.000000 0.000000
vn 0.000000 -1.000000 0.000000
vn 0.000000 -1.000000 0.000000
vn 0.000000 0.000000 1.000000
vn 0.000000 0.000000 1.000000
vn 0.000000 0.000000 1.000000
vn 0.000000 0.000000 1.000000
vn 0.000000 0.000000 -1.000000
vn 0.000000 0.000000 -1.000000
vn 0.000000 0.000000 -1.000000
vn 0.000000 0.000000 -1.000000
vn -1.000000 0.000000 0.000000
vn -1.000000 0.000000 0.000000
vn -1.000000 0.000000 0.000000
vn -1.000000 0.000000 0.000000
vn 0.000000 1.000000 0.000000
vn 0.000000 1.000000 0.000000
vn 0.000000 1.000000 0.000000
vn 0.000000 1.000000 0.000000
vn 1.000000 0.000000 0.000000
vn 1.000000 0.000000 0.000000
vn 1.000000 0.000000 0.000000
vn 1.000000 0.000000 0.000000
vn 0.000000 -1.000000 0.000000
vn 0.000000 -1.000000 0.000000
vn 0.000000 -1.000000 0.000000
vn 0.000000 -1.000000 0.000000
vn 0.000000 0.000000 1.000000
vn 0.000000 0.000000 1.000000
vn 0.000000 0.000000 1.000000
vn 0.000000 0.000000 1.000000
vn 0.000000 0.000000 -1.000000
vn 0.000000 0.000000 -1.000000
vn 0.000000 0.000000 -1.000000
vn 0.000000 0.000000 -1.000000
vn -1.000000 0.000000 0.000000
vn -1.000000 0.000000 0.000000
vn -1.000000 0.000000 0.000000
vn -1.000000 0.000000 0.000000
vn 0.000000 1.000000 0.000000
vn 0.000000 1.000000 0.000000
vn 0.000000 1.000000 0.000000
vn 0.000000 1.000000 0.000000
vn 1.000000 0.000000 0.000000
vn 1.000000 0.000000 0.000000
vn 1.000000 0.000000 0.000000
vn 1.000000 0.000000 0.000000
vn 0.000000 -1.000000 0.000000
vn 0.000000 -1.000000 0.000000
vn 0.000000 -1.000000 0.000000
vn 0.000000 -1.000000 0.000000
vn 0.000000 0.000000 1.000000
vn 0.000000 0.000000 1.000000
vn 0.000000 0.000000 1.000000
vn 0.000000 0.000000 1.000000
vn 0.000000 0.000000 -1.000000
vn 0.000000 0.000000 -1.000000
vn 0.000000 0.000000 -1.000000
vn 0.000000 0.000000 -1.000000
vn 0.000000 0.000000 1.000000
vn 0.000000 0.000000 1.000000
vn 0.000000 0.000000 1.000000
vn 0.000000 0.000000 1.000000
vn 0.000000 1.000000 0.000000
vn 0.000000 1.000000 0.000000
vn 0.000000 1.000000 0.000000
vn 0.000000 1.000000 0.000000
vn 0.000000 0.000000 -1.000000
vn 0.000000 0.000000 -1.000000
vn 0.000000 0.000000 -1.000000
vn 0.000000 0.000000 -1.000000
vn 0.000000 -1.000000 0.000000
vn 0.000000 -1.000000 0.000000
vn 0.000000 -1.000000 0.000000
vn 0.000000 -1.000000 0.000000
vn 1.000000 0.000000 0.000000
vn 1.000000 0.000000 0.000000
vn 1.000000 0.000000 0.000000
vn 1.000000 0.000000 0.000000
vn -1.000000 0.000000 0.000000
vn -1.000000 0.000000 0.000000
vn -1.000000 0.000000 0.000000
vn -1.000000 0.000000 0.000000
vn 0.000000 0.000000 1.000000
vn 0.000000 0.000000 1.000000
vn 0.000000 0.000000 1.000000
vn 0.000000 0.000000 1.000000
vn 0.000000 1.000000 0.000000
vn 0.000000 1.000000 0.000000
vn 0.000000 1.000000 0.000000
vn 0.000000 1.000000 0.000000
vn 0.000000 0.000000 -1.000000
vn 0.000000 0.000000 -1.000000
vn 0.000000 0.000000 -1.000000
vn 0.000000 0.000000 -1.000000
vn 0.000000 -1.000000 0.000000
vn 0.000000 -1.000000 0.000000
vn 0.000000 -1.000000 0.000000
vn 0.000000 -1.000000 0.000000
vn 1.000000 0.000000 0.000000
vn 1.000000 0.000000 0.000000
vn 1.000000 0.000000 0.000000
vn 1.000000 0.000000 0.000000
vn -1.000000 0.000000 0.000000
vn -1.000000 0.000000 0.000000
vn -1.000000 0.000000 0.000000
vn -1.000000 0.000000 0.000000
vn -1.000000 0.000000 0.000000
vn -1.000000 0.000000 0.000000
vn -1.000000 0.000000 0.000000
vn -1.000000 0.000000 0.000000
vn 0.000000 1.000000 0.000000
vn 0.000000 1.000000 0.000000
vn 0.000000 1.000000 0.000000
vn 0.000000 1.000000 0.000000
vn 1.000000 0.000000 0.000000
vn 1.000000 0.000000 0.000000
vn 1.000000 0.000000 0.000000
vn 1.000000 0.000000 0.000000
vn 0.000000 -1.000000 0.000000
vn 0.000000 -1.000000 0.000000
vn 0.000000 -1.000000 0.000000
vn 0.000000 -1.000000 0.000000
vn 0.000000 0.000000 1.000000
vn 0.000000 0.000000 1.000000
vn 0.000000 0.000000 1.000000
vn 0.000000 0.000000 1.000000
vn 0.000000 0.000000 -1.000000
vn 0.000000 0.000000 -1.000000
vn 0.000000 0.000000 -1.000000
vn 0.000000 0.000000 -1.000000
vn -1.000000 0.000000 0.000000
vn -1.000000 0.000000 0.000000
vn -1.000000 0.000000 0.000000
vn -1.000000 0.000000 0.000000
vn 0.000000 1.000000 0.000000
vn 0.000000 1.000000 0.000000
vn 0.000000 1.000000 0.000000
vn 0.000000 1.000000 0.000000
vn 1.000000 0.000000 0.000000
vn 1.000000 0.000000 0.000000
vn 1.000000 0.000000 0.000000
vn 1.000000 0.000000 0.000000
vn 0.000000 -1.000000 0.000000
vn 0.000000 -1.000000 0.000000
vn 0.000000 -1.000000 0.000000
vn 0.000000 -1.000000 0.000000
vn 0.000000 0.000000 1.000000
vn 0.000000 0.000000 1.000000
vn 0.000000 0.000000 1.000000
vn 0.000000 0.000000 1.000000
vn 0.000000 0.000000 -1.000000
vn 0.000000 0.000000 -1.000000
vn 0.000000 0.000000 -1.000000
vn 0.000000 0.000000 -1.000000
s off
g pasted__Laberinto_1 group
usemtl pasted__standardSurface2SG
f 1/1/1 2/2/2 4/3/3 3/4/4
f 3/425/5 4/426/6 6/427/7 5/428/8
f 5/5/9 6/6/10 8/7/11 7/8/12
f 7/429/13 8/430/14 2/431/15 1/432/16
f 2/849/17 8/850/18 6/851/19 4/852/20
f 7/853/21 1/854/22 3/855/23 5/856/24
f 9/9/25 10/10/26 12/11/27 11/12/28
f 11/433/29 12/434/30 14/435/31 13/436/32
f 13/13/33 14/14/34 16/15/35 15/16/36
f 15/437/37 16/438/38 10/439/39 9/440/40
f 10/857/41 16/858/42 14/859/43 12/860/44
f 15/861/45 9/862/46 11/863/47 13/864/48
f 17/865/49 18/866/50 20/867/51 19/868/52
f 19/441/53 20/442/54 22/443/55 21/444/56
f 21/869/57 22/870/58 24/871/59 23/872/60
f 23/445/61 24/446/62 18/447/63 17/448/64
f 18/17/65 24/18/66 22/19/67 20/20/68
f 23/21/69 17/22/70 19/23/71 21/24/72
f 25/25/73 26/26/74 28/27/75 27/28/76
f 27/449/77 28/450/78 30/451/79 29/452/80
f 29/29/81 30/30/82 32/31/83 31/32/84
f 31/453/85 32/454/86 26/455/87 25/456/88
f 26/873/89 32/874/90 30/875/91 28/876/92
f 31/877/93 25/878/94 27/879/95 29/880/96
f 33/33/97 34/34/98 36/35/99 35/36/100
f 35/457/101 36/458/102 38/459/103 37/460/104
f 37/37/105 38/38/106 40/39/107 39/40/108
f 39/461/109 40/462/110 34/463/111 33/464/112
f 34/881/113 40/882/114 38/883/115 36/884/116
f 39/885/117 33/886/118 35/887/119 37/888/120
f 41/41/121 42/42/122 44/43/123 43/44/124
f 43/465/125 44/466/126 46/467/127 45/468/128
f 45/45/129 46/46/130 48/47/131 47/48/132
f 47/469/133 48/470/134 42/471/135 41/472/136
f 42/889/137 48/890/138 46/891/139 44/892/140
f 47/893/141 41/894/142 43/895/143 45/896/144
f 49/49/145 50/50/146 52/51/147 51/52/148
f 51/473/149 52/474/150 54/475/151 53/476/152
f 53/53/153 54/54/154 56/55/155 55/56/156
f 55/477/157 56/478/158 50/479/159 49/480/160
f 50/897/161 56/898/162 54/899/163 52/900/164
f 55/901/165 49/902/166 51/903/167 53/904/168
f 57/905/169 58/906/170 60/907/171 59/908/172
f 59/481/173 60/482/174 62/483/175 61/484/176
f 61/909/177 62/910/178 64/911/179 63/912/180
f 63/485/181 64/486/182 58/487/183 57/488/184
f 58/57/185 64/58/186 62/59/187 60/60/188
f 63/61/189 57/62/190 59/63/191 61/64/192
f 65/65/193 66/66/194 68/67/195 67/68/196
f 67/489/197 68/490/198 70/491/199 69/492/200
f 69/69/201 70/70/202 72/71/203 71/72/204
f 71/493/205 72/494/206 66/495/207 65/496/208
f 66/913/209 72/914/210 70/915/211 68/916/212
f 71/917/213 65/918/214 67/919/215 69/920/216
f 73/73/217 74/74/218 76/75/219 75/76/220
f 75/497/221 76/498/222 78/499/223 77/500/224
f 77/77/225 78/78/226 80/79/227 79/80/228
f 79/501/229 80/502/230 74/503/231 73/504/232
f 74/921/233 80/922/234 78/923/235 76/924/236
f 79/925/237 73/926/238 75/927/239 77/928/240
f 81/929/241 82/930/242 84/931/243 83/932/244
f 83/505/245 84/506/246 86/507/247 85/508/248
f 85/933/249 86/934/250 88/935/251 87/936/252
f 87/509/253 88/510/254 82/511/255 81/512/256
f 82/81/257 88/82/258 86/83/259 84/84/260
f 87/85/261 81/86/262 83/87/263 85/88/264
f 89/89/265 90/90/266 92/91/267 91/92/268
f 91/513/269 92/514/270 94/515/271 93/516/272
f 93/93/273 94/94/274 96/95/275 95/96/276
f 95/517/277 96/518/278 90/519/279 89/520/280
f 90/937/281 96/938/282 94/939/283 92/940/284
f 95/941/285 89/942/286 91/943/287 93/944/288
f 97/945/289 98/946/290 100/947/291 99/948/292
f 99/521/293 100/522/294 102/523/295 101/524/296
f 101/949/297 102/950/298 104/951/299 103/952/300
f 103/525/301 104/526/302 98/527/303 97/528/304
f 98/97/305 104/98/306 102/99/307 100/100/308
f 103/101/309 97/102/310 99/103/311 101/104/312
f 105/105/313 106/106/314 108/107/315 107/108/316
f 107/529/317 108/530/318 110/531/319 109/532/320
f 109/109/321 110/110/322 112/111/323 111/112/324
f 111/533/325 112/534/326 106/535/327 105/536/328
f 106/953/329 112/954/330 110/955/331 108/956/332
f 111/957/333 105/958/334 107/959/335 109/960/336
f 113/961/337 114/962/338 116/963/339 115/964/340
f 115/537/341 116/538/342 118/539/343 117/540/344
f 117/965/345 118/966/346 120/967/347 119/968/348
f 119/541/349 120/542/350 114/543/351 113/544/352
f 114/113/353 120/114/354 118/115/355 116/116/356
f 119/117/357 113/118/358 115/119/359 117/120/360
f 121/121/361 122/122/362 124/123/363 123/124/364
f 123/545/365 124/546/366 126/547/367 125/548/368
f 125/125/369 126/126/370 128/127/371 127/128/372
f 127/549/373 128/550/374 122/551/375 121/552/376
f 122/969/377 128/970/378 126/971/379 124/972/380
f 127/973/381 121/974/382 123/975/383 125/976/384
f 129/129/385 130/130/386 132/131/387 131/132/388
f 131/553/389 132/554/390 134/555/391 133/556/392
f 133/133/393 134/134/394 136/135/395 135/136/396
f 135/557/397 136/558/398 130/559/399 129/560/400
f 130/977/401 136/978/402 134/979/403 132/980/404
f 135/981/405 129/982/406 131/983/407 133/984/408
f 137/137/409 138/138/410 140/139/411 139/140/412
f 139/561/413 140/562/414 142/563/415 141/564/416
f 141/141/417 142/142/418 144/143/419 143/144/420
f 143/565/421 144/566/422 138/567/423 137/568/424
f 138/985/425 144/986/426 142/987/427 140/988/428
f 143/989/429 137/990/430 139/991/431 141/992/432
f 145/145/433 146/146/434 148/147/435 147/148/436
f 147/569/437 148/570/438 150/571/439 149/572/440
f 149/149/441 150/150/442 152/151/443 151/152/444
f 151/573/445 152/574/446 146/575/447 145/576/448
f 146/993/449 152/994/450 150/995/451 148/996/452
f 151/997/453 145/998/454 147/999/455 149/1000/456
f 153/1001/457 154/1002/458 156/1003/459 155/1004/460
f 155/577/461 156/578/462 158/579/463 157/580/464
f 157/1005/465 158/1006/466 160/1007/467 159/1008/468
f 159/581/469 160/582/470 154/583/471 153/584/472
f 154/153/473 160/154/474 158/155/475 156/156/476
f 159/157/477 153/158/478 155/159/479 157/160/480
f 161/161/481 162/162/482 164/163/483 163/164/484
f 163/585/485 164/586/486 166/587/487 165/588/488
f 165/165/489 166/166/490 168/167/491 167/168/492
f 167/589/493 168/590/494 162/591/495 161/592/496
f 162/1009/497 168/1010/498 166/1011/499 164/1012/500
f 167/1013/501 161/1014/502 163/1015/503 165/1016/504
f 169/169/505 170/170/506 172/171/507 171/172/508
f 171/593/509 172/594/510 174/595/511 173/596/512
f 173/173/513 174/174/514 176/175/515 175/176/516
f 175/597/517 176/598/518 170/599/519 169/600/520
f 170/1017/521 176/1018/522 174/1019/523 172/1020/524
f 175/1021/525 169/1022/526 171/1023/527 173/1024/528
f 177/1025/529 178/1026/530 180/1027/531 179/1028/532
f 179/601/533 180/602/534 182/603/535 181/604/536
f 181/1029/537 182/1030/538 184/1031/539 183/1032/540
f 183/605/541 184/606/542 178/607/543 177/608/544
f 178/177/545 184/178/546 182/179/547 180/180/548
f 183/181/549 177/182/550 179/183/551 181/184/552
f 185/185/553 186/186/554 188/187/555 187/188/556
f 187/609/557 188/610/558 190/611/559 189/612/560
f 189/189/561 190/190/562 192/191/563 191/192/564
f 191/613/565 192/614/566 186/615/567 185/616/568
f 186/1033/569 192/1034/570 190/1035/571 188/1036/572
f 191/1037/573 185/1038/574 187/1039/575 189/1040/576
f 193/193/577 194/194/578 196/195/579 195/196/580
f 195/617/581 196/618/582 198/619/583 197/620/584
f 197/197/585 198/198/586 200/199/587 199/200/588
f 199/621/589 200/622/590 194/623/591 193/624/592
f 194/1041/593 200/1042/594 198/1043/595 196/1044/596
f 199/1045/597 193/1046/598 195/1047/599 197/1048/600
f 201/1049/601 202/1050/602 204/1051/603 203/1052/604
f 203/625/605 204/626/606 206/627/607 205/628/608
f 205/1053/609 206/1054/610 208/1055/611 207/1056/612
f 207/629/613 208/630/614 202/631/615 201/632/616
f 202/201/617 208/202/618 206/203/619 204/204/620
f 207/205/621 201/206/622 203/207/623 205/208/624
f 209/1057/625 210/1058/626 212/1059/627 211/1060/628
f 211/633/629 212/634/630 214/635/631 213/636/632
f 213/1061/633 214/1062/634 216/1063/635 215/1064/636
f 215/637/637 216/638/638 210/639/639 209/640/640
f 210/209/641 216/210/642 214/211/643 212/212/644
f 215/213/645 209/214/646 211/215/647 213/216/648
f 217/1065/649 218/1066/650 220/1067/651 219/1068/652
f 219/641/653 220/642/654 222/643/655 221/644/656
f 221/1069/657 222/1070/658 224/1071/659 223/1072/660
f 223/645/661 224/646/662 218/647/663 217/648/664
f 218/217/665 224/218/666 222/219/667 220/220/668
f 223/221/669 217/222/670 219/223/671 221/224/672
f 225/1073/673 226/1074/674 228/1075/675 227/1076/676
f 227/649/677 228/650/678 230/651/679 229/652/680
f 229/1077/681 230/1078/682 232/1079/683 231/1080/684
f 231/653/685 232/654/686 226/655/687 225/656/688
f 226/225/689 232/226/690 230/227/691 228/228/692
f 231/229/693 225/230/694 227/231/695 229/232/696
f 233/1081/697 234/1082/698 236/1083/699 235/1084/700
f 235/657/701 236/658/702 238/659/703 237/660/704
f 237/1085/705 238/1086/706 240/1087/707 239/1088/708
f 239/661/709 240/662/710 234/663/711 233/664/712
f 234/233/713 240/234/714 238/235/715 236/236/716
f 239/237/717 233/238/718 235/239/719 237/240/720
f 241/1089/721 242/1090/722 244/1091/723 243/1092/724
f 243/665/725 244/666/726 246/667/727 245/668/728
f 245/1093/729 246/1094/730 248/1095/731 247/1096/732
f 247/669/733 248/670/734 242/671/735 241/672/736
f 242/241/737 248/242/738 246/243/739 244/244/740
f 247/245/741 241/246/742 243/247/743 245/248/744
f 249/1097/745 250/1098/746 252/1099/747 251/1100/748
f 251/673/749 252/674/750 254/675/751 253/676/752
f 253/1101/753 254/1102/754 256/1103/755 255/1104/756
f 255/677/757 256/678/758 250/679/759 249/680/760
f 250/249/761 256/250/762 254/251/763 252/252/764
f 255/253/765 249/254/766 251/255/767 253/256/768
f 257/1105/769 258/1106/770 260/1107/771 259/1108/772
f 259/681/773 260/682/774 262/683/775 261/684/776
f 261/1109/777 262/1110/778 264/1111/779 263/1112/780
f 263/685/781 264/686/782 258/687/783 257/688/784
f 258/257/785 264/258/786 262/259/787 260/260/788
f 263/261/789 257/262/790 259/263/791 261/264/792
f 265/1113/793 266/1114/794 268/1115/795 267/1116/796
f 267/689/797 268/690/798 270/691/799 269/692/800
f 269/1117/801 270/1118/802 272/1119/803 271/1120/804
f 271/693/805 272/694/806 266/695/807 265/696/808
f 266/265/809 272/266/810 270/267/811 268/268/812
f 271/269/813 265/270/814 267/271/815 269/272/816
f 273/1121/817 274/1122/818 276/1123/819 275/1124/820
f 275/697/821 276/698/822 278/699/823 277/700/824
f 277/1125/825 278/1126/826 280/1127/827 279/1128/828
f 279/701/829 280/702/830 274/703/831 273/704/832
f 274/273/833 280/274/834 278/275/835 276/276/836
f 279/277/837 273/278/838 275/279/839 277/280/840
f 281/1129/841 282/1130/842 284/1131/843 283/1132/844
f 283/705/845 284/706/846 286/707/847 285/708/848
f 285/1133/849 286/1134/850 288/1135/851 287/1136/852
f 287/709/853 288/710/854 282/711/855 281/712/856
f 282/281/857 288/282/858 286/283/859 284/284/860
f 287/285/861 281/286/862 283/287/863 285/288/864
f 289/289/865 290/290/866 292/291/867 291/292/868
f 291/713/869 292/714/870 294/715/871 293/716/872
f 293/293/873 294/294/874 296/295/875 295/296/876
f 295/717/877 296/718/878 290/719/879 289/720/880
f 290/1137/881 296/1138/882 294/1139/883 292/1140/884
f 295/1141/885 289/1142/886 291/1143/887 293/1144/888
f 297/1145/889 298/1146/890 300/1147/891 299/1148/892
f 299/721/893 300/722/894 302/723/895 301/724/896
f 301/1149/897 302/1150/898 304/1151/899 303/1152/900
f 303/725/901 304/726/902 298/727/903 297/728/904
f 298/297/905 304/298/906 302/299/907 300/300/908
f 303/301/909 297/302/910 299/303/911 301/304/912
f 305/1153/913 306/1154/914 308/1155/915 307/1156/916
f 307/729/917 308/730/918 310/731/919 309/732/920
f 309/1157/921 310/1158/922 312/1159/923 311/1160/924
f 311/733/925 312/734/926 306/735/927 305/736/928
f 306/305/929 312/306/930 310/307/931 308/308/932
f 311/309/933 305/310/934 307/311/935 309/312/936
f 313/1161/937 314/1162/938 316/1163/939 315/1164/940
f 315/737/941 316/738/942 318/739/943 317/740/944
f 317/1165/945 318/1166/946 320/1167/947 319/1168/948
f 319/741/949 320/742/950 314/743/951 313/744/952
f 314/313/953 320/314/954 318/315/955 316/316/956
f 319/317/957 313/318/958 315/319/959 317/320/960
f 321/1169/961 322/1170/962 324/1171/963 323/1172/964
f 323/745/965 324/746/966 326/747/967 325/748/968
f 325/1173/969 326/1174/970 328/1175/971 327/1176/972
f 327/749/973 328/750/974 322/751/975 321/752/976
f 322/321/977 328/322/978 326/323/979 324/324/980
f 327/325/981 321/326/982 323/327/983 325/328/984
f 329/1177/985 330/1178/986 332/1179/987 331/1180/988
f 331/753/989 332/754/990 334/755/991 333/756/992
f 333/1181/993 334/1182/994 336/1183/995 335/1184/996
f 335/757/997 336/758/998 330/759/999 329/760/1000
f 330/329/1001 336/330/1002 334/331/1003 332/332/1004
f 335/333/1005 329/334/1006 331/335/1007 333/336/1008
f 337/1185/1009 338/1186/1010 340/1187/1011 339/1188/1012
f 339/761/1013 340/762/1014 342/763/1015 341/764/1016
f 341/1189/1017 342/1190/1018 344/1191/1019 343/1192/1020
f 343/765/1021 344/766/1022 338/767/1023 337/768/1024
f 338/337/1025 344/338/1026 342/339/1027 340/340/1028
f 343/341/1029 337/342/1030 339/343/1031 341/344/1032
f 345/345/1033 346/346/1034 348/347/1035 347/348/1036
f 347/769/1037 348/770/1038 350/771/1039 349/772/1040
f 349/349/1041 350/350/1042 352/351/1043 351/352/1044
f 351/773/1045 352/774/1046 346/775/1047 345/776/1048
f 346/1193/1049 352/1194/1050 350/1195/1051 348/1196/1052
f 351/1197/1053 345/1198/1054 347/1199/1055 349/1200/1056
f 353/353/1057 354/354/1058 356/355/1059 355/356/1060
f 355/777/1061 356/778/1062 358/779/1063 357/780/1064
f 357/357/1065 358/358/1066 360/359/1067 359/360/1068
f 359/781/1069 360/782/1070 354/783/1071 353/784/1072
f 354/1201/1073 360/1202/1074 358/1203/1075 356/1204/1076
f 359/1205/1077 353/1206/1078 355/1207/1079 357/1208/1080
f 361/361/1081 362/362/1082 364/363/1083 363/364/1084
f 363/785/1085 364/786/1086 366/787/1087 365/788/1088
f 365/365/1089 366/366/1090 368/367/1091 367/368/1092
f 367/789/1093 368/790/1094 362/791/1095 361/792/1096
f 362/1209/1097 368/1210/1098 366/1211/1099 364/1212/1100
f 367/1213/1101 361/1214/1102 363/1215/1103 365/1216/1104
f 369/369/1105 370/370/1106 372/371/1107 371/372/1108
f 371/793/1109 372/794/1110 374/795/1111 373/796/1112
f 373/373/1113 374/374/1114 376/375/1115 375/376/1116
f 375/797/1117 376/798/1118 370/799/1119 369/800/1120
f 370/1217/1121 376/1218/1122 374/1219/1123 372/1220/1124
f 375/1221/1125 369/1222/1126 371/1223/1127 373/1224/1128
f 377/377/1129 378/378/1130 380/379/1131 379/380/1132
f 379/801/1133 380/802/1134 382/803/1135 381/804/1136
f 381/381/1137 382/382/1138 384/383/1139 383/384/1140
f 383/805/1141 384/806/1142 378/807/1143 377/808/1144
f 378/1225/1145 384/1226/1146 382/1227/1147 380/1228/1148
f 383/1229/1149 377/1230/1150 379/1231/1151 381/1232/1152
f 385/385/1153 386/386/1154 388/387/1155 387/388/1156
f 387/809/1157 388/810/1158 390/811/1159 389/812/1160
f 389/389/1161 390/390/1162 392/391/1163 391/392/1164
f 391/813/1165 392/814/1166 386/815/1167 385/816/1168
f 386/1233/1169 392/1234/1170 390/1235/1171 388/1236/1172
f 391/1237/1173 385/1238/1174 387/1239/1175 389/1240/1176
f 393/1241/1177 394/1242/1178 396/1243/1179 395/1244/1180
f 395/817/1181 396/818/1182 398/819/1183 397/820/1184
f 397/1245/1185 398/1246/1186 400/1247/1187 399/1248/1188
f 399/821/1189 400/822/1190 394/823/1191 393/824/1192
f 394/393/1193 400/394/1194 398/395/1195 396/396/1196
f 399/397/1197 393/398/1198 395/399/1199 397/400/1200
f 401/1249/1201 402/1250/1202 404/1251/1203 403/1252/1204
f 403/825/1205 404/826/1206 406/827/1207 405/828/1208
f 405/1253/1209 406/1254/1210 408/1255/1211 407/1256/1212
f 407/829/1213 408/830/1214 402/831/1215 401/832/1216
f 402/401/1217 408/402/1218 406/403/1219 404/404/1220
f 407/405/1221 401/406/1222 403/407/1223 405/408/1224
f 409/409/1225 410/410/1226 412/411/1227 411/412/1228
f 411/833/1229 412/834/1230 414/835/1231 413/836/1232
f 413/413/1233 414/414/1234 416/415/1235 415/416/1236
f 415/837/1237 416/838/1238 410/839/1239 409/840/1240
f 410/1257/1241 416/1258/1242 414/1259/1243 412/1260/1244
f 415/1261/1245 409/1262/1246 411/1263/1247 413/1264/1248
f 417/417/1249 418/418/1250 420/419/1251 419/420/1252
f 419/841/1253 420/842/1254 422/843/1255 421/844/1256
f 421/421/1257 422/422/1258 424/423/1259 423/424/1260
f 423/845/1261 424/846/1262 418/847/1263 417/848/1264
f 418/1265/1265 424/1266/1266 422/1267/1267 420/1268/1268
f 423/1269/1269 417/1270/1270 419/1271/1271 421/1272/1272
g default
v -6.875019 1.362839 8.806027
v -6.883178 1.362839 8.790013
v -6.895887 1.362839 8.777304
v -6.911901 1.362839 8.769145
v -6.929653 1.362839 8.766333
v -6.947405 1.362839 8.769145
v -6.963419 1.362839 8.777304
v -6.976127 1.362839 8.790013
v -6.984287 1.362839 8.806027
v -6.987099 1.362839 8.823779
v -6.984287 1.362839 8.841530
v -6.976127 1.362839 8.857544
v -6.963419 1.362839 8.870253
v -6.947405 1.362839 8.878413
v -6.929653 1.362839 8.881224
v -6.911901 1.362839 8.878413
v -6.895887 1.362839 8.870253
v -6.883178 1.362839 8.857544
v -6.875019 1.362839 8.841530
v -6.872207 1.362839 8.823779
v -6.821730 1.376291 8.788712
v -6.837848 1.376291 8.757079
v -6.862953 1.376291 8.731974
v -6.894587 1.376291 8.715856
v -6.929653 1.376291 8.710302
v -6.964719 1.376291 8.715856
v -6.996353 1.376291 8.731974
v -7.021458 1.376291 8.757079
v -7.037576 1.376291 8.788712
v -7.043130 1.376291 8.823779
v -7.037576 1.376291 8.858845
v -7.021458 1.376291 8.890479
v -6.996353 1.376291 8.915583
v -6.964719 1.376291 8.931701
v -6.929653 1.376291 8.937255
v -6.894587 1.376291 8.931701
v -6.862953 1.376291 8.915583
v -6.837848 1.376291 8.890479
v -6.821730 1.376291 8.858845
v -6.816176 1.376291 8.823779
v -6.771099 1.398343 8.772261
v -6.794779 1.398343 8.725787
v -6.831661 1.398343 8.688904
v -6.878136 1.398343 8.665224
v -6.929653 1.398343 8.657065
v -6.981170 1.398343 8.665224
v -7.027645 1.398343 8.688904
v -7.064527 1.398343 8.725787
v -7.088207 1.398343 8.772261
v -7.096367 1.398343 8.823779
v -7.088207 1.398343 8.875296
v -7.064527 1.398343 8.921770
v -7.027645 1.398343 8.958653
v -6.981170 1.398343 8.982333
v -6.929653 1.398343 8.990492
v -6.878136 1.398343 8.982333
v -6.831661 1.398343 8.958653
v -6.794779 1.398343 8.921770
v -6.771099 1.398343 8.875296
v -6.762939 1.398343 8.823779
v -6.724372 1.428451 8.757079
v -6.755030 1.428451 8.696908
v -6.802782 1.428451 8.649156
v -6.862953 1.428451 8.618497
v -6.929653 1.428451 8.607933
v -6.996353 1.428451 8.618497
v -7.056524 1.428451 8.649156
v -7.104276 1.428451 8.696908
v -7.134934 1.428451 8.757079
v -7.145499 1.428451 8.823779
v -7.134934 1.428451 8.890479
v -7.104276 1.428451 8.950649
v -7.056524 1.428451 8.998401
v -6.996353 1.428451 9.029060
v -6.929653 1.428451 9.039624
v -6.862953 1.428451 9.029060
v -6.802782 1.428451 8.998401
v -6.755030 1.428451 8.950649
v -6.724372 1.428451 8.890479
v -6.713807 1.428451 8.823779
v -6.682699 1.465874 8.743538
v -6.719581 1.465874 8.671153
v -6.777027 1.465874 8.613707
v -6.849413 1.465874 8.576825
v -6.929653 1.465874 8.564116
v -7.009893 1.465874 8.576825
v -7.082279 1.465874 8.613707
v -7.139724 1.465874 8.671153
v -7.176607 1.465874 8.743538
v -7.189316 1.465874 8.823779
v -7.176607 1.465874 8.904019
v -7.139724 1.465874 8.976404
v -7.082279 1.465874 9.033850
v -7.009893 1.465874 9.070732
v -6.929653 1.465874 9.083441
v -6.849413 1.465874 9.070732
v -6.777027 1.465874 9.033850
v -6.719582 1.465874 8.976404
v -6.682699 1.465874 8.904019
v -6.669990 1.465874 8.823779
v -6.647107 1.509691 8.731974
v -6.689305 1.509691 8.649156
v -6.755030 1.509691 8.583431
v -6.837848 1.509691 8.541233
v -6.929653 1.509691 8.526693
v -7.021458 1.509691 8.541233
v -7.104276 1.509691 8.583431
v -7.170001 1.509691 8.649156
v -7.212198 1.509691 8.731974
v -7.226739 1.509691 8.823779
v -7.212198 1.509691 8.915583
v -7.170001 1.509691 8.998401
v -7.104276 1.509691 9.064126
v -7.021458 1.509691 9.106324
v -6.929653 1.509691 9.120864
v -6.837848 1.509691 9.106324
v -6.755030 1.509691 9.064126
v -6.689305 1.509691 8.998401
v -6.647107 1.509691 8.915583
v -6.632567 1.509691 8.823779
v -6.618473 1.558823 8.722670
v -6.664947 1.558823 8.631459
v -6.737333 1.558823 8.559073
v -6.828544 1.558823 8.512599
v -6.929653 1.558823 8.496584
v -7.030761 1.558823 8.512599
v -7.121973 1.558823 8.559073
v -7.194358 1.558823 8.631459
v -7.240833 1.558823 8.722670
v -7.256847 1.558823 8.823779
v -7.240833 1.558823 8.924887
v -7.194358 1.558823 9.016098
v -7.121973 1.558823 9.088484
v -7.030761 1.558823 9.134959
v -6.929653 1.558823 9.150973
v -6.828544 1.558823 9.134959
v -6.737333 1.558823 9.088484
v -6.664948 1.558823 9.016098
v -6.618473 1.558823 8.924887
v -6.602459 1.558823 8.823779
v -6.597501 1.612060 8.715856
v -6.647107 1.612060 8.618497
v -6.724372 1.612060 8.541233
v -6.821730 1.612060 8.491626
v -6.929653 1.612060 8.474533
v -7.037576 1.612060 8.491626
v -7.134934 1.612060 8.541233
v -7.212199 1.612060 8.618497
v -7.261805 1.612060 8.715856
v -7.278898 1.612060 8.823779
v -7.261805 1.612060 8.931701
v -7.212198 1.612060 9.029060
v -7.134934 1.612060 9.106324
v -7.037576 1.612060 9.155931
v -6.929653 1.612060 9.173024
v -6.821730 1.612060 9.155931
v -6.724372 1.612060 9.106324
v -6.647107 1.612060 9.029060
v -6.597501 1.612060 8.931701
v -6.580408 1.612060 8.823779
v -6.584707 1.668091 8.711699
v -6.636225 1.668091 8.610590
v -6.716465 1.668091 8.530350
v -6.817573 1.668091 8.478833
v -6.929653 1.668091 8.461081
v -7.041733 1.668091 8.478833
v -7.142841 1.668091 8.530350
v -7.223081 1.668091 8.610590
v -7.274599 1.668091 8.711699
v -7.292350 1.668091 8.823779
v -7.274599 1.668091 8.935858
v -7.223081 1.668091 9.036967
v -7.142841 1.668091 9.117207
v -7.041733 1.668091 9.168724
v -6.929653 1.668091 9.186476
v -6.817573 1.668091 9.168724
v -6.716465 1.668091 9.117207
v -6.636225 1.668091 9.036967
v -6.584707 1.668091 8.935858
v -6.566956 1.668091 8.823779
v -6.580407 1.725537 8.710302
v -6.632567 1.725537 8.607933
v -6.713807 1.725537 8.526693
v -6.816176 1.725537 8.474533
v -6.929653 1.725537 8.456560
v -7.043130 1.725537 8.474533
v -7.145499 1.725537 8.526693
v -7.226739 1.725537 8.607933
v -7.278898 1.725537 8.710302
v -7.296871 1.725537 8.823779
v -7.278898 1.725537 8.937255
v -7.226739 1.725537 9.039624
v -7.145499 1.725537 9.120864
v -7.043130 1.725537 9.173024
v -6.929653 1.725537 9.190997
v -6.816176 1.725537 9.173024
v -6.713807 1.725537 9.120864
v -6.632567 1.725537 9.039624
v -6.580408 1.725537 8.937255
v -6.562435 1.725537 8.823779
v -6.584707 1.782982 8.711699
v -6.636225 1.782982 8.610590
v -6.716465 1.782982 8.530350
v -6.817573 1.782982 8.478833
v -6.929653 1.782982 8.461081
v -7.041733 1.782982 8.478833
v -7.142841 1.782982 8.530350
v -7.223081 1.782982 8.610590
v -7.274599 1.782982 8.711699
v -7.292350 1.782982 8.823779
v -7.274599 1.782982 8.935858
v -7.223081 1.782982 9.036967
v -7.142841 1.782982 9.117207
v -7.041733 1.782982 9.168724
v -6.929653 1.782982 9.186476
v -6.817573 1.782982 9.168724
v -6.716465 1.782982 9.117207
v -6.636225 1.782982 9.036967
v -6.584707 1.782982 8.935858
v -6.566956 1.782982 8.823779
v -6.597501 1.839013 8.715856
v -6.647107 1.839013 8.618497
v -6.724372 1.839013 8.541233
v -6.821730 1.839013 8.491626
v -6.929653 1.839013 8.474533
v -7.037576 1.839013 8.491626
v -7.134934 1.839013 8.541233
v -7.212199 1.839013 8.618497
v -7.261805 1.839013 8.715856
v -7.278898 1.839013 8.823779
v -7.261805 1.839013 8.931701
v -7.212198 1.839013 9.029060
v -7.134934 1.839013 9.106324
v -7.037576 1.839013 9.155931
v -6.929653 1.839013 9.173024
v -6.821730 1.839013 9.155931
v -6.724372 1.839013 9.106324
v -6.647107 1.839013 9.029060
v -6.597501 1.839013 8.931701
v -6.580408 1.839013 8.823779
v -6.618473 1.892250 8.722670
v -6.664947 1.892250 8.631459
v -6.737333 1.892250 8.559073
v -6.828544 1.892250 8.512599
v -6.929653 1.892250 8.496584
v -7.030761 1.892250 8.512599
v -7.121973 1.892250 8.559073
v -7.194358 1.892250 8.631459
v -7.240833 1.892250 8.722670
v -7.256847 1.892250 8.823779
v -7.240833 1.892250 8.924887
v -7.194358 1.892250 9.016098
v -7.121973 1.892250 9.088484
v -7.030761 1.892250 9.134959
v -6.929653 1.892250 9.150973
v -6.828544 1.892250 9.134959
v -6.737333 1.892250 9.088484
v -6.664948 1.892250 9.016098
v -6.618473 1.892250 8.924887
v -6.602459 1.892250 8.823779
v -6.647107 1.941382 8.731974
v -6.689305 1.941382 8.649156
v -6.755030 1.941382 8.583431
v -6.837848 1.941382 8.541233
v -6.929653 1.941382 8.526693
v -7.021458 1.941382 8.541233
v -7.104276 1.941382 8.583431
v -7.170001 1.941382 8.649156
v -7.212198 1.941382 8.731974
v -7.226739 1.941382 8.823779
v -7.212198 1.941382 8.915583
v -7.170001 1.941382 8.998401
v -7.104276 1.941382 9.064126
v -7.021458 1.941382 9.106324
v -6.929653 1.941382 9.120864
v -6.837848 1.941382 9.106324
v -6.755030 1.941382 9.064126
v -6.689305 1.941382 8.998401
v -6.647107 1.941382 8.915583
v -6.632567 1.941382 8.823779
v -6.682699 1.985199 8.743538
v -6.719581 1.985199 8.671153
v -6.777027 1.985199 8.613707
v -6.849413 1.985199 8.576825
v -6.929653 1.985199 8.564116
v -7.009893 1.985199 8.576825
v -7.082279 1.985199 8.613707
v -7.139724 1.985199 8.671153
v -7.176607 1.985199 8.743538
v -7.189316 1.985199 8.823779
v -7.176607 1.985199 8.904019
v -7.139724 1.985199 8.976404
v -7.082279 1.985199 9.033850
v -7.009893 1.985199 9.070732
v -6.929653 1.985199 9.083441
v -6.849413 1.985199 9.070732
v -6.777027 1.985199 9.033850
v -6.719582 1.985199 8.976404
v -6.682699 1.985199 8.904019
v -6.669990 1.985199 8.823779
v -6.724372 2.022622 8.757079
v -6.755030 2.022622 8.696908
v -6.802782 2.022622 8.649156
v -6.862953 2.022622 8.618497
v -6.929653 2.022622 8.607933
v -6.996353 2.022622 8.618497
v -7.056524 2.022622 8.649156
v -7.104276 2.022622 8.696908
v -7.134934 2.022622 8.757079
v -7.145499 2.022622 8.823779
v -7.134934 2.022622 8.890479
v -7.104276 2.022622 8.950649
v -7.056524 2.022622 8.998401
v -6.996353 2.022622 9.029060
v -6.929653 2.022622 9.039624
v -6.862953 2.022622 9.029060
v -6.802782 2.022622 8.998401
v -6.755030 2.022622 8.950649
v -6.724372 2.022622 8.890479
v -6.713807 2.022622 8.823779
v -6.771099 2.052731 8.772261
v -6.794779 2.052731 8.725787
v -6.831661 2.052731 8.688904
v -6.878136 2.052731 8.665224
v -6.929653 2.052731 8.657065
v -6.981170 2.052731 8.665224
v -7.027645 2.052731 8.688904
v -7.064527 2.052731 8.725787
v -7.088207 2.052731 8.772261
v -7.096367 2.052731 8.823779
v -7.088207 2.052731 8.875296
v -7.064527 2.052731 8.921770
v -7.027645 2.052731 8.958653
v -6.981170 2.052731 8.982333
v -6.929653 2.052731 8.990492
v -6.878136 2.052731 8.982333
v -6.831661 2.052731 8.958653
v -6.794779 2.052731 8.921770
v -6.771099 2.052731 8.875296
v -6.762939 2.052731 8.823779
v -6.821730 2.074782 8.788712
v -6.837848 2.074782 8.757079
v -6.862953 2.074782 8.731974
v -6.894587 2.074782 8.715856
v -6.929653 2.074782 8.710302
v -6.964719 2.074782 8.715856
v -6.996353 2.074782 8.731974
v -7.021458 2.074782 8.757079
v -7.037576 2.074782 8.788712
v -7.043130 2.074782 8.823779
v -7.037576 2.074782 8.858845
v -7.021458 2.074782 8.890479
v -6.996353 2.074782 8.915583
v -6.964719 2.074782 8.931701
v -6.929653 2.074782 8.937255
v -6.894587 2.074782 8.931701
v -6.862953 2.074782 8.915583
v -6.837848 2.074782 8.890479
v -6.821730 2.074782 8.858845
v -6.816176 2.074782 8.823779
v -6.875019 2.088234 8.806027
v -6.883178 2.088234 8.790013
v -6.895887 2.088234 8.777304
v -6.911901 2.088234 8.769145
v -6.929653 2.088234 8.766333
v -6.947405 2.088234 8.769145
v -6.963419 2.088234 8.777304
v -6.976127 2.088234 8.790013
v -6.984287 2.088234 8.806027
v -6.987099 2.088234 8.823779
v -6.984287 2.088234 8.841530
v -6.976127 2.088234 8.857544
v -6.963419 2.088234 8.870253
v -6.947405 2.088234 8.878413
v -6.929653 2.088234 8.881224
v -6.911901 2.088234 8.878413
v -6.895887 2.088234 8.870253
v -6.883178 2.088234 8.857544
v -6.875019 2.088234 8.841530
v -6.872207 2.088234 8.823779
v -6.929653 1.358318 8.823779
v -6.929653 2.092755 8.823779
vt 0.845175 0.536451
vt 0.904563 0.536451
vt 0.913003 0.571114
vt 0.849612 0.571114
vt 0.839117 0.504460
vt 0.893041 0.504460
vt 0.951695 0.536451
vt 0.963310 0.571114
vt 0.918151 0.607596
vt 0.852319 0.607596
vt 0.779343 0.536451
vt 0.779343 0.571114
vt 0.831587 0.475931
vt 0.878719 0.475931
vt 0.935835 0.504460
vt 0.779343 0.504460
vt 0.970397 0.607596
vt 0.919881 0.644999
vt 0.853228 0.644999
vt 0.779343 0.607596
vt 0.713510 0.536451
vt 0.709073 0.571114
vt 0.822772 0.451564
vt 0.861950 0.451564
vt 0.916122 0.475931
vt 0.779343 0.475931
vt 0.719568 0.504460
vt 0.972778 0.644999
vt 0.918151 0.682403
vt 0.852319 0.682403
vt 0.779343 0.644999
vt 0.706366 0.607596
vt 0.654122 0.536451
vt 0.645682 0.571114
vt 0.779343 0.451564
vt 0.727098 0.475931
vt 0.665644 0.504460
vt 0.970397 0.682403
vt 0.913003 0.718885
vt 0.849612 0.718885
vt 0.779343 0.682403
vt 0.705457 0.644999
vt 0.640534 0.607596
vt 0.606990 0.536451
vt 0.595375 0.571114
vt 0.779343 0.431960
vt 0.812886 0.431960
vt 0.735914 0.451564
vt 0.679966 0.475931
vt 0.622850 0.504460
vt 0.963310 0.718885
vt 0.904563 0.753548
vt 0.845175 0.753548
vt 0.779343 0.718885
vt 0.706366 0.682403
vt 0.638804 0.644999
vt 0.588289 0.607596
vt 0.745799 0.431960
vt 0.696736 0.451564
vt 0.642563 0.475931
vt 0.951695 0.753548
vt 0.893041 0.785538
vt 0.839117 0.785538
vt 0.779343 0.753548
vt 0.709073 0.718885
vt 0.640534 0.682403
vt 0.585907 0.644999
vt 0.935835 0.785538
vt 0.878719 0.814068
vt 0.831587 0.814068
vt 0.779343 0.785538
vt 0.713510 0.753548
vt 0.645682 0.718885
vt 0.588289 0.682403
vt 0.916122 0.814068
vt 0.861950 0.838434
vt 0.822772 0.838434
vt 0.779343 0.814068
vt 0.719568 0.785538
vt 0.654122 0.753548
vt 0.595375 0.718885
vt 0.779343 0.838434
vt 0.727098 0.814068
vt 0.665644 0.785538
vt 0.606990 0.753548
vt 0.812886 0.858038
vt 0.779343 0.858038
vt 0.735914 0.838434
vt 0.679966 0.814068
vt 0.622850 0.785538
vt 0.745799 0.858038
vt 0.696736 0.838434
vt 0.642563 0.814068
vt 0.351499 0.106482
vt 0.410887 0.106482
vt 0.406451 0.141145
vt 0.343059 0.141145
vt 0.363022 0.074492
vt 0.416945 0.074492
vt 0.476720 0.106482
vt 0.476720 0.141145
vt 0.403744 0.177628
vt 0.337911 0.177628
vt 0.304368 0.106482
vt 0.292752 0.141145
vt 0.377344 0.045962
vt 0.424475 0.045962
vt 0.476720 0.074492
vt 0.320227 0.074492
vt 0.542553 0.106482
vt 0.546990 0.141145
vt 0.476720 0.177628
vt 0.402834 0.215031
vt 0.336181 0.215031
vt 0.285666 0.177628
vt 0.394113 0.021596
vt 0.433291 0.021596
vt 0.476720 0.045962
vt 0.339941 0.045962
vt 0.536495 0.074492
vt 0.601941 0.106482
vt 0.610381 0.141145
vt 0.549696 0.177628
vt 0.476720 0.215031
vt 0.403744 0.252434
vt 0.337911 0.252434
vt 0.283285 0.215031
vt 0.476720 0.021596
vt 0.528965 0.045962
vt 0.590418 0.074492
vt 0.649072 0.106482
vt 0.660688 0.141145
vt 0.615529 0.177628
vt 0.550606 0.215031
vt 0.476720 0.252434
vt 0.406451 0.288917
vt 0.343059 0.288917
vt 0.285666 0.252434
vt 0.443177 0.001992
vt 0.476720 0.001992
vt 0.520149 0.021596
vt 0.576096 0.045962
vt 0.633213 0.074492
vt 0.667774 0.177628
vt 0.617259 0.215031
vt 0.549696 0.252434
vt 0.476720 0.288917
vt 0.410887 0.323580
vt 0.351499 0.323580
vt 0.292752 0.288917
vt 0.510263 0.001992
vt 0.559327 0.021596
vt 0.613500 0.045962
vt 0.670155 0.215031
vt 0.615529 0.252434
vt 0.546990 0.288917
vt 0.476720 0.323580
vt 0.416945 0.355570
vt 0.363022 0.355570
vt 0.304368 0.323580
vt 0.667774 0.252434
vt 0.610381 0.288917
vt 0.542553 0.323580
vt 0.476720 0.355570
vt 0.424475 0.384100
vt 0.377344 0.384100
vt 0.320227 0.355570
vt 0.660688 0.288917
vt 0.601941 0.323580
vt 0.536495 0.355570
vt 0.476720 0.384100
vt 0.433291 0.408466
vt 0.394113 0.408466
vt 0.339941 0.384100
vt 0.649072 0.323580
vt 0.590418 0.355570
vt 0.528965 0.384100
vt 0.476720 0.408466
vt 0.633213 0.355570
vt 0.576096 0.384100
vt 0.520149 0.408466
vt 0.476720 0.428070
vt 0.443177 0.428070
vt 0.613500 0.384100
vt 0.559327 0.408466
vt 0.510263 0.428070
vt 0.174294 0.203473
vt 0.168981 0.193046
vt 0.198496 0.171602
vt 0.208991 0.192199
vt 0.138721 0.215031
vt 0.160706 0.184771
vt 0.182150 0.155256
vt 0.226539 0.151228
vt 0.241957 0.181487
vt 0.176125 0.215031
vt 0.212607 0.215031
vt 0.150279 0.179458
vt 0.161553 0.144762
vt 0.202525 0.127213
vt 0.252420 0.132424
vt 0.272382 0.171602
vt 0.247270 0.215031
vt 0.174294 0.226589
vt 0.208991 0.237863
vt 0.138721 0.177628
vt 0.138721 0.141145
vt 0.172265 0.111795
vt 0.221328 0.101333
vt 0.241957 0.248575
vt 0.168981 0.237016
vt 0.198496 0.258460
vt 0.127163 0.179458
vt 0.115889 0.144762
vt 0.138721 0.106482
vt 0.182150 0.081370
vt 0.238097 0.078252
vt 0.275501 0.115655
vt 0.226539 0.278834
vt 0.160706 0.245291
vt 0.182150 0.274806
vt 0.116736 0.184771
vt 0.095292 0.155256
vt 0.105178 0.111795
vt 0.138721 0.074492
vt 0.190966 0.054237
vt 0.272382 0.258460
vt 0.252420 0.297638
vt 0.202525 0.302849
vt 0.150279 0.250604
vt 0.161553 0.285301
vt 0.108461 0.193046
vt 0.078946 0.171602
vt 0.074918 0.127213
vt 0.095292 0.081370
vt 0.138721 0.045962
vt 0.198496 0.031063
vt 0.252420 0.058538
vt 0.221328 0.328729
vt 0.172264 0.318267
vt 0.138721 0.252434
vt 0.138721 0.288917
vt 0.103148 0.203473
vt 0.068452 0.192199
vt 0.050903 0.151228
vt 0.056114 0.101333
vt 0.086476 0.054237
vt 0.138721 0.021596
vt 0.204554 0.012419
vt 0.263942 0.042679
vt 0.275501 0.314407
vt 0.238097 0.351811
vt 0.182150 0.348692
vt 0.138721 0.323580
vt 0.127163 0.250604
vt 0.115889 0.285301
vt 0.101318 0.215031
vt 0.064835 0.215031
vt 0.035485 0.181488
vt 0.025023 0.132424
vt 0.039345 0.078252
vt 0.078946 0.031063
vt 0.138721 0.001992
vt 0.190966 0.375825
vt 0.138721 0.355570
vt 0.105178 0.318267
vt 0.116736 0.245291
vt 0.095292 0.274806
vt 0.103148 0.226589
vt 0.068452 0.237863
vt 0.030172 0.215031
vt 0.005061 0.171602
vt 0.001942 0.115655
vt 0.025023 0.058538
vt 0.072888 0.012419
vt 0.252420 0.371524
vt 0.198496 0.398999
vt 0.138721 0.384100
vt 0.095292 0.348692
vt 0.074918 0.302849
vt 0.108461 0.237016
vt 0.078946 0.258460
vt 0.035485 0.248575
vt 0.013500 0.042679
vt 0.263942 0.387383
vt 0.204554 0.417643
vt 0.138721 0.408466
vt 0.086476 0.375825
vt 0.056114 0.328729
vt 0.050903 0.278834
vt 0.138721 0.428070
vt 0.078946 0.398999
vt 0.039345 0.351811
vt 0.025023 0.297638
vt 0.005061 0.258460
vt 0.072888 0.417643
vt 0.025023 0.371524
vt 0.001942 0.314407
vt 0.013500 0.387383
vt 0.579927 0.744376
vt 0.542524 0.781779
vt 0.525755 0.758698
vt 0.556846 0.727606
vt 0.495393 0.805793
vt 0.486577 0.778660
vt 0.506951 0.732817
vt 0.530965 0.708803
vt 0.556846 0.801492
vt 0.502923 0.828967
vt 0.443148 0.814068
vt 0.443148 0.785538
vt 0.476691 0.748236
vt 0.486577 0.704774
vt 0.502923 0.688428
vt 0.576808 0.688428
vt 0.546384 0.678543
vt 0.568369 0.817352
vt 0.508980 0.847611
vt 0.443148 0.838435
vt 0.390902 0.805793
vt 0.399719 0.778660
vt 0.443148 0.753548
vt 0.465980 0.715269
vt 0.465133 0.675259
vt 0.473408 0.666985
vt 0.513417 0.667831
vt 0.443148 0.858038
vt 0.383373 0.828967
vt 0.343771 0.781779
vt 0.360541 0.758698
vt 0.409604 0.748236
vt 0.443148 0.718885
vt 0.454706 0.680572
vt 0.443148 0.644999
vt 0.478720 0.656558
vt 0.551696 0.644999
vt 0.517033 0.644999
vt 0.377315 0.847611
vt 0.329449 0.801492
vt 0.306368 0.744376
vt 0.329449 0.727606
vt 0.379344 0.732817
vt 0.420316 0.715269
vt 0.443148 0.682402
vt 0.480551 0.644999
vt 0.546384 0.611456
vt 0.513417 0.622168
vt 0.317926 0.817352
vt 0.355330 0.708803
vt 0.399719 0.704774
vt 0.431589 0.680572
vt 0.478720 0.633441
vt 0.530965 0.581196
vt 0.502923 0.601570
vt 0.309487 0.688428
vt 0.339912 0.678543
vt 0.383373 0.688428
vt 0.421162 0.675259
vt 0.473407 0.623014
vt 0.556846 0.562392
vt 0.576808 0.601570
vt 0.506951 0.557182
vt 0.486577 0.585225
vt 0.372878 0.667831
vt 0.412888 0.666985
vt 0.465133 0.614739
vt 0.525755 0.531301
vt 0.476691 0.541763
vt 0.465980 0.574730
vt 0.334599 0.644999
vt 0.369262 0.644999
vt 0.407575 0.656558
vt 0.454706 0.609426
vt 0.542524 0.508220
vt 0.579927 0.545623
vt 0.486577 0.511339
vt 0.443148 0.536450
vt 0.443148 0.571114
vt 0.339912 0.611456
vt 0.372878 0.622168
vt 0.405744 0.644999
vt 0.443148 0.607596
vt 0.495393 0.484205
vt 0.443148 0.504460
vt 0.409604 0.541763
vt 0.420316 0.574730
vt 0.355330 0.581196
vt 0.383373 0.601570
vt 0.407575 0.633441
vt 0.431589 0.609426
vt 0.502923 0.461031
vt 0.556846 0.488507
vt 0.443148 0.475931
vt 0.399719 0.511339
vt 0.379344 0.557182
vt 0.399719 0.585225
vt 0.309487 0.601570
vt 0.329449 0.562392
vt 0.412888 0.623014
vt 0.421162 0.614739
vt 0.508980 0.442387
vt 0.568369 0.472647
vt 0.443148 0.451564
vt 0.390902 0.484205
vt 0.360541 0.531301
vt 0.443148 0.431961
vt 0.383373 0.461031
vt 0.343772 0.508220
vt 0.306368 0.545623
vt 0.377315 0.442387
vt 0.329449 0.488507
vt 0.317927 0.472647
vt 0.300388 0.447279
vt 0.300388 0.506668
vt 0.265725 0.502231
vt 0.265725 0.438840
vt 0.300388 0.572500
vt 0.265725 0.572500
vt 0.229242 0.499523
vt 0.229242 0.433691
vt 0.300388 0.638333
vt 0.265725 0.642769
vt 0.229242 0.572500
vt 0.191839 0.498614
vt 0.191839 0.431962
vt 0.300388 0.697721
vt 0.265725 0.706160
vt 0.229242 0.645477
vt 0.191839 0.572500
vt 0.154436 0.499523
vt 0.154436 0.433691
vt 0.229242 0.711309
vt 0.191839 0.646386
vt 0.154436 0.572500
vt 0.117953 0.502231
vt 0.117953 0.438840
vt 0.191839 0.713040
vt 0.154436 0.645477
vt 0.117953 0.572500
vt 0.083290 0.506668
vt 0.083290 0.447279
vt 0.154436 0.711309
vt 0.117953 0.642769
vt 0.083290 0.572500
vt 0.117953 0.706160
vt 0.083290 0.638333
vt 0.083290 0.697721
vt 0.001942 0.982690
vt 0.001942 0.923302
vt 0.036605 0.927739
vt 0.036605 0.991130
vt 0.001942 0.857469
vt 0.036605 0.857469
vt 0.073087 0.930445
vt 0.073087 0.996278
vt 0.001942 0.791636
vt 0.036605 0.787200
vt 0.073087 0.857469
vt 0.110490 0.931355
vt 0.110490 0.998008
vt 0.001942 0.732248
vt 0.036605 0.723809
vt 0.073087 0.784493
vt 0.110490 0.857469
vt 0.147894 0.930445
vt 0.147894 0.996278
vt 0.073087 0.718660
vt 0.110490 0.783583
vt 0.147894 0.857469
vt 0.184376 0.927739
vt 0.184376 0.991130
vt 0.110490 0.716930
vt 0.147894 0.784493
vt 0.184376 0.857469
vt 0.219039 0.923302
vt 0.219039 0.982690
vt 0.147894 0.718660
vt 0.184376 0.787200
vt 0.219039 0.857469
vt 0.184376 0.723809
vt 0.219039 0.791636
vt 0.219039 0.732248
vn 0.190555 -0.979722 -0.061915
vn 0.162096 -0.979722 -0.117770
vn 0.269870 -0.942722 -0.196072
vn 0.317252 -0.942722 -0.103081
vn 0.117769 -0.979722 -0.162095
vn 0.196072 -0.942723 -0.269870
vn 0.061915 -0.979722 -0.190555
vn 0.103081 -0.942723 -0.317251
vn -0.000000 -0.979722 -0.200361
vn -0.000000 -0.942722 -0.333578
vn -0.061915 -0.979722 -0.190555
vn -0.103081 -0.942722 -0.317252
vn -0.117769 -0.979722 -0.162096
vn -0.196072 -0.942722 -0.269870
vn -0.162096 -0.979722 -0.117770
vn -0.269870 -0.942722 -0.196072
vn -0.190555 -0.979722 -0.061915
vn -0.317252 -0.942722 -0.103081
vn -0.200361 -0.979722 0.000000
vn -0.333578 -0.942722 -0.000000
vn -0.190555 -0.979722 0.061915
vn -0.317252 -0.942722 0.103081
vn -0.162096 -0.979722 0.117769
vn -0.269870 -0.942722 0.196072
vn -0.117769 -0.979722 0.162095
vn -0.196072 -0.942722 0.269870
vn -0.061915 -0.979722 0.190555
vn -0.103081 -0.942722 0.317252
vn 0.000000 -0.979722 0.200361
vn 0.000000 -0.942722 0.333578
vn 0.061915 -0.979722 0.190555
vn 0.103081 -0.942722 0.317252
vn 0.117769 -0.979722 0.162096
vn 0.196072 -0.942722 0.269870
vn 0.162096 -0.979722 0.117769
vn 0.269870 -0.942722 0.196072
vn 0.190555 -0.979722 0.061915
vn 0.317252 -0.942722 0.103082
vn 0.200361 -0.979722 0.000001
vn 0.333578 -0.942722 0.000000
vn 0.380846 -0.882266 -0.276701
vn 0.447712 -0.882266 -0.145470
vn 0.276701 -0.882266 -0.380846
vn 0.145470 -0.882266 -0.447711
vn -0.000000 -0.882266 -0.470752
vn -0.145470 -0.882266 -0.447711
vn -0.276701 -0.882266 -0.380846
vn -0.380846 -0.882266 -0.276701
vn -0.447712 -0.882266 -0.145470
vn -0.470752 -0.882266 0.000000
vn -0.447712 -0.882266 0.145470
vn -0.380846 -0.882266 0.276701
vn -0.276701 -0.882266 0.380846
vn -0.145470 -0.882266 0.447712
vn 0.000000 -0.882266 0.470752
vn 0.145470 -0.882266 0.447712
vn 0.276701 -0.882266 0.380846
vn 0.380846 -0.882266 0.276701
vn 0.447712 -0.882266 0.145470
vn 0.470752 -0.882266 0.000000
vn 0.485138 -0.800252 -0.352474
vn 0.570314 -0.800252 -0.185306
vn 0.352473 -0.800252 -0.485138
vn 0.185306 -0.800252 -0.570314
vn -0.000000 -0.800252 -0.599664
vn -0.185307 -0.800252 -0.570314
vn -0.352474 -0.800252 -0.485138
vn -0.485138 -0.800252 -0.352474
vn -0.570314 -0.800252 -0.185306
vn -0.599664 -0.800252 0.000000
vn -0.570314 -0.800252 0.185306
vn -0.485138 -0.800252 0.352474
vn -0.352474 -0.800252 0.485139
vn -0.185306 -0.800252 0.570314
vn 0.000000 -0.800252 0.599664
vn 0.185306 -0.800252 0.570314
vn 0.352474 -0.800252 0.485139
vn 0.485138 -0.800252 0.352474
vn 0.570314 -0.800252 0.185306
vn 0.599664 -0.800252 0.000001
vn 0.578713 -0.698789 -0.420459
vn 0.680318 -0.698789 -0.221048
vn 0.420459 -0.698789 -0.578713
vn 0.221049 -0.698789 -0.680318
vn -0.000000 -0.698788 -0.715328
vn -0.221049 -0.698789 -0.680318
vn -0.420460 -0.698789 -0.578713
vn -0.578713 -0.698789 -0.420459
vn -0.680318 -0.698788 -0.221049
vn -0.715328 -0.698788 -0.000000
vn -0.680318 -0.698789 0.221049
vn -0.578713 -0.698789 0.420460
vn -0.420459 -0.698788 0.578713
vn -0.221049 -0.698788 0.680318
vn -0.000000 -0.698788 0.715328
vn 0.221049 -0.698789 0.680318
vn 0.420460 -0.698788 0.578713
vn 0.578713 -0.698788 0.420459
vn 0.680318 -0.698788 0.221049
vn 0.715328 -0.698788 0.000001
vn 0.658808 -0.580401 -0.478652
vn 0.774475 -0.580401 -0.251641
vn 0.478652 -0.580401 -0.658808
vn 0.251642 -0.580401 -0.774475
vn -0.000000 -0.580401 -0.814331
vn -0.251642 -0.580401 -0.774475
vn -0.478652 -0.580401 -0.658808
vn -0.658808 -0.580401 -0.478652
vn -0.774475 -0.580401 -0.251642
vn -0.814331 -0.580401 -0.000000
vn -0.774475 -0.580401 0.251642
vn -0.658808 -0.580401 0.478652
vn -0.478652 -0.580401 0.658808
vn -0.251642 -0.580401 0.774475
vn 0.000000 -0.580401 0.814331
vn 0.251642 -0.580401 0.774475
vn 0.478652 -0.580401 0.658808
vn 0.658808 -0.580401 0.478652
vn 0.774475 -0.580401 0.251642
vn 0.814331 -0.580401 0.000001
vn 0.723291 -0.447994 -0.525502
vn 0.850280 -0.447994 -0.276272
vn 0.525501 -0.447994 -0.723291
vn 0.276272 -0.447994 -0.850279
vn -0.000000 -0.447994 -0.894037
vn -0.276273 -0.447994 -0.850279
vn -0.525502 -0.447994 -0.723291
vn -0.723291 -0.447994 -0.525501
vn -0.850279 -0.447994 -0.276272
vn -0.894037 -0.447994 -0.000000
vn -0.850279 -0.447994 0.276272
vn -0.723291 -0.447994 0.525502
vn -0.525502 -0.447994 0.723291
vn -0.276273 -0.447994 0.850280
vn 0.000000 -0.447994 0.894037
vn 0.276273 -0.447994 0.850280
vn 0.525502 -0.447994 0.723291
vn 0.723291 -0.447994 0.525502
vn 0.850280 -0.447994 0.276272
vn 0.894037 -0.447994 0.000001
vn 0.770524 -0.304789 -0.559819
vn 0.905806 -0.304789 -0.294313
vn 0.559818 -0.304789 -0.770524
vn 0.294314 -0.304789 -0.905805
vn -0.000000 -0.304789 -0.952420
vn -0.294314 -0.304789 -0.905805
vn -0.559819 -0.304789 -0.770524
vn -0.770524 -0.304789 -0.559818
vn -0.905805 -0.304789 -0.294314
vn -0.952420 -0.304789 -0.000000
vn -0.905805 -0.304789 0.294314
vn -0.770524 -0.304788 0.559819
vn -0.559818 -0.304788 0.770524
vn -0.294314 -0.304789 0.905805
vn 0.000000 -0.304789 0.952420
vn 0.294314 -0.304789 0.905805
vn 0.559818 -0.304789 0.770524
vn 0.770524 -0.304789 0.559818
vn 0.905805 -0.304789 0.294314
vn 0.952420 -0.304788 0.000001
vn 0.799335 -0.154249 -0.580751
vn 0.939675 -0.154249 -0.305318
vn 0.580750 -0.154249 -0.799335
vn 0.305319 -0.154249 -0.939674
vn 0.000000 -0.154249 -0.988032
vn -0.305319 -0.154249 -0.939674
vn -0.580751 -0.154249 -0.799335
vn -0.799335 -0.154249 -0.580751
vn -0.939674 -0.154248 -0.305319
vn -0.988032 -0.154248 0.000000
vn -0.939674 -0.154248 0.305319
vn -0.799335 -0.154248 0.580751
vn -0.580751 -0.154249 0.799335
vn -0.305319 -0.154249 0.939674
vn 0.000000 -0.154249 0.988032
vn 0.305319 -0.154249 0.939674
vn 0.580751 -0.154249 0.799335
vn 0.799335 -0.154249 0.580751
vn 0.939674 -0.154249 0.305319
vn 0.988032 -0.154249 0.000001
vn 0.809017 0.000000 -0.587785
vn 0.951057 -0.000000 -0.309016
vn 0.587785 -0.000000 -0.809017
vn 0.309017 -0.000000 -0.951057
vn 0.000000 0.000000 -1.000000
vn -0.309017 -0.000000 -0.951056
vn -0.587785 -0.000000 -0.809017
vn -0.809017 0.000000 -0.587785
vn -0.951057 0.000000 -0.309017
vn -1.000000 -0.000000 0.000000
vn -0.951057 -0.000000 0.309017
vn -0.809017 0.000000 0.587785
vn -0.587785 -0.000000 0.809017
vn -0.309017 -0.000000 0.951057
vn 0.000000 0.000000 1.000000
vn 0.309017 -0.000000 0.951057
vn 0.587785 -0.000000 0.809017
vn 0.809017 -0.000000 0.587785
vn 0.951057 0.000000 0.309017
vn 1.000000 0.000000 0.000001
vn 0.799335 0.154249 -0.580751
vn 0.939675 0.154249 -0.305318
vn 0.580750 0.154249 -0.799335
vn 0.305319 0.154249 -0.939674
vn 0.000000 0.154249 -0.988032
vn -0.305319 0.154249 -0.939674
vn -0.580751 0.154249 -0.799335
vn -0.799335 0.154249 -0.580751
vn -0.939674 0.154248 -0.305319
vn -0.988032 0.154248 0.000000
vn -0.939674 0.154248 0.305319
vn -0.799335 0.154248 0.580751
vn -0.580751 0.154249 0.799335
vn -0.305319 0.154249 0.939674
vn 0.000000 0.154249 0.988032
vn 0.305319 0.154249 0.939674
vn 0.580751 0.154249 0.799335
vn 0.799335 0.154249 0.580751
vn 0.939674 0.154249 0.305319
vn 0.988032 0.154249 0.000001
vn 0.770524 0.304789 -0.559819
vn 0.905806 0.304789 -0.294313
vn 0.559818 0.304789 -0.770524
vn 0.294314 0.304789 -0.905805
vn -0.000000 0.304789 -0.952420
vn -0.294314 0.304789 -0.905805
vn -0.559819 0.304789 -0.770524
vn -0.770524 0.304789 -0.559818
vn -0.905805 0.304789 -0.294314
vn -0.952420 0.304789 -0.000000
vn -0.905805 0.304789 0.294314
vn -0.770524 0.304788 0.559819
vn -0.559818 0.304788 0.770524
vn -0.294314 0.304789 0.905805
vn 0.000000 0.304789 0.952420
vn 0.294314 0.304789 0.905805
vn 0.559818 0.304789 0.770524
vn 0.770524 0.304789 0.559818
vn 0.905805 0.304789 0.294314
vn 0.952420 0.304788 0.000001
vn 0.723291 0.447994 -0.525502
vn 0.850280 0.447994 -0.276272
vn 0.525501 0.447994 -0.723291
vn 0.276272 0.447994 -0.850280
vn -0.000000 0.447994 -0.894037
vn -0.276273 0.447994 -0.850279
vn -0.525502 0.447994 -0.723291
vn -0.723291 0.447994 -0.525501
vn -0.850280 0.447994 -0.276272
vn -0.894037 0.447994 -0.000000
vn -0.850279 0.447994 0.276273
vn -0.723291 0.447994 0.525502
vn -0.525502 0.447994 0.723291
vn -0.276273 0.447994 0.850280
vn 0.000000 0.447994 0.894037
vn 0.276273 0.447994 0.850279
vn 0.525502 0.447994 0.723291
vn 0.723291 0.447994 0.525502
vn 0.850280 0.447994 0.276272
vn 0.894037 0.447994 0.000001
vn 0.658808 0.580401 -0.478652
vn 0.774475 0.580401 -0.251641
vn 0.478652 0.580401 -0.658808
vn 0.251642 0.580401 -0.774475
vn -0.000000 0.580401 -0.814331
vn -0.251642 0.580401 -0.774475
vn -0.478652 0.580401 -0.658808
vn -0.658808 0.580401 -0.478652
vn -0.774475 0.580401 -0.251642
vn -0.814331 0.580401 -0.000000
vn -0.774475 0.580401 0.251642
vn -0.658808 0.580401 0.478652
vn -0.478652 0.580401 0.658808
vn -0.251642 0.580401 0.774475
vn 0.000000 0.580401 0.814331
vn 0.251642 0.580401 0.774475
vn 0.478652 0.580401 0.658808
vn 0.658808 0.580401 0.478652
vn 0.774475 0.580401 0.251642
vn 0.814331 0.580401 0.000001
vn 0.578712 0.698789 -0.420459
vn 0.680318 0.698789 -0.221048
vn 0.420459 0.698789 -0.578713
vn 0.221049 0.698789 -0.680318
vn -0.000000 0.698788 -0.715328
vn -0.221049 0.698789 -0.680318
vn -0.420460 0.698789 -0.578713
vn -0.578713 0.698789 -0.420459
vn -0.680318 0.698789 -0.221049
vn -0.715328 0.698788 0.000000
vn -0.680318 0.698789 0.221049
vn -0.578713 0.698789 0.420460
vn -0.420459 0.698788 0.578713
vn -0.221049 0.698788 0.680318
vn -0.000000 0.698788 0.715328
vn 0.221049 0.698789 0.680318
vn 0.420459 0.698788 0.578713
vn 0.578713 0.698788 0.420460
vn 0.680318 0.698788 0.221049
vn 0.715328 0.698788 0.000001
vn 0.485138 0.800252 -0.352474
vn 0.570314 0.800252 -0.185306
vn 0.352473 0.800252 -0.485139
vn 0.185306 0.800252 -0.570314
vn -0.000000 0.800252 -0.599664
vn -0.185307 0.800252 -0.570314
vn -0.352474 0.800252 -0.485138
vn -0.485138 0.800252 -0.352474
vn -0.570314 0.800252 -0.185306
vn -0.599664 0.800252 0.000000
vn -0.570314 0.800252 0.185306
vn -0.485138 0.800252 0.352474
vn -0.352474 0.800252 0.485138
vn -0.185306 0.800252 0.570314
vn 0.000000 0.800252 0.599664
vn 0.185306 0.800252 0.570315
vn 0.352474 0.800252 0.485139
vn 0.485139 0.800252 0.352474
vn 0.570314 0.800252 0.185306
vn 0.599664 0.800252 0.000001
vn 0.380846 0.882266 -0.276701
vn 0.447712 0.882266 -0.145470
vn 0.276701 0.882266 -0.380846
vn 0.145470 0.882266 -0.447711
vn -0.000000 0.882266 -0.470752
vn -0.145470 0.882266 -0.447711
vn -0.276701 0.882266 -0.380846
vn -0.380846 0.882266 -0.276701
vn -0.447712 0.882266 -0.145470
vn -0.470752 0.882266 0.000000
vn -0.447712 0.882266 0.145471
vn -0.380846 0.882266 0.276701
vn -0.276701 0.882266 0.380846
vn -0.145470 0.882266 0.447712
vn 0.000000 0.882266 0.470752
vn 0.145470 0.882266 0.447712
vn 0.276701 0.882266 0.380846
vn 0.380846 0.882266 0.276701
vn 0.447712 0.882266 0.145470
vn 0.470752 0.882266 0.000000
vn 0.269870 0.942722 -0.196073
vn 0.317252 0.942722 -0.103081
vn 0.196072 0.942722 -0.269871
vn 0.103081 0.942722 -0.317251
vn -0.000000 0.942723 -0.333578
vn -0.103081 0.942722 -0.317251
vn -0.196072 0.942722 -0.269870
vn -0.269870 0.942722 -0.196072
vn -0.317252 0.942722 -0.103081
vn -0.333578 0.942722 0.000000
vn -0.317252 0.942722 0.103082
vn -0.269870 0.942722 0.196072
vn -0.196072 0.942722 0.269870
vn -0.103081 0.942722 0.317252
vn 0.000000 0.942722 0.333578
vn 0.103081 0.942722 0.317252
vn 0.196072 0.942722 0.269870
vn 0.269870 0.942722 0.196072
vn 0.317252 0.942722 0.103081
vn 0.333578 0.942722 0.000000
vn 0.162096 0.979722 -0.117769
vn 0.190555 0.979722 -0.061915
vn 0.117769 0.979722 -0.162096
vn 0.061915 0.979722 -0.190555
vn -0.000000 0.979722 -0.200361
vn -0.061915 0.979722 -0.190555
vn -0.117769 0.979722 -0.162095
vn -0.162096 0.979722 -0.117769
vn -0.190555 0.979722 -0.061915
vn -0.200361 0.979722 0.000000
vn -0.190555 0.979722 0.061915
vn -0.162096 0.979722 0.117769
vn -0.117769 0.979722 0.162096
vn -0.061915 0.979722 0.190555
vn 0.000000 0.979722 0.200361
vn 0.061915 0.979722 0.190555
vn 0.117769 0.979722 0.162096
vn 0.162096 0.979722 0.117769
vn 0.190555 0.979722 0.061915
vn 0.200361 0.979722 0.000001
vn -0.000000 -1.000000 -0.000000
vn -0.000000 1.000000 0.000000
s 1
g group pasted__pSphere1 pasted__Entradas
usemtl pasted__standardSurface4SG
f 425/1459/1273 426/1460/1274 446/1461/1275 445/1462/1276
f 426/1460/1274 427/1464/1277 447/1465/1278 446/1461/1275
f 427/1464/1277 428/1470/1279 448/1471/1280 447/1465/1278
f 428/1470/1279 429/1478/1281 449/1479/1282 448/1471/1280
f 429/1478/1281 430/1485/1283 450/1486/1284 449/1479/1282
f 430/1485/1283 431/1494/1285 451/1495/1286 450/1486/1284
f 431/1494/1285 432/1504/1287 452/1505/1288 451/1495/1286
f 432/1504/1287 433/1515/1289 453/1516/1290 452/1505/1288
f 433/1515/1289 434/1529/1291 454/1530/1292 453/1516/1290
f 434/1529/1291 435/1541/1293 455/1542/1294 454/1530/1292
f 435/1541/1293 436/1553/1295 456/1554/1296 455/1542/1294
f 436/1553/1295 437/1539/1297 457/1540/1298 456/1554/1296
f 437/1539/1297 438/1527/1299 458/1528/1300 457/1540/1298
f 438/1527/1299 439/1513/1301 459/1514/1302 458/1528/1300
f 439/1513/1301 440/1502/1303 460/1503/1304 459/1514/1302
f 440/1502/1303 441/1492/1305 461/1493/1306 460/1503/1304
f 441/1492/1305 442/1483/1307 462/1484/1308 461/1493/1306
f 442/1483/1307 443/1476/1309 463/1477/1310 462/1484/1308
f 443/1476/1309 444/1468/1311 464/1469/1312 463/1477/1310
f 444/1468/1311 425/1459/1273 445/1462/1276 464/1469/1312
f 445/1462/1276 446/1461/1275 466/1466/1313 465/1467/1314
f 446/1461/1275 447/1465/1278 467/1472/1315 466/1466/1313
f 447/1465/1278 448/1471/1280 468/1480/1316 467/1472/1315
f 448/1471/1280 449/1479/1282 469/1487/1317 468/1480/1316
f 449/1479/1282 450/1486/1284 470/1496/1318 469/1487/1317
f 450/1486/1284 451/1495/1286 471/1506/1319 470/1496/1318
f 451/1495/1286 452/1505/1288 472/1517/1320 471/1506/1319
f 452/1505/1288 453/1516/1290 473/1531/1321 472/1517/1320
f 453/1516/1290 454/1530/1292 474/1543/1322 473/1531/1321
f 454/1530/1292 455/1542/1294 475/1555/1323 474/1543/1322
f 455/1542/1294 456/1554/1296 476/1562/1324 475/1555/1323
f 456/1554/1296 457/1540/1298 477/1552/1325 476/1562/1324
f 457/1540/1298 458/1528/1300 478/1538/1326 477/1552/1325
f 458/1528/1300 459/1514/1302 479/1526/1327 478/1538/1326
f 459/1514/1302 460/1503/1304 480/1512/1328 479/1526/1327
f 460/1503/1304 461/1493/1306 481/1501/1329 480/1512/1328
f 461/1493/1306 462/1484/1308 482/1491/1330 481/1501/1329
f 462/1484/1308 463/1477/1310 483/1482/1331 482/1491/1330
f 463/1477/1310 464/1469/1312 484/1475/1332 483/1482/1331
f 464/1469/1312 445/1462/1276 465/1467/1314 484/1475/1332
f 465/1467/1314 466/1466/1313 486/1473/1333 485/1474/1334
f 466/1466/1313 467/1472/1315 487/1481/1335 486/1473/1333
f 467/1472/1315 468/1480/1316 488/1488/1336 487/1481/1335
f 468/1480/1316 469/1487/1317 489/1497/1337 488/1488/1336
f 469/1487/1317 470/1496/1318 490/1507/1338 489/1497/1337
f 470/1496/1318 471/1506/1319 491/1518/1339 490/1507/1338
f 471/1506/1319 472/1517/1320 492/1532/1340 491/1518/1339
f 472/1517/1320 473/1531/1321 493/1544/1341 492/1532/1340
f 473/1411/1321 474/1412/1322 494/1400/1342 493/1389/1341
f 474/1412/1322 475/1423/1323 495/1413/1343 494/1400/1342
f 475/1555/1323 476/1562/1324 496/1566/1344 495/1567/1343
f 476/1562/1324 477/1552/1325 497/1561/1345 496/1566/1344
f 477/1552/1325 478/1538/1326 498/1551/1346 497/1561/1345
f 478/1538/1326 479/1526/1327 499/1537/1347 498/1551/1346
f 479/1526/1327 480/1512/1328 500/1525/1348 499/1537/1347
f 480/1512/1328 481/1501/1329 501/1511/1349 500/1525/1348
f 481/1501/1329 482/1491/1330 502/1500/1350 501/1511/1349
f 482/1491/1330 483/1482/1331 503/1499/1351 502/1500/1350
f 483/1330/1331 484/1318/1332 504/1307/1352 503/1320/1351
f 484/1318/1332 465/1319/1314 485/1295/1334 504/1307/1352
f 485/1295/1334 486/1296/1333 506/1286/1353 505/1285/1354
f 486/1473/1333 487/1481/1335 507/1489/1355 506/1490/1353
f 487/1481/1335 488/1488/1336 508/1498/1356 507/1489/1355
f 488/1488/1336 489/1497/1337 509/1508/1357 508/1498/1356
f 489/1497/1337 490/1507/1338 510/1519/1358 509/1508/1357
f 490/1507/1338 491/1518/1339 511/1533/1359 510/1519/1358
f 491/1518/1339 492/1532/1340 512/1545/1360 511/1533/1359
f 492/1388/1340 493/1389/1341 513/1379/1361 512/1378/1360
f 493/1389/1341 494/1400/1342 514/1390/1362 513/1379/1361
f 494/1400/1342 495/1413/1343 515/1401/1363 514/1390/1362
f 495/1413/1343 496/1424/1344 516/1414/1364 515/1401/1363
f 496/1566/1344 497/1561/1345 517/1565/1365 516/1570/1364
f 497/1561/1345 498/1551/1346 518/1560/1366 517/1565/1365
f 498/1551/1346 499/1537/1347 519/1550/1367 518/1560/1366
f 499/1537/1347 500/1525/1348 520/1536/1368 519/1550/1367
f 500/1525/1348 501/1511/1349 521/1524/1369 520/1536/1368
f 501/1511/1349 502/1500/1350 522/1523/1370 521/1524/1369
f 502/1331/1350 503/1320/1351 523/1308/1371 522/1321/1370
f 503/1320/1351 504/1307/1352 524/1298/1372 523/1308/1371
f 504/1307/1352 485/1295/1334 505/1285/1354 524/1298/1372
f 505/1285/1354 506/1286/1353 526/1278/1373 525/1277/1374
f 506/1286/1353 507/1297/1355 527/1287/1375 526/1278/1373
f 507/1489/1355 508/1498/1356 528/1509/1376 527/1510/1375
f 508/1498/1356 509/1508/1357 529/1520/1377 528/1509/1376
f 509/1508/1357 510/1519/1358 530/1534/1378 529/1520/1377
f 510/1519/1358 511/1533/1359 531/1546/1379 530/1534/1378
f 511/1391/1359 512/1378/1360 532/1370/1380 531/1381/1379
f 512/1378/1360 513/1379/1361 533/1371/1381 532/1370/1380
f 513/1379/1361 514/1390/1362 534/1380/1382 533/1371/1381
f 514/1390/1362 515/1401/1363 535/1392/1383 534/1380/1382
f 515/1401/1363 516/1414/1364 536/1402/1384 535/1392/1383
f 516/1414/1364 517/1425/1365 537/1415/1385 536/1402/1384
f 517/1565/1365 518/1560/1366 538/1564/1386 537/1569/1385
f 518/1560/1366 519/1550/1367 539/1559/1387 538/1564/1386
f 519/1550/1367 520/1536/1368 540/1549/1388 539/1559/1387
f 520/1536/1368 521/1524/1369 541/1548/1389 540/1549/1388
f 521/1332/1369 522/1321/1370 542/1309/1390 541/1322/1389
f 522/1321/1370 523/1308/1371 543/1299/1391 542/1309/1390
f 523/1308/1371 524/1298/1372 544/1288/1392 543/1299/1391
f 524/1298/1372 505/1285/1354 525/1277/1374 544/1288/1392
f 525/1277/1374 526/1278/1373 546/1274/1393 545/1273/1394
f 526/1278/1373 527/1287/1375 547/1279/1395 546/1274/1393
f 527/1510/1375 528/1509/1376 548/1521/1396 547/1522/1395
f 528/1509/1376 529/1520/1377 549/1535/1397 548/1521/1396
f 529/1520/1377 530/1534/1378 550/1547/1398 549/1535/1397
f 530/1534/1378 531/1546/1379 551/1556/1399 550/1547/1398
f 531/1381/1379 532/1370/1380 552/1366/1400 551/1376/1399
f 532/1370/1380 533/1371/1381 553/1367/1401 552/1366/1400
f 533/1371/1381 534/1380/1382 554/1372/1402 553/1367/1401
f 534/1380/1382 535/1392/1383 555/1382/1403 554/1372/1402
f 535/1392/1383 536/1402/1384 556/1393/1404 555/1382/1403
f 536/1402/1384 537/1415/1385 557/1403/1405 556/1393/1404
f 537/1569/1385 538/1564/1386 558/1568/1406 557/1571/1405
f 538/1564/1386 539/1559/1387 559/1563/1407 558/1568/1406
f 539/1559/1387 540/1549/1388 560/1558/1408 559/1563/1407
f 540/1549/1388 541/1548/1389 561/1557/1409 560/1558/1408
f 541/1322/1389 542/1309/1390 562/1305/1410 561/1316/1409
f 542/1309/1390 543/1299/1391 563/1293/1411 562/1305/1410
f 543/1299/1391 544/1288/1392 564/1283/1412 563/1293/1411
f 544/1288/1392 525/1277/1374 545/1273/1394 564/1283/1412
f 545/1273/1394 546/1274/1393 566/1275/1413 565/1276/1414
f 546/1274/1393 547/1279/1395 567/1280/1415 566/1275/1413
f 547/1685/1395 548/1686/1396 568/1687/1416 567/1688/1415
f 548/1686/1396 549/1689/1397 569/1690/1417 568/1687/1416
f 549/1689/1397 550/1693/1398 570/1694/1418 569/1690/1417
f 550/1693/1398 551/1698/1399 571/1699/1419 570/1694/1418
f 551/1376/1399 552/1366/1400 572/1369/1420 571/1377/1419
f 552/1366/1400 553/1367/1401 573/1368/1421 572/1369/1420
f 553/1367/1401 554/1372/1402 574/1373/1422 573/1368/1421
f 554/1372/1402 555/1382/1403 575/1383/1423 574/1373/1422
f 555/1382/1403 556/1393/1404 576/1394/1424 575/1383/1423
f 556/1393/1404 557/1403/1405 577/1404/1425 576/1394/1424
f 557/1720/1405 558/1721/1406 578/1722/1426 577/1723/1425
f 558/1721/1406 559/1724/1407 579/1725/1427 578/1722/1426
f 559/1724/1407 560/1728/1408 580/1729/1428 579/1725/1427
f 560/1728/1408 561/1733/1409 581/1734/1429 580/1729/1428
f 561/1316/1409 562/1305/1410 582/1306/1430 581/1317/1429
f 562/1305/1410 563/1293/1411 583/1294/1431 582/1306/1430
f 563/1293/1411 564/1283/1412 584/1284/1432 583/1294/1431
f 564/1283/1412 545/1273/1394 565/1276/1414 584/1284/1432
f 565/1276/1414 566/1275/1413 586/1281/1433 585/1282/1434
f 566/1275/1413 567/1280/1415 587/1289/1435 586/1281/1433
f 567/1688/1415 568/1687/1416 588/1691/1436 587/1692/1435
f 568/1687/1416 569/1690/1417 589/1695/1437 588/1691/1436
f 569/1690/1417 570/1694/1418 590/1700/1438 589/1695/1437
f 570/1694/1418 571/1699/1419 591/1704/1439 590/1700/1438
f 571/1377/1419 572/1369/1420 592/1375/1440 591/1387/1439
f 572/1369/1420 573/1368/1421 593/1374/1441 592/1375/1440
f 573/1368/1421 574/1373/1422 594/1384/1442 593/1374/1441
f 574/1373/1422 575/1383/1423 595/1395/1443 594/1384/1442
f 575/1383/1423 576/1394/1424 596/1405/1444 595/1395/1443
f 576/1394/1424 577/1404/1425 597/1416/1445 596/1405/1444
f 577/1723/1425 578/1722/1426 598/1726/1446 597/1727/1445
f 578/1722/1426 579/1725/1427 599/1730/1447 598/1726/1446
f 579/1725/1427 580/1729/1428 600/1735/1448 599/1730/1447
f 580/1729/1428 581/1734/1429 601/1739/1449 600/1735/1448
f 581/1317/1429 582/1306/1430 602/1315/1450 601/1329/1449
f 582/1306/1430 583/1294/1431 603/1304/1451 602/1315/1450
f 583/1294/1431 584/1284/1432 604/1292/1452 603/1304/1451
f 584/1284/1432 565/1276/1414 585/1282/1434 604/1292/1452
f 585/1282/1434 586/1281/1433 606/1290/1453 605/1291/1454
f 586/1281/1433 587/1289/1435 607/1300/1455 606/1290/1453
f 587/1692/1435 588/1691/1436 608/1696/1456 607/1697/1455
f 588/1691/1436 589/1695/1437 609/1701/1457 608/1696/1456
f 589/1695/1437 590/1700/1438 610/1705/1458 609/1701/1457
f 590/1700/1438 591/1704/1439 611/1709/1459 610/1705/1458
f 591/1387/1439 592/1375/1440 612/1386/1460 611/1399/1459
f 592/1375/1440 593/1374/1441 613/1385/1461 612/1386/1460
f 593/1374/1441 594/1384/1442 614/1396/1462 613/1385/1461
f 594/1384/1442 595/1395/1443 615/1406/1463 614/1396/1462
f 595/1395/1443 596/1405/1444 616/1417/1464 615/1406/1463
f 596/1405/1444 597/1416/1445 617/1426/1465 616/1417/1464
f 597/1727/1445 598/1726/1446 618/1731/1466 617/1732/1465
f 598/1726/1446 599/1730/1447 619/1736/1467 618/1731/1466
f 599/1730/1447 600/1735/1448 620/1740/1468 619/1736/1467
f 600/1735/1448 601/1739/1449 621/1744/1469 620/1740/1468
f 601/1329/1449 602/1315/1450 622/1328/1470 621/1339/1469
f 602/1315/1450 603/1304/1451 623/1314/1471 622/1328/1470
f 603/1304/1451 604/1292/1452 624/1303/1472 623/1314/1471
f 604/1292/1452 585/1282/1434 605/1291/1454 624/1303/1472
f 605/1291/1454 606/1290/1453 626/1301/1473 625/1302/1474
f 606/1290/1453 607/1300/1455 627/1310/1475 626/1301/1473
f 607/1697/1455 608/1696/1456 628/1702/1476 627/1703/1475
f 608/1696/1456 609/1701/1457 629/1706/1477 628/1702/1476
f 609/1701/1457 610/1705/1458 630/1710/1478 629/1706/1477
f 610/1705/1458 611/1709/1459 631/1714/1479 630/1710/1478
f 611/1399/1459 612/1386/1460 632/1398/1480 631/1410/1479
f 612/1386/1460 613/1385/1461 633/1397/1481 632/1398/1480
f 613/1385/1461 614/1396/1462 634/1407/1482 633/1397/1481
f 614/1396/1462 615/1406/1463 635/1418/1483 634/1407/1482
f 615/1406/1463 616/1417/1464 636/1427/1484 635/1418/1483
f 616/1417/1464 617/1426/1465 637/1433/1485 636/1427/1484
f 617/1732/1465 618/1731/1466 638/1737/1486 637/1738/1485
f 618/1731/1466 619/1736/1467 639/1741/1487 638/1737/1486
f 619/1736/1467 620/1740/1468 640/1745/1488 639/1741/1487
f 620/1740/1468 621/1744/1469 641/1749/1489 640/1745/1488
f 621/1339/1469 622/1328/1470 642/1338/1490 641/1346/1489
f 622/1328/1470 623/1314/1471 643/1327/1491 642/1338/1490
f 623/1314/1471 624/1303/1472 644/1313/1492 643/1327/1491
f 624/1303/1472 605/1291/1454 625/1302/1474 644/1313/1492
f 625/1302/1474 626/1301/1473 646/1311/1493 645/1312/1494
f 626/1301/1473 627/1310/1475 647/1323/1495 646/1311/1493
f 627/1703/1475 628/1702/1476 648/1707/1496 647/1708/1495
f 628/1702/1476 629/1706/1477 649/1711/1497 648/1707/1496
f 629/1706/1477 630/1710/1478 650/1715/1498 649/1711/1497
f 630/1710/1478 631/1714/1479 651/1717/1499 650/1715/1498
f 631/1410/1479 632/1398/1480 652/1409/1500 651/1422/1499
f 632/1398/1480 633/1397/1481 653/1408/1501 652/1409/1500
f 633/1397/1481 634/1407/1482 654/1419/1502 653/1408/1501
f 634/1407/1482 635/1418/1483 655/1428/1503 654/1419/1502
f 635/1418/1483 636/1427/1484 656/1434/1504 655/1428/1503
f 636/1427/1484 637/1433/1485 657/1440/1505 656/1434/1504
f 637/1738/1485 638/1737/1486 658/1742/1506 657/1743/1505
f 638/1737/1486 639/1741/1487 659/1746/1507 658/1742/1506
f 639/1741/1487 640/1745/1488 660/1750/1508 659/1746/1507
f 640/1745/1488 641/1749/1489 661/1752/1509 660/1750/1508
f 641/1346/1489 642/1338/1490 662/1345/1510 661/1353/1509
f 642/1338/1490 643/1327/1491 663/1337/1511 662/1345/1510
f 643/1327/1491 644/1313/1492 664/1326/1512 663/1337/1511
f 644/1313/1492 625/1302/1474 645/1312/1494 664/1326/1512
f 645/1312/1494 646/1311/1493 666/1324/1513 665/1325/1514
f 646/1311/1493 647/1323/1495 667/1333/1515 666/1324/1513
f 647/1708/1495 648/1707/1496 668/1712/1516 667/1713/1515
f 648/1707/1496 649/1711/1497 669/1716/1517 668/1712/1516
f 649/1711/1497 650/1715/1498 670/1718/1518 669/1716/1517
f 650/1715/1498 651/1717/1499 671/1719/1519 670/1718/1518
f 651/1422/1499 652/1409/1500 672/1421/1520 671/1432/1519
f 652/1409/1500 653/1408/1501 673/1420/1521 672/1421/1520
f 653/1408/1501 654/1419/1502 674/1429/1522 673/1420/1521
f 654/1419/1502 655/1428/1503 675/1435/1523 674/1429/1522
f 655/1428/1503 656/1434/1504 676/1441/1524 675/1435/1523
f 656/1434/1504 657/1440/1505 677/1447/1525 676/1441/1524
f 657/1743/1505 658/1742/1506 678/1747/1526 677/1748/1525
f 658/1742/1506 659/1746/1507 679/1751/1527 678/1747/1526
f 659/1746/1507 660/1750/1508 680/1753/1528 679/1751/1527
f 660/1750/1508 661/1752/1509 681/1754/1529 680/1753/1528
f 661/1353/1509 662/1345/1510 682/1352/1530 681/1357/1529
f 662/1345/1510 663/1337/1511 683/1344/1531 682/1352/1530
f 663/1337/1511 664/1326/1512 684/1336/1532 683/1344/1531
f 664/1326/1512 645/1312/1494 665/1325/1514 684/1336/1532
f 665/1325/1514 666/1324/1513 686/1334/1533 685/1335/1534
f 666/1324/1513 667/1333/1515 687/1340/1535 686/1334/1533
f 667/1589/1515 668/1590/1516 688/1581/1536 687/1580/1535
f 668/1590/1516 669/1599/1517 689/1591/1537 688/1581/1536
f 669/1599/1517 670/1610/1518 690/1600/1538 689/1591/1537
f 670/1610/1518 671/1620/1519 691/1611/1539 690/1600/1538
f 671/1432/1519 672/1421/1520 692/1431/1540 691/1439/1539
f 672/1421/1520 673/1420/1521 693/1430/1541 692/1431/1540
f 673/1420/1521 674/1429/1522 694/1436/1542 693/1430/1541
f 674/1429/1522 675/1435/1523 695/1442/1543 694/1436/1542
f 675/1435/1523 676/1441/1524 696/1448/1544 695/1442/1543
f 676/1441/1524 677/1447/1525 697/1451/1545 696/1448/1544
f 677/1684/1525 678/1682/1526 698/1679/1546 697/1683/1545
f 678/1682/1526 679/1678/1527 699/1675/1547 698/1679/1546
f 679/1678/1527 680/1673/1528 700/1663/1548 699/1675/1547
f 680/1673/1528 681/1674/1529 701/1664/1549 700/1663/1548
f 681/1357/1529 682/1352/1530 702/1356/1550 701/1362/1549
f 682/1352/1530 683/1344/1531 703/1351/1551 702/1356/1550
f 683/1344/1531 684/1336/1532 704/1343/1552 703/1351/1551
f 684/1336/1532 665/1325/1514 685/1335/1534 704/1343/1552
f 685/1335/1534 686/1334/1533 706/1341/1553 705/1342/1554
f 686/1334/1533 687/1340/1535 707/1347/1555 706/1341/1553
f 687/1580/1535 688/1581/1536 708/1576/1556 707/1573/1555
f 688/1581/1536 689/1591/1537 709/1582/1557 708/1576/1556
f 689/1591/1537 690/1600/1538 710/1592/1558 709/1582/1557
f 690/1600/1538 691/1611/1539 711/1601/1559 710/1592/1558
f 691/1439/1539 692/1431/1540 712/1438/1560 711/1446/1559
f 692/1431/1540 693/1430/1541 713/1437/1561 712/1438/1560
f 693/1430/1541 694/1436/1542 714/1443/1562 713/1437/1561
f 694/1436/1542 695/1442/1543 715/1449/1563 714/1443/1562
f 695/1442/1543 696/1448/1544 716/1452/1564 715/1449/1563
f 696/1448/1544 697/1451/1545 717/1456/1565 716/1452/1564
f 697/1683/1545 698/1679/1546 718/1676/1566 717/1680/1565
f 698/1679/1546 699/1675/1547 719/1665/1567 718/1676/1566
f 699/1675/1547 700/1663/1548 720/1655/1568 719/1665/1567
f 700/1663/1548 701/1664/1549 721/1646/1569 720/1655/1568
f 701/1362/1549 702/1356/1550 722/1361/1570 721/1365/1569
f 702/1356/1550 703/1351/1551 723/1355/1571 722/1361/1570
f 703/1351/1551 704/1343/1552 724/1350/1572 723/1355/1571
f 704/1343/1552 685/1335/1534 705/1342/1554 724/1350/1572
f 705/1342/1554 706/1341/1553 726/1348/1573 725/1349/1574
f 706/1572/1553 707/1573/1555 727/1574/1575 726/1575/1573
f 707/1573/1555 708/1576/1556 728/1577/1576 727/1574/1575
f 708/1576/1556 709/1582/1557 729/1583/1577 728/1577/1576
f 709/1582/1557 710/1592/1558 730/1593/1578 729/1583/1577
f 710/1592/1558 711/1601/1559 731/1602/1579 730/1593/1578
f 711/1601/1559 712/1612/1560 732/1613/1580 731/1602/1579
f 712/1438/1560 713/1437/1561 733/1444/1581 732/1445/1580
f 713/1437/1561 714/1443/1562 734/1450/1582 733/1444/1581
f 714/1443/1562 715/1449/1563 735/1453/1583 734/1450/1582
f 715/1449/1563 716/1452/1564 736/1457/1584 735/1453/1583
f 716/1681/1564 717/1680/1565 737/1677/1585 736/1670/1584
f 717/1680/1565 718/1676/1566 738/1666/1586 737/1677/1585
f 718/1676/1566 719/1665/1567 739/1656/1587 738/1666/1586
f 719/1665/1567 720/1655/1568 740/1648/1588 739/1656/1587
f 720/1655/1568 721/1646/1569 741/1639/1589 740/1648/1588
f 721/1646/1569 722/1647/1570 742/1632/1590 741/1639/1589
f 722/1361/1570 723/1355/1571 743/1360/1591 742/1364/1590
f 723/1355/1571 724/1350/1572 744/1354/1592 743/1360/1591
f 724/1350/1572 705/1342/1554 725/1349/1574 744/1354/1592
f 725/1587/1574 726/1575/1573 746/1579/1593 745/1588/1594
f 726/1575/1573 727/1574/1575 747/1578/1595 746/1579/1593
f 727/1574/1575 728/1577/1576 748/1584/1596 747/1578/1595
f 728/1577/1576 729/1583/1577 749/1594/1597 748/1584/1596
f 729/1583/1577 730/1593/1578 750/1603/1598 749/1594/1597
f 730/1593/1578 731/1602/1579 751/1614/1599 750/1603/1598
f 731/1602/1579 732/1613/1580 752/1621/1600 751/1614/1599
f 732/1613/1580 733/1627/1581 753/1628/1601 752/1621/1600
f 733/1444/1581 734/1450/1582 754/1454/1602 753/1455/1601
f 734/1450/1582 735/1453/1583 755/1458/1603 754/1454/1602
f 735/1669/1583 736/1670/1584 756/1659/1604 755/1651/1603
f 736/1670/1584 737/1677/1585 757/1667/1605 756/1659/1604
f 737/1677/1585 738/1666/1586 758/1657/1606 757/1667/1605
f 738/1666/1586 739/1656/1587 759/1649/1607 758/1657/1606
f 739/1656/1587 740/1648/1588 760/1640/1608 759/1649/1607
f 740/1648/1588 741/1639/1589 761/1634/1609 760/1640/1608
f 741/1639/1589 742/1632/1590 762/1625/1610 761/1634/1609
f 742/1632/1590 743/1633/1591 763/1618/1611 762/1625/1610
f 743/1360/1591 744/1354/1592 764/1359/1612 763/1363/1611
f 744/1354/1592 725/1349/1574 745/1358/1594 764/1359/1612
f 745/1588/1594 746/1579/1593 766/1586/1613 765/1598/1614
f 746/1579/1593 747/1578/1595 767/1585/1615 766/1586/1613
f 747/1578/1595 748/1584/1596 768/1595/1616 767/1585/1615
f 748/1584/1596 749/1594/1597 769/1604/1617 768/1595/1616
f 749/1594/1597 750/1603/1598 770/1615/1618 769/1604/1617
f 750/1603/1598 751/1614/1599 771/1622/1619 770/1615/1618
f 751/1614/1599 752/1621/1600 772/1629/1620 771/1622/1619
f 752/1621/1600 753/1628/1601 773/1636/1621 772/1629/1620
f 753/1628/1601 754/1642/1602 774/1643/1622 773/1636/1621
f 754/1642/1602 755/1651/1603 775/1652/1623 774/1643/1622
f 755/1651/1603 756/1659/1604 776/1660/1624 775/1652/1623
f 756/1659/1604 757/1667/1605 777/1668/1625 776/1660/1624
f 757/1667/1605 758/1657/1606 778/1658/1626 777/1668/1625
f 758/1657/1606 759/1649/1607 779/1650/1627 778/1658/1626
f 759/1649/1607 760/1640/1608 780/1641/1628 779/1650/1627
f 760/1640/1608 761/1634/1609 781/1635/1629 780/1641/1628
f 761/1634/1609 762/1625/1610 782/1626/1630 781/1635/1629
f 762/1625/1610 763/1618/1611 783/1619/1631 782/1626/1630
f 763/1618/1611 764/1608/1612 784/1609/1632 783/1619/1631
f 764/1608/1612 745/1588/1594 765/1598/1614 784/1609/1632
f 765/1598/1614 766/1586/1613 786/1597/1633 785/1607/1634
f 766/1586/1613 767/1585/1615 787/1596/1635 786/1597/1633
f 767/1585/1615 768/1595/1616 788/1605/1636 787/1596/1635
f 768/1595/1616 769/1604/1617 789/1616/1637 788/1605/1636
f 769/1604/1617 770/1615/1618 790/1623/1638 789/1616/1637
f 770/1615/1618 771/1622/1619 791/1630/1639 790/1623/1638
f 771/1622/1619 772/1629/1620 792/1637/1640 791/1630/1639
f 772/1629/1620 773/1636/1621 793/1644/1641 792/1637/1640
f 773/1636/1621 774/1643/1622 794/1653/1642 793/1644/1641
f 774/1643/1622 775/1652/1623 795/1661/1643 794/1653/1642
f 775/1652/1623 776/1660/1624 796/1671/1644 795/1661/1643
f 776/1660/1624 777/1668/1625 797/1672/1645 796/1671/1644
f 777/1668/1625 778/1658/1626 798/1662/1646 797/1672/1645
f 778/1658/1626 779/1650/1627 799/1654/1647 798/1662/1646
f 779/1650/1627 780/1641/1628 800/1645/1648 799/1654/1647
f 780/1641/1628 781/1635/1629 801/1638/1649 800/1645/1648
f 781/1635/1629 782/1626/1630 802/1631/1650 801/1638/1649
f 782/1626/1630 783/1619/1631 803/1624/1651 802/1631/1650
f 783/1619/1631 784/1609/1632 804/1617/1652 803/1624/1651
f 784/1609/1632 765/1598/1614 785/1607/1634 804/1617/1652
f 426/1460/1274 425/1459/1273 805/1463/1653
f 427/1464/1277 426/1460/1274 805/1463/1653
f 428/1470/1279 427/1464/1277 805/1463/1653
f 429/1478/1281 428/1470/1279 805/1463/1653
f 430/1485/1283 429/1478/1281 805/1463/1653
f 431/1494/1285 430/1485/1283 805/1463/1653
f 432/1504/1287 431/1494/1285 805/1463/1653
f 433/1515/1289 432/1504/1287 805/1463/1653
f 434/1529/1291 433/1515/1289 805/1463/1653
f 435/1541/1293 434/1529/1291 805/1463/1653
f 436/1553/1295 435/1541/1293 805/1463/1653
f 437/1539/1297 436/1553/1295 805/1463/1653
f 438/1527/1299 437/1539/1297 805/1463/1653
f 439/1513/1301 438/1527/1299 805/1463/1653
f 440/1502/1303 439/1513/1301 805/1463/1653
f 441/1492/1305 440/1502/1303 805/1463/1653
f 442/1483/1307 441/1492/1305 805/1463/1653
f 443/1476/1309 442/1483/1307 805/1463/1653
f 444/1468/1311 443/1476/1309 805/1463/1653
f 425/1459/1273 444/1468/1311 805/1463/1653
f 785/1607/1634 786/1597/1633 806/1606/1654
f 786/1597/1633 787/1596/1635 806/1606/1654
f 787/1596/1635 788/1605/1636 806/1606/1654
f 788/1605/1636 789/1616/1637 806/1606/1654
f 789/1616/1637 790/1623/1638 806/1606/1654
f 790/1623/1638 791/1630/1639 806/1606/1654
f 791/1630/1639 792/1637/1640 806/1606/1654
f 792/1637/1640 793/1644/1641 806/1606/1654
f 793/1644/1641 794/1653/1642 806/1606/1654
f 794/1653/1642 795/1661/1643 806/1606/1654
f 795/1661/1643 796/1671/1644 806/1606/1654
f 796/1671/1644 797/1672/1645 806/1606/1654
f 797/1672/1645 798/1662/1646 806/1606/1654
f 798/1662/1646 799/1654/1647 806/1606/1654
f 799/1654/1647 800/1645/1648 806/1606/1654
f 800/1645/1648 801/1638/1649 806/1606/1654
f 801/1638/1649 802/1631/1650 806/1606/1654
f 802/1631/1650 803/1624/1651 806/1606/1654
f 803/1624/1651 804/1617/1652 806/1606/1654
f 804/1617/1652 785/1607/1634 806/1606/1654
g default
v 10.614228 1.362839 -6.477738
v 10.606069 1.362839 -6.493752
v 10.593360 1.362839 -6.506460
v 10.577346 1.362839 -6.514620
v 10.559594 1.362839 -6.517432
v 10.541843 1.362839 -6.514620
v 10.525829 1.362839 -6.506460
v 10.513120 1.362839 -6.493752
v 10.504960 1.362839 -6.477738
v 10.502149 1.362839 -6.459986
v 10.504960 1.362839 -6.442234
v 10.513120 1.362839 -6.426220
v 10.525829 1.362839 -6.413511
v 10.541843 1.362839 -6.405352
v 10.559594 1.362839 -6.402540
v 10.577346 1.362839 -6.405352
v 10.593360 1.362839 -6.413511
v 10.606069 1.362839 -6.426220
v 10.614228 1.362839 -6.442234
v 10.617040 1.362839 -6.459986
v 10.667517 1.376291 -6.495052
v 10.651399 1.376291 -6.526686
v 10.626294 1.376291 -6.551791
v 10.594661 1.376291 -6.567909
v 10.559594 1.376291 -6.573463
v 10.524528 1.376291 -6.567909
v 10.492894 1.376291 -6.551791
v 10.467790 1.376291 -6.526686
v 10.451672 1.376291 -6.495052
v 10.446118 1.376291 -6.459986
v 10.451672 1.376291 -6.424920
v 10.467790 1.376291 -6.393286
v 10.492894 1.376291 -6.368181
v 10.524528 1.376291 -6.352063
v 10.559594 1.376291 -6.346509
v 10.594661 1.376291 -6.352063
v 10.626294 1.376291 -6.368181
v 10.651399 1.376291 -6.393286
v 10.667517 1.376291 -6.424920
v 10.673071 1.376291 -6.459986
v 10.718149 1.398343 -6.511503
v 10.694469 1.398343 -6.557978
v 10.657586 1.398343 -6.594860
v 10.611112 1.398343 -6.618540
v 10.559594 1.398343 -6.626700
v 10.508077 1.398343 -6.618540
v 10.461603 1.398343 -6.594860
v 10.424720 1.398343 -6.557978
v 10.401040 1.398343 -6.511503
v 10.392881 1.398343 -6.459986
v 10.401040 1.398343 -6.408469
v 10.424720 1.398343 -6.361994
v 10.461603 1.398343 -6.325112
v 10.508077 1.398343 -6.301432
v 10.559594 1.398343 -6.293272
v 10.611112 1.398343 -6.301432
v 10.657586 1.398343 -6.325112
v 10.694469 1.398343 -6.361994
v 10.718148 1.398343 -6.408469
v 10.726308 1.398343 -6.459986
v 10.764876 1.428451 -6.526686
v 10.734217 1.428451 -6.586857
v 10.686465 1.428451 -6.634609
v 10.626294 1.428451 -6.665267
v 10.559594 1.428451 -6.675832
v 10.492894 1.428451 -6.665267
v 10.432724 1.428451 -6.634609
v 10.384972 1.428451 -6.586857
v 10.354313 1.428451 -6.526686
v 10.343749 1.428451 -6.459986
v 10.354313 1.428451 -6.393286
v 10.384972 1.428451 -6.333115
v 10.432724 1.428451 -6.285363
v 10.492894 1.428451 -6.254705
v 10.559594 1.428451 -6.244140
v 10.626294 1.428451 -6.254705
v 10.686465 1.428451 -6.285363
v 10.734217 1.428451 -6.333115
v 10.764876 1.428451 -6.393286
v 10.775440 1.428451 -6.459986
v 10.806548 1.465874 -6.540226
v 10.769666 1.465874 -6.612612
v 10.712220 1.465874 -6.670058
v 10.639835 1.465874 -6.706940
v 10.559594 1.465874 -6.719649
v 10.479354 1.465874 -6.706940
v 10.406968 1.465874 -6.670057
v 10.349523 1.465874 -6.612612
v 10.312641 1.465874 -6.540226
v 10.299932 1.465874 -6.459986
v 10.312641 1.465874 -6.379746
v 10.349523 1.465874 -6.307360
v 10.406969 1.465874 -6.249914
v 10.479354 1.465874 -6.213032
v 10.559594 1.465874 -6.200323
v 10.639835 1.465874 -6.213032
v 10.712220 1.465874 -6.249915
v 10.769666 1.465874 -6.307360
v 10.806548 1.465874 -6.379746
v 10.819257 1.465874 -6.459986
v 10.842140 1.509691 -6.551791
v 10.799942 1.509691 -6.634609
v 10.734217 1.509691 -6.700334
v 10.651399 1.509691 -6.742532
v 10.559594 1.509691 -6.757072
v 10.467790 1.509691 -6.742532
v 10.384972 1.509691 -6.700334
v 10.319247 1.509691 -6.634609
v 10.277049 1.509691 -6.551791
v 10.262508 1.509691 -6.459986
v 10.277049 1.509691 -6.368181
v 10.319247 1.509691 -6.285363
v 10.384972 1.509691 -6.219638
v 10.467790 1.509691 -6.177440
v 10.559594 1.509691 -6.162900
v 10.651399 1.509691 -6.177440
v 10.734217 1.509691 -6.219638
v 10.799942 1.509691 -6.285363
v 10.842140 1.509691 -6.368181
v 10.856680 1.509691 -6.459986
v 10.870774 1.558823 -6.561094
v 10.824300 1.558823 -6.652306
v 10.751914 1.558823 -6.724692
v 10.660703 1.558823 -6.771166
v 10.559594 1.558823 -6.787180
v 10.458486 1.558823 -6.771166
v 10.367275 1.558823 -6.724691
v 10.294889 1.558823 -6.652306
v 10.248414 1.558823 -6.561094
v 10.232400 1.558823 -6.459986
v 10.248414 1.558823 -6.358877
v 10.294889 1.558823 -6.267666
v 10.367275 1.558823 -6.195280
v 10.458486 1.558823 -6.148806
v 10.559594 1.558823 -6.132792
v 10.660703 1.558823 -6.148806
v 10.751914 1.558823 -6.195280
v 10.824300 1.558823 -6.267666
v 10.870774 1.558823 -6.358877
v 10.886788 1.558823 -6.459986
v 10.891747 1.612060 -6.567909
v 10.842140 1.612060 -6.665267
v 10.764876 1.612060 -6.742532
v 10.667517 1.612060 -6.792138
v 10.559594 1.612060 -6.809232
v 10.451672 1.612060 -6.792138
v 10.354313 1.612060 -6.742532
v 10.277049 1.612060 -6.665267
v 10.227442 1.612060 -6.567909
v 10.210349 1.612060 -6.459986
v 10.227442 1.612060 -6.352063
v 10.277049 1.612060 -6.254705
v 10.354313 1.612060 -6.177440
v 10.451672 1.612060 -6.127834
v 10.559594 1.612060 -6.110741
v 10.667517 1.612060 -6.127834
v 10.764876 1.612060 -6.177440
v 10.842140 1.612060 -6.254705
v 10.891746 1.612060 -6.352063
v 10.908840 1.612060 -6.459986
v 10.904540 1.668091 -6.572066
v 10.853023 1.668091 -6.673174
v 10.772783 1.668091 -6.753414
v 10.671674 1.668091 -6.804932
v 10.559594 1.668091 -6.822683
v 10.447515 1.668091 -6.804932
v 10.346406 1.668091 -6.753414
v 10.266166 1.668091 -6.673174
v 10.214649 1.668091 -6.572066
v 10.196897 1.668091 -6.459986
v 10.214649 1.668091 -6.347906
v 10.266166 1.668091 -6.246798
v 10.346406 1.668091 -6.166558
v 10.447515 1.668091 -6.115040
v 10.559594 1.668091 -6.097289
v 10.671674 1.668091 -6.115040
v 10.772782 1.668091 -6.166558
v 10.853023 1.668091 -6.246798
v 10.904540 1.668091 -6.347906
v 10.922292 1.668091 -6.459986
v 10.908840 1.725537 -6.573463
v 10.856680 1.725537 -6.675832
v 10.775440 1.725537 -6.757072
v 10.673071 1.725537 -6.809232
v 10.559594 1.725537 -6.827204
v 10.446118 1.725537 -6.809232
v 10.343749 1.725537 -6.757072
v 10.262508 1.725537 -6.675832
v 10.210349 1.725537 -6.573463
v 10.192376 1.725537 -6.459986
v 10.210349 1.725537 -6.346509
v 10.262508 1.725537 -6.244140
v 10.343749 1.725537 -6.162900
v 10.446118 1.725537 -6.110741
v 10.559594 1.725537 -6.092768
v 10.673071 1.725537 -6.110741
v 10.775440 1.725537 -6.162900
v 10.856680 1.725537 -6.244140
v 10.908840 1.725537 -6.346509
v 10.926813 1.725537 -6.459986
v 10.904540 1.782982 -6.572066
v 10.853023 1.782982 -6.673174
v 10.772783 1.782982 -6.753414
v 10.671674 1.782982 -6.804932
v 10.559594 1.782982 -6.822683
v 10.447515 1.782982 -6.804932
v 10.346406 1.782982 -6.753414
v 10.266166 1.782982 -6.673174
v 10.214649 1.782982 -6.572066
v 10.196897 1.782982 -6.459986
v 10.214649 1.782982 -6.347906
v 10.266166 1.782982 -6.246798
v 10.346406 1.782982 -6.166558
v 10.447515 1.782982 -6.115040
v 10.559594 1.782982 -6.097289
v 10.671674 1.782982 -6.115040
v 10.772782 1.782982 -6.166558
v 10.853023 1.782982 -6.246798
v 10.904540 1.782982 -6.347906
v 10.922292 1.782982 -6.459986
v 10.891747 1.839013 -6.567909
v 10.842140 1.839013 -6.665267
v 10.764876 1.839013 -6.742532
v 10.667517 1.839013 -6.792138
v 10.559594 1.839013 -6.809232
v 10.451672 1.839013 -6.792138
v 10.354313 1.839013 -6.742532
v 10.277049 1.839013 -6.665267
v 10.227442 1.839013 -6.567909
v 10.210349 1.839013 -6.459986
v 10.227442 1.839013 -6.352063
v 10.277049 1.839013 -6.254705
v 10.354313 1.839013 -6.177440
v 10.451672 1.839013 -6.127834
v 10.559594 1.839013 -6.110741
v 10.667517 1.839013 -6.127834
v 10.764876 1.839013 -6.177440
v 10.842140 1.839013 -6.254705
v 10.891746 1.839013 -6.352063
v 10.908840 1.839013 -6.459986
v 10.870774 1.892250 -6.561094
v 10.824300 1.892250 -6.652306
v 10.751914 1.892250 -6.724692
v 10.660703 1.892250 -6.771166
v 10.559594 1.892250 -6.787180
v 10.458486 1.892250 -6.771166
v 10.367275 1.892250 -6.724691
v 10.294889 1.892250 -6.652306
v 10.248414 1.892250 -6.561094
v 10.232400 1.892250 -6.459986
v 10.248414 1.892250 -6.358877
v 10.294889 1.892250 -6.267666
v 10.367275 1.892250 -6.195280
v 10.458486 1.892250 -6.148806
v 10.559594 1.892250 -6.132792
v 10.660703 1.892250 -6.148806
v 10.751914 1.892250 -6.195280
v 10.824300 1.892250 -6.267666
v 10.870774 1.892250 -6.358877
v 10.886788 1.892250 -6.459986
v 10.842140 1.941382 -6.551791
v 10.799942 1.941382 -6.634609
v 10.734217 1.941382 -6.700334
v 10.651399 1.941382 -6.742532
v 10.559594 1.941382 -6.757072
v 10.467790 1.941382 -6.742532
v 10.384972 1.941382 -6.700334
v 10.319247 1.941382 -6.634609
v 10.277049 1.941382 -6.551791
v 10.262508 1.941382 -6.459986
v 10.277049 1.941382 -6.368181
v 10.319247 1.941382 -6.285363
v 10.384972 1.941382 -6.219638
v 10.467790 1.941382 -6.177440
v 10.559594 1.941382 -6.162900
v 10.651399 1.941382 -6.177440
v 10.734217 1.941382 -6.219638
v 10.799942 1.941382 -6.285363
v 10.842140 1.941382 -6.368181
v 10.856680 1.941382 -6.459986
v 10.806548 1.985199 -6.540226
v 10.769666 1.985199 -6.612612
v 10.712220 1.985199 -6.670058
v 10.639835 1.985199 -6.706940
v 10.559594 1.985199 -6.719649
v 10.479354 1.985199 -6.706940
v 10.406968 1.985199 -6.670057
v 10.349523 1.985199 -6.612612
v 10.312641 1.985199 -6.540226
v 10.299932 1.985199 -6.459986
v 10.312641 1.985199 -6.379746
v 10.349523 1.985199 -6.307360
v 10.406969 1.985199 -6.249914
v 10.479354 1.985199 -6.213032
v 10.559594 1.985199 -6.200323
v 10.639835 1.985199 -6.213032
v 10.712220 1.985199 -6.249915
v 10.769666 1.985199 -6.307360
v 10.806548 1.985199 -6.379746
v 10.819257 1.985199 -6.459986
v 10.764876 2.022622 -6.526686
v 10.734217 2.022622 -6.586857
v 10.686465 2.022622 -6.634609
v 10.626294 2.022622 -6.665267
v 10.559594 2.022622 -6.675832
v 10.492894 2.022622 -6.665267
v 10.432724 2.022622 -6.634609
v 10.384972 2.022622 -6.586857
v 10.354313 2.022622 -6.526686
v 10.343749 2.022622 -6.459986
v 10.354313 2.022622 -6.393286
v 10.384972 2.022622 -6.333115
v 10.432724 2.022622 -6.285363
v 10.492894 2.022622 -6.254705
v 10.559594 2.022622 -6.244140
v 10.626294 2.022622 -6.254705
v 10.686465 2.022622 -6.285363
v 10.734217 2.022622 -6.333115
v 10.764876 2.022622 -6.393286
v 10.775440 2.022622 -6.459986
v 10.718149 2.052731 -6.511503
v 10.694469 2.052731 -6.557978
v 10.657586 2.052731 -6.594860
v 10.611112 2.052731 -6.618540
v 10.559594 2.052731 -6.626700
v 10.508077 2.052731 -6.618540
v 10.461603 2.052731 -6.594860
v 10.424720 2.052731 -6.557978
v 10.401040 2.052731 -6.511503
v 10.392881 2.052731 -6.459986
v 10.401040 2.052731 -6.408469
v 10.424720 2.052731 -6.361994
v 10.461603 2.052731 -6.325112
v 10.508077 2.052731 -6.301432
v 10.559594 2.052731 -6.293272
v 10.611112 2.052731 -6.301432
v 10.657586 2.052731 -6.325112
v 10.694469 2.052731 -6.361994
v 10.718148 2.052731 -6.408469
v 10.726308 2.052731 -6.459986
v 10.667517 2.074782 -6.495052
v 10.651399 2.074782 -6.526686
v 10.626294 2.074782 -6.551791
v 10.594661 2.074782 -6.567909
v 10.559594 2.074782 -6.573463
v 10.524528 2.074782 -6.567909
v 10.492894 2.074782 -6.551791
v 10.467790 2.074782 -6.526686
v 10.451672 2.074782 -6.495052
v 10.446118 2.074782 -6.459986
v 10.451672 2.074782 -6.424920
v 10.467790 2.074782 -6.393286
v 10.492894 2.074782 -6.368181
v 10.524528 2.074782 -6.352063
v 10.559594 2.074782 -6.346509
v 10.594661 2.074782 -6.352063
v 10.626294 2.074782 -6.368181
v 10.651399 2.074782 -6.393286
v 10.667517 2.074782 -6.424920
v 10.673071 2.074782 -6.459986
v 10.614228 2.088234 -6.477738
v 10.606069 2.088234 -6.493752
v 10.593360 2.088234 -6.506460
v 10.577346 2.088234 -6.514620
v 10.559594 2.088234 -6.517432
v 10.541843 2.088234 -6.514620
v 10.525829 2.088234 -6.506460
v 10.513120 2.088234 -6.493752
v 10.504960 2.088234 -6.477738
v 10.502149 2.088234 -6.459986
v 10.504960 2.088234 -6.442234
v 10.513120 2.088234 -6.426220
v 10.525829 2.088234 -6.413511
v 10.541843 2.088234 -6.405352
v 10.559594 2.088234 -6.402540
v 10.577346 2.088234 -6.405352
v 10.593360 2.088234 -6.413511
v 10.606069 2.088234 -6.426220
v 10.614228 2.088234 -6.442234
v 10.617040 2.088234 -6.459986
v 10.559594 1.358318 -6.459986
v 10.559594 2.092755 -6.459986
vt 0.845175 0.536451
vt 0.904563 0.536451
vt 0.913003 0.571114
vt 0.849612 0.571114
vt 0.839117 0.504460
vt 0.893041 0.504460
vt 0.951695 0.536451
vt 0.963310 0.571114
vt 0.918151 0.607596
vt 0.852319 0.607596
vt 0.779343 0.536451
vt 0.779343 0.571114
vt 0.831587 0.475931
vt 0.878719 0.475931
vt 0.935835 0.504460
vt 0.779343 0.504460
vt 0.970397 0.607596
vt 0.919881 0.644999
vt 0.853228 0.644999
vt 0.779343 0.607596
vt 0.713510 0.536451
vt 0.709073 0.571114
vt 0.822772 0.451564
vt 0.861950 0.451564
vt 0.916122 0.475931
vt 0.779343 0.475931
vt 0.719568 0.504460
vt 0.972778 0.644999
vt 0.918151 0.682403
vt 0.852319 0.682403
vt 0.779343 0.644999
vt 0.706366 0.607596
vt 0.654122 0.536451
vt 0.645682 0.571114
vt 0.779343 0.451564
vt 0.727098 0.475931
vt 0.665644 0.504460
vt 0.970397 0.682403
vt 0.913003 0.718885
vt 0.849612 0.718885
vt 0.779343 0.682403
vt 0.705457 0.644999
vt 0.640534 0.607596
vt 0.606990 0.536451
vt 0.595375 0.571114
vt 0.779343 0.431960
vt 0.812886 0.431960
vt 0.735914 0.451564
vt 0.679966 0.475931
vt 0.622850 0.504460
vt 0.963310 0.718885
vt 0.904563 0.753548
vt 0.845175 0.753548
vt 0.779343 0.718885
vt 0.706366 0.682403
vt 0.638804 0.644999
vt 0.588289 0.607596
vt 0.745799 0.431960
vt 0.696736 0.451564
vt 0.642563 0.475931
vt 0.951695 0.753548
vt 0.893041 0.785538
vt 0.839117 0.785538
vt 0.779343 0.753548
vt 0.709073 0.718885
vt 0.640534 0.682403
vt 0.585907 0.644999
vt 0.935835 0.785538
vt 0.878719 0.814068
vt 0.831587 0.814068
vt 0.779343 0.785538
vt 0.713510 0.753548
vt 0.645682 0.718885
vt 0.588289 0.682403
vt 0.916122 0.814068
vt 0.861950 0.838434
vt 0.822772 0.838434
vt 0.779343 0.814068
vt 0.719568 0.785538
vt 0.654122 0.753548
vt 0.595375 0.718885
vt 0.779343 0.838434
vt 0.727098 0.814068
vt 0.665644 0.785538
vt 0.606990 0.753548
vt 0.812886 0.858038
vt 0.779343 0.858038
vt 0.735914 0.838434
vt 0.679966 0.814068
vt 0.622850 0.785538
vt 0.745799 0.858038
vt 0.696736 0.838434
vt 0.642563 0.814068
vt 0.351499 0.106482
vt 0.410887 0.106482
vt 0.406451 0.141145
vt 0.343059 0.141145
vt 0.363022 0.074492
vt 0.416945 0.074492
vt 0.476720 0.106482
vt 0.476720 0.141145
vt 0.403744 0.177628
vt 0.337911 0.177628
vt 0.304368 0.106482
vt 0.292752 0.141145
vt 0.377344 0.045962
vt 0.424475 0.045962
vt 0.476720 0.074492
vt 0.320227 0.074492
vt 0.542553 0.106482
vt 0.546990 0.141145
vt 0.476720 0.177628
vt 0.402834 0.215031
vt 0.336181 0.215031
vt 0.285666 0.177628
vt 0.394113 0.021596
vt 0.433291 0.021596
vt 0.476720 0.045962
vt 0.339941 0.045962
vt 0.536495 0.074492
vt 0.601941 0.106482
vt 0.610381 0.141145
vt 0.549696 0.177628
vt 0.476720 0.215031
vt 0.403744 0.252434
vt 0.337911 0.252434
vt 0.283285 0.215031
vt 0.476720 0.021596
vt 0.528965 0.045962
vt 0.590418 0.074492
vt 0.649072 0.106482
vt 0.660688 0.141145
vt 0.615529 0.177628
vt 0.550606 0.215031
vt 0.476720 0.252434
vt 0.406451 0.288917
vt 0.343059 0.288917
vt 0.285666 0.252434
vt 0.443177 0.001992
vt 0.476720 0.001992
vt 0.520149 0.021596
vt 0.576096 0.045962
vt 0.633213 0.074492
vt 0.667774 0.177628
vt 0.617259 0.215031
vt 0.549696 0.252434
vt 0.476720 0.288917
vt 0.410887 0.323580
vt 0.351499 0.323580
vt 0.292752 0.288917
vt 0.510263 0.001992
vt 0.559327 0.021596
vt 0.613500 0.045962
vt 0.670155 0.215031
vt 0.615529 0.252434
vt 0.546990 0.288917
vt 0.476720 0.323580
vt 0.416945 0.355570
vt 0.363022 0.355570
vt 0.304368 0.323580
vt 0.667774 0.252434
vt 0.610381 0.288917
vt 0.542553 0.323580
vt 0.476720 0.355570
vt 0.424475 0.384100
vt 0.377344 0.384100
vt 0.320227 0.355570
vt 0.660688 0.288917
vt 0.601941 0.323580
vt 0.536495 0.355570
vt 0.476720 0.384100
vt 0.433291 0.408466
vt 0.394113 0.408466
vt 0.339941 0.384100
vt 0.649072 0.323580
vt 0.590418 0.355570
vt 0.528965 0.384100
vt 0.476720 0.408466
vt 0.633213 0.355570
vt 0.576096 0.384100
vt 0.520149 0.408466
vt 0.476720 0.428070
vt 0.443177 0.428070
vt 0.613500 0.384100
vt 0.559327 0.408466
vt 0.510263 0.428070
vt 0.174294 0.203473
vt 0.168981 0.193046
vt 0.198496 0.171602
vt 0.208991 0.192199
vt 0.138721 0.215031
vt 0.160706 0.184771
vt 0.182150 0.155256
vt 0.226539 0.151228
vt 0.241957 0.181487
vt 0.176125 0.215031
vt 0.212607 0.215031
vt 0.150279 0.179458
vt 0.161553 0.144762
vt 0.202525 0.127213
vt 0.252420 0.132424
vt 0.272382 0.171602
vt 0.247270 0.215031
vt 0.174294 0.226589
vt 0.208991 0.237863
vt 0.138721 0.177628
vt 0.138721 0.141145
vt 0.172265 0.111795
vt 0.221328 0.101333
vt 0.241957 0.248575
vt 0.168981 0.237016
vt 0.198496 0.258460
vt 0.127163 0.179458
vt 0.115889 0.144762
vt 0.138721 0.106482
vt 0.182150 0.081370
vt 0.238097 0.078252
vt 0.275501 0.115655
vt 0.226539 0.278834
vt 0.160706 0.245291
vt 0.182150 0.274806
vt 0.116736 0.184771
vt 0.095292 0.155256
vt 0.105178 0.111795
vt 0.138721 0.074492
vt 0.190966 0.054237
vt 0.272382 0.258460
vt 0.252420 0.297638
vt 0.202525 0.302849
vt 0.150279 0.250604
vt 0.161553 0.285301
vt 0.108461 0.193046
vt 0.078946 0.171602
vt 0.074918 0.127213
vt 0.095292 0.081370
vt 0.138721 0.045962
vt 0.198496 0.031063
vt 0.252420 0.058538
vt 0.221328 0.328729
vt 0.172264 0.318267
vt 0.138721 0.252434
vt 0.138721 0.288917
vt 0.103148 0.203473
vt 0.068452 0.192199
vt 0.050903 0.151228
vt 0.056114 0.101333
vt 0.086476 0.054237
vt 0.138721 0.021596
vt 0.204554 0.012419
vt 0.263942 0.042679
vt 0.275501 0.314407
vt 0.238097 0.351811
vt 0.182150 0.348692
vt 0.138721 0.323580
vt 0.127163 0.250604
vt 0.115889 0.285301
vt 0.101318 0.215031
vt 0.064835 0.215031
vt 0.035485 0.181488
vt 0.025023 0.132424
vt 0.039345 0.078252
vt 0.078946 0.031063
vt 0.138721 0.001992
vt 0.190966 0.375825
vt 0.138721 0.355570
vt 0.105178 0.318267
vt 0.116736 0.245291
vt 0.095292 0.274806
vt 0.103148 0.226589
vt 0.068452 0.237863
vt 0.030172 0.215031
vt 0.005061 0.171602
vt 0.001942 0.115655
vt 0.025023 0.058538
vt 0.072888 0.012419
vt 0.252420 0.371524
vt 0.198496 0.398999
vt 0.138721 0.384100
vt 0.095292 0.348692
vt 0.074918 0.302849
vt 0.108461 0.237016
vt 0.078946 0.258460
vt 0.035485 0.248575
vt 0.013500 0.042679
vt 0.263942 0.387383
vt 0.204554 0.417643
vt 0.138721 0.408466
vt 0.086476 0.375825
vt 0.056114 0.328729
vt 0.050903 0.278834
vt 0.138721 0.428070
vt 0.078946 0.398999
vt 0.039345 0.351811
vt 0.025023 0.297638
vt 0.005061 0.258460
vt 0.072888 0.417643
vt 0.025023 0.371524
vt 0.001942 0.314407
vt 0.013500 0.387383
vt 0.579927 0.744376
vt 0.542524 0.781779
vt 0.525755 0.758698
vt 0.556846 0.727606
vt 0.495393 0.805793
vt 0.486577 0.778660
vt 0.506951 0.732817
vt 0.530965 0.708803
vt 0.556846 0.801492
vt 0.502923 0.828967
vt 0.443148 0.814068
vt 0.443148 0.785538
vt 0.476691 0.748236
vt 0.486577 0.704774
vt 0.502923 0.688428
vt 0.576808 0.688428
vt 0.546384 0.678543
vt 0.568369 0.817352
vt 0.508980 0.847611
vt 0.443148 0.838435
vt 0.390902 0.805793
vt 0.399719 0.778660
vt 0.443148 0.753548
vt 0.465980 0.715269
vt 0.465133 0.675259
vt 0.473408 0.666985
vt 0.513417 0.667831
vt 0.443148 0.858038
vt 0.383373 0.828967
vt 0.343771 0.781779
vt 0.360541 0.758698
vt 0.409604 0.748236
vt 0.443148 0.718885
vt 0.454706 0.680572
vt 0.443148 0.644999
vt 0.478720 0.656558
vt 0.551696 0.644999
vt 0.517033 0.644999
vt 0.377315 0.847611
vt 0.329449 0.801492
vt 0.306368 0.744376
vt 0.329449 0.727606
vt 0.379344 0.732817
vt 0.420316 0.715269
vt 0.443148 0.682402
vt 0.480551 0.644999
vt 0.546384 0.611456
vt 0.513417 0.622168
vt 0.317926 0.817352
vt 0.355330 0.708803
vt 0.399719 0.704774
vt 0.431589 0.680572
vt 0.478720 0.633441
vt 0.530965 0.581196
vt 0.502923 0.601570
vt 0.309487 0.688428
vt 0.339912 0.678543
vt 0.383373 0.688428
vt 0.421162 0.675259
vt 0.473407 0.623014
vt 0.556846 0.562392
vt 0.576808 0.601570
vt 0.506951 0.557182
vt 0.486577 0.585225
vt 0.372878 0.667831
vt 0.412888 0.666985
vt 0.465133 0.614739
vt 0.525755 0.531301
vt 0.476691 0.541763
vt 0.465980 0.574730
vt 0.334599 0.644999
vt 0.369262 0.644999
vt 0.407575 0.656558
vt 0.454706 0.609426
vt 0.542524 0.508220
vt 0.579927 0.545623
vt 0.486577 0.511339
vt 0.443148 0.536450
vt 0.443148 0.571114
vt 0.339912 0.611456
vt 0.372878 0.622168
vt 0.405744 0.644999
vt 0.443148 0.607596
vt 0.495393 0.484205
vt 0.443148 0.504460
vt 0.409604 0.541763
vt 0.420316 0.574730
vt 0.355330 0.581196
vt 0.383373 0.601570
vt 0.407575 0.633441
vt 0.431589 0.609426
vt 0.502923 0.461031
vt 0.556846 0.488507
vt 0.443148 0.475931
vt 0.399719 0.511339
vt 0.379344 0.557182
vt 0.399719 0.585225
vt 0.309487 0.601570
vt 0.329449 0.562392
vt 0.412888 0.623014
vt 0.421162 0.614739
vt 0.508980 0.442387
vt 0.568369 0.472647
vt 0.443148 0.451564
vt 0.390902 0.484205
vt 0.360541 0.531301
vt 0.443148 0.431961
vt 0.383373 0.461031
vt 0.343772 0.508220
vt 0.306368 0.545623
vt 0.377315 0.442387
vt 0.329449 0.488507
vt 0.317927 0.472647
vt 0.300388 0.447279
vt 0.300388 0.506668
vt 0.265725 0.502231
vt 0.265725 0.438840
vt 0.300388 0.572500
vt 0.265725 0.572500
vt 0.229242 0.499523
vt 0.229242 0.433691
vt 0.300388 0.638333
vt 0.265725 0.642769
vt 0.229242 0.572500
vt 0.191839 0.498614
vt 0.191839 0.431962
vt 0.300388 0.697721
vt 0.265725 0.706160
vt 0.229242 0.645477
vt 0.191839 0.572500
vt 0.154436 0.499523
vt 0.154436 0.433691
vt 0.229242 0.711309
vt 0.191839 0.646386
vt 0.154436 0.572500
vt 0.117953 0.502231
vt 0.117953 0.438840
vt 0.191839 0.713040
vt 0.154436 0.645477
vt 0.117953 0.572500
vt 0.083290 0.506668
vt 0.083290 0.447279
vt 0.154436 0.711309
vt 0.117953 0.642769
vt 0.083290 0.572500
vt 0.117953 0.706160
vt 0.083290 0.638333
vt 0.083290 0.697721
vt 0.001942 0.982690
vt 0.001942 0.923302
vt 0.036605 0.927739
vt 0.036605 0.991130
vt 0.001942 0.857469
vt 0.036605 0.857469
vt 0.073087 0.930445
vt 0.073087 0.996278
vt 0.001942 0.791636
vt 0.036605 0.787200
vt 0.073087 0.857469
vt 0.110490 0.931355
vt 0.110490 0.998008
vt 0.001942 0.732248
vt 0.036605 0.723809
vt 0.073087 0.784493
vt 0.110490 0.857469
vt 0.147894 0.930445
vt 0.147894 0.996278
vt 0.073087 0.718660
vt 0.110490 0.783583
vt 0.147894 0.857469
vt 0.184376 0.927739
vt 0.184376 0.991130
vt 0.110490 0.716930
vt 0.147894 0.784493
vt 0.184376 0.857469
vt 0.219039 0.923302
vt 0.219039 0.982690
vt 0.147894 0.718660
vt 0.184376 0.787200
vt 0.219039 0.857469
vt 0.184376 0.723809
vt 0.219039 0.791636
vt 0.219039 0.732248
vn 0.190555 -0.979722 -0.061915
vn 0.162096 -0.979722 -0.117770
vn 0.269870 -0.942722 -0.196072
vn 0.317252 -0.942722 -0.103081
vn 0.117769 -0.979722 -0.162095
vn 0.196072 -0.942723 -0.269870
vn 0.061915 -0.979722 -0.190555
vn 0.103081 -0.942723 -0.317251
vn -0.000000 -0.979722 -0.200361
vn -0.000000 -0.942722 -0.333578
vn -0.061915 -0.979722 -0.190555
vn -0.103081 -0.942722 -0.317252
vn -0.117769 -0.979722 -0.162096
vn -0.196072 -0.942722 -0.269870
vn -0.162096 -0.979722 -0.117770
vn -0.269870 -0.942722 -0.196072
vn -0.190555 -0.979722 -0.061915
vn -0.317252 -0.942722 -0.103081
vn -0.200361 -0.979722 0.000000
vn -0.333578 -0.942722 -0.000000
vn -0.190555 -0.979722 0.061915
vn -0.317252 -0.942722 0.103081
vn -0.162096 -0.979722 0.117769
vn -0.269870 -0.942722 0.196072
vn -0.117769 -0.979722 0.162095
vn -0.196072 -0.942722 0.269870
vn -0.061915 -0.979722 0.190555
vn -0.103081 -0.942722 0.317252
vn 0.000000 -0.979722 0.200361
vn 0.000000 -0.942722 0.333578
vn 0.061915 -0.979722 0.190555
vn 0.103081 -0.942722 0.317252
vn 0.117769 -0.979722 0.162096
vn 0.196072 -0.942722 0.269870
vn 0.162096 -0.979722 0.117769
vn 0.269870 -0.942722 0.196072
vn 0.190555 -0.979722 0.061915
vn 0.317252 -0.942722 0.103082
vn 0.200361 -0.979722 0.000001
vn 0.333578 -0.942722 0.000000
vn 0.380846 -0.882266 -0.276701
vn 0.447712 -0.882266 -0.145470
vn 0.276701 -0.882266 -0.380846
vn 0.145470 -0.882266 -0.447711
vn -0.000000 -0.882266 -0.470752
vn -0.145470 -0.882266 -0.447711
vn -0.276701 -0.882266 -0.380846
vn -0.380846 -0.882266 -0.276701
vn -0.447712 -0.882266 -0.145470
vn -0.470752 -0.882266 0.000000
vn -0.447712 -0.882266 0.145470
vn -0.380846 -0.882266 0.276701
vn -0.276701 -0.882266 0.380846
vn -0.145470 -0.882266 0.447712
vn 0.000000 -0.882266 0.470752
vn 0.145470 -0.882266 0.447712
vn 0.276701 -0.882266 0.380846
vn 0.380846 -0.882266 0.276701
vn 0.447712 -0.882266 0.145470
vn 0.470752 -0.882266 0.000000
vn 0.485138 -0.800252 -0.352474
vn 0.570314 -0.800252 -0.185306
vn 0.352473 -0.800252 -0.485138
vn 0.185306 -0.800252 -0.570314
vn -0.000000 -0.800252 -0.599664
vn -0.185307 -0.800252 -0.570314
vn -0.352474 -0.800252 -0.485138
vn -0.485138 -0.800252 -0.352474
vn -0.570314 -0.800252 -0.185306
vn -0.599664 -0.800252 0.000000
vn -0.570314 -0.800252 0.185306
vn -0.485138 -0.800252 0.352474
vn -0.352474 -0.800252 0.485139
vn -0.185306 -0.800252 0.570314
vn 0.000000 -0.800252 0.599664
vn 0.185306 -0.800252 0.570314
vn 0.352474 -0.800252 0.485139
vn 0.485138 -0.800252 0.352474
vn 0.570314 -0.800252 0.185306
vn 0.599664 -0.800252 0.000001
vn 0.578713 -0.698789 -0.420459
vn 0.680318 -0.698789 -0.221048
vn 0.420459 -0.698789 -0.578713
vn 0.221049 -0.698789 -0.680318
vn -0.000000 -0.698788 -0.715328
vn -0.221049 -0.698789 -0.680318
vn -0.420460 -0.698789 -0.578713
vn -0.578713 -0.698789 -0.420459
vn -0.680318 -0.698788 -0.221049
vn -0.715328 -0.698788 -0.000000
vn -0.680318 -0.698789 0.221049
vn -0.578713 -0.698789 0.420460
vn -0.420459 -0.698788 0.578713
vn -0.221049 -0.698788 0.680318
vn -0.000000 -0.698788 0.715328
vn 0.221049 -0.698789 0.680318
vn 0.420460 -0.698788 0.578713
vn 0.578713 -0.698788 0.420459
vn 0.680318 -0.698788 0.221049
vn 0.715328 -0.698788 0.000001
vn 0.658808 -0.580401 -0.478652
vn 0.774475 -0.580401 -0.251641
vn 0.478652 -0.580401 -0.658808
vn 0.251642 -0.580401 -0.774475
vn -0.000000 -0.580401 -0.814331
vn -0.251642 -0.580401 -0.774475
vn -0.478652 -0.580401 -0.658808
vn -0.658808 -0.580401 -0.478652
vn -0.774475 -0.580401 -0.251642
vn -0.814331 -0.580401 -0.000000
vn -0.774475 -0.580401 0.251642
vn -0.658808 -0.580401 0.478652
vn -0.478652 -0.580401 0.658808
vn -0.251642 -0.580401 0.774475
vn 0.000000 -0.580401 0.814331
vn 0.251642 -0.580401 0.774475
vn 0.478652 -0.580401 0.658808
vn 0.658808 -0.580401 0.478652
vn 0.774475 -0.580401 0.251642
vn 0.814331 -0.580401 0.000001
vn 0.723291 -0.447994 -0.525502
vn 0.850280 -0.447994 -0.276272
vn 0.525501 -0.447994 -0.723291
vn 0.276272 -0.447994 -0.850279
vn -0.000000 -0.447994 -0.894037
vn -0.276273 -0.447994 -0.850279
vn -0.525502 -0.447994 -0.723291
vn -0.723291 -0.447994 -0.525501
vn -0.850279 -0.447994 -0.276272
vn -0.894037 -0.447994 -0.000000
vn -0.850279 -0.447994 0.276272
vn -0.723291 -0.447994 0.525502
vn -0.525502 -0.447994 0.723291
vn -0.276273 -0.447994 0.850280
vn 0.000000 -0.447994 0.894037
vn 0.276273 -0.447994 0.850280
vn 0.525502 -0.447994 0.723291
vn 0.723291 -0.447994 0.525502
vn 0.850280 -0.447994 0.276272
vn 0.894037 -0.447994 0.000001
vn 0.770524 -0.304789 -0.559819
vn 0.905806 -0.304789 -0.294313
vn 0.559818 -0.304789 -0.770524
vn 0.294314 -0.304789 -0.905805
vn -0.000000 -0.304789 -0.952420
vn -0.294314 -0.304789 -0.905805
vn -0.559819 -0.304789 -0.770524
vn -0.770524 -0.304789 -0.559818
vn -0.905805 -0.304789 -0.294314
vn -0.952420 -0.304789 -0.000000
vn -0.905805 -0.304789 0.294314
vn -0.770524 -0.304788 0.559819
vn -0.559818 -0.304788 0.770524
vn -0.294314 -0.304789 0.905805
vn 0.000000 -0.304789 0.952420
vn 0.294314 -0.304789 0.905805
vn 0.559818 -0.304789 0.770524
vn 0.770524 -0.304789 0.559818
vn 0.905805 -0.304789 0.294314
vn 0.952420 -0.304788 0.000001
vn 0.799335 -0.154249 -0.580751
vn 0.939675 -0.154249 -0.305318
vn 0.580750 -0.154249 -0.799335
vn 0.305319 -0.154249 -0.939674
vn 0.000000 -0.154249 -0.988032
vn -0.305319 -0.154249 -0.939674
vn -0.580751 -0.154249 -0.799335
vn -0.799335 -0.154249 -0.580751
vn -0.939674 -0.154248 -0.305319
vn -0.988032 -0.154248 0.000000
vn -0.939674 -0.154248 0.305319
vn -0.799335 -0.154248 0.580751
vn -0.580751 -0.154249 0.799335
vn -0.305319 -0.154249 0.939674
vn 0.000000 -0.154249 0.988032
vn 0.305319 -0.154249 0.939674
vn 0.580751 -0.154249 0.799335
vn 0.799335 -0.154249 0.580751
vn 0.939674 -0.154249 0.305319
vn 0.988032 -0.154249 0.000001
vn 0.809017 0.000000 -0.587785
vn 0.951057 -0.000000 -0.309016
vn 0.587785 -0.000000 -0.809017
vn 0.309017 -0.000000 -0.951057
vn 0.000000 0.000000 -1.000000
vn -0.309017 -0.000000 -0.951056
vn -0.587785 -0.000000 -0.809017
vn -0.809017 0.000000 -0.587785
vn -0.951057 0.000000 -0.309017
vn -1.000000 -0.000000 0.000000
vn -0.951057 -0.000000 0.309017
vn -0.809017 0.000000 0.587785
vn -0.587785 -0.000000 0.809017
vn -0.309017 -0.000000 0.951057
vn 0.000000 0.000000 1.000000
vn 0.309017 -0.000000 0.951057
vn 0.587785 -0.000000 0.809017
vn 0.809017 -0.000000 0.587785
vn 0.951057 0.000000 0.309017
vn 1.000000 0.000000 0.000001
vn 0.799335 0.154249 -0.580751
vn 0.939675 0.154249 -0.305318
vn 0.580750 0.154249 -0.799335
vn 0.305319 0.154249 -0.939674
vn 0.000000 0.154249 -0.988032
vn -0.305319 0.154249 -0.939674
vn -0.580751 0.154249 -0.799335
vn -0.799335 0.154249 -0.580751
vn -0.939674 0.154248 -0.305319
vn -0.988032 0.154248 0.000000
vn -0.939674 0.154248 0.305319
vn -0.799335 0.154248 0.580751
vn -0.580751 0.154249 0.799335
vn -0.305319 0.154249 0.939674
vn 0.000000 0.154249 0.988032
vn 0.305319 0.154249 0.939674
vn 0.580751 0.154249 0.799335
vn 0.799335 0.154249 0.580751
vn 0.939674 0.154249 0.305319
vn 0.988032 0.154249 0.000001
vn 0.770524 0.304789 -0.559819
vn 0.905806 0.304789 -0.294313
vn 0.559818 0.304789 -0.770524
vn 0.294314 0.304789 -0.905805
vn -0.000000 0.304789 -0.952420
vn -0.294314 0.304789 -0.905805
vn -0.559819 0.304789 -0.770524
vn -0.770524 0.304789 -0.559818
vn -0.905805 0.304789 -0.294314
vn -0.952420 0.304789 -0.000000
vn -0.905805 0.304789 0.294314
vn -0.770524 0.304788 0.559819
vn -0.559818 0.304788 0.770524
vn -0.294314 0.304789 0.905805
vn 0.000000 0.304789 0.952420
vn 0.294314 0.304789 0.905805
vn 0.559818 0.304789 0.770524
vn 0.770524 0.304789 0.559818
vn 0.905805 0.304789 0.294314
vn 0.952420 0.304788 0.000001
vn 0.723291 0.447994 -0.525502
vn 0.850280 0.447994 -0.276272
vn 0.525501 0.447994 -0.723291
vn 0.276272 0.447994 -0.850280
vn -0.000000 0.447994 -0.894037
vn -0.276273 0.447994 -0.850279
vn -0.525502 0.447994 -0.723291
vn -0.723291 0.447994 -0.525501
vn -0.850280 0.447994 -0.276272
vn -0.894037 0.447994 -0.000000
vn -0.850279 0.447994 0.276273
vn -0.723291 0.447994 0.525502
vn -0.525502 0.447994 0.723291
vn -0.276273 0.447994 0.850280
vn 0.000000 0.447994 0.894037
vn 0.276273 0.447994 0.850279
vn 0.525502 0.447994 0.723291
vn 0.723291 0.447994 0.525502
vn 0.850280 0.447994 0.276272
vn 0.894037 0.447994 0.000001
vn 0.658808 0.580401 -0.478652
vn 0.774475 0.580401 -0.251641
vn 0.478652 0.580401 -0.658808
vn 0.251642 0.580401 -0.774475
vn -0.000000 0.580401 -0.814331
vn -0.251642 0.580401 -0.774475
vn -0.478652 0.580401 -0.658808
vn -0.658808 0.580401 -0.478652
vn -0.774475 0.580401 -0.251642
vn -0.814331 0.580401 -0.000000
vn -0.774475 0.580401 0.251642
vn -0.658808 0.580401 0.478652
vn -0.478652 0.580401 0.658808
vn -0.251642 0.580401 0.774475
vn 0.000000 0.580401 0.814331
vn 0.251642 0.580401 0.774475
vn 0.478652 0.580401 0.658808
vn 0.658808 0.580401 0.478652
vn 0.774475 0.580401 0.251642
vn 0.814331 0.580401 0.000001
vn 0.578712 0.698789 -0.420459
vn 0.680318 0.698789 -0.221048
vn 0.420459 0.698789 -0.578713
vn 0.221049 0.698789 -0.680318
vn -0.000000 0.698788 -0.715328
vn -0.221049 0.698789 -0.680318
vn -0.420460 0.698789 -0.578713
vn -0.578713 0.698789 -0.420459
vn -0.680318 0.698789 -0.221049
vn -0.715328 0.698788 0.000000
vn -0.680318 0.698789 0.221049
vn -0.578713 0.698789 0.420460
vn -0.420459 0.698788 0.578713
vn -0.221049 0.698788 0.680318
vn -0.000000 0.698788 0.715328
vn 0.221049 0.698789 0.680318
vn 0.420459 0.698788 0.578713
vn 0.578713 0.698788 0.420460
vn 0.680318 0.698788 0.221049
vn 0.715328 0.698788 0.000001
vn 0.485138 0.800252 -0.352474
vn 0.570314 0.800252 -0.185306
vn 0.352473 0.800252 -0.485139
vn 0.185306 0.800252 -0.570314
vn -0.000000 0.800252 -0.599664
vn -0.185307 0.800252 -0.570314
vn -0.352474 0.800252 -0.485138
vn -0.485138 0.800252 -0.352474
vn -0.570314 0.800252 -0.185306
vn -0.599664 0.800252 0.000000
vn -0.570314 0.800252 0.185306
vn -0.485138 0.800252 0.352474
vn -0.352474 0.800252 0.485138
vn -0.185306 0.800252 0.570314
vn 0.000000 0.800252 0.599664
vn 0.185306 0.800252 0.570315
vn 0.352474 0.800252 0.485139
vn 0.485139 0.800252 0.352474
vn 0.570314 0.800252 0.185306
vn 0.599664 0.800252 0.000001
vn 0.380846 0.882266 -0.276701
vn 0.447712 0.882266 -0.145470
vn 0.276701 0.882266 -0.380846
vn 0.145470 0.882266 -0.447711
vn -0.000000 0.882266 -0.470752
vn -0.145470 0.882266 -0.447711
vn -0.276701 0.882266 -0.380846
vn -0.380846 0.882266 -0.276701
vn -0.447712 0.882266 -0.145470
vn -0.470752 0.882266 0.000000
vn -0.447712 0.882266 0.145471
vn -0.380846 0.882266 0.276701
vn -0.276701 0.882266 0.380846
vn -0.145470 0.882266 0.447712
vn 0.000000 0.882266 0.470752
vn 0.145470 0.882266 0.447712
vn 0.276701 0.882266 0.380846
vn 0.380846 0.882266 0.276701
vn 0.447712 0.882266 0.145470
vn 0.470752 0.882266 0.000000
vn 0.269870 0.942722 -0.196073
vn 0.317252 0.942722 -0.103081
vn 0.196072 0.942722 -0.269871
vn 0.103081 0.942722 -0.317251
vn -0.000000 0.942723 -0.333578
vn -0.103081 0.942722 -0.317251
vn -0.196072 0.942722 -0.269870
vn -0.269870 0.942722 -0.196072
vn -0.317252 0.942722 -0.103081
vn -0.333578 0.942722 0.000000
vn -0.317252 0.942722 0.103082
vn -0.269870 0.942722 0.196072
vn -0.196072 0.942722 0.269870
vn -0.103081 0.942722 0.317252
vn 0.000000 0.942722 0.333578
vn 0.103081 0.942722 0.317252
vn 0.196072 0.942722 0.269870
vn 0.269870 0.942722 0.196072
vn 0.317252 0.942722 0.103081
vn 0.333578 0.942722 0.000000
vn 0.162096 0.979722 -0.117769
vn 0.190555 0.979722 -0.061915
vn 0.117769 0.979722 -0.162096
vn 0.061915 0.979722 -0.190555
vn -0.000000 0.979722 -0.200361
vn -0.061915 0.979722 -0.190555
vn -0.117769 0.979722 -0.162095
vn -0.162096 0.979722 -0.117769
vn -0.190555 0.979722 -0.061915
vn -0.200361 0.979722 0.000000
vn -0.190555 0.979722 0.061915
vn -0.162096 0.979722 0.117769
vn -0.117769 0.979722 0.162096
vn -0.061915 0.979722 0.190555
vn 0.000000 0.979722 0.200361
vn 0.061915 0.979722 0.190555
vn 0.117769 0.979722 0.162096
vn 0.162096 0.979722 0.117769
vn 0.190555 0.979722 0.061915
vn 0.200361 0.979722 0.000001
vn -0.000000 -1.000000 -0.000000
vn -0.000000 1.000000 0.000000
s 1
g group pasted__pSphere2 pasted__Salidas
usemtl pasted__standardSurface3SG
f 807/1941/1655 808/1942/1656 828/1943/1657 827/1944/1658
f 808/1942/1656 809/1946/1659 829/1947/1660 828/1943/1657
f 809/1946/1659 810/1952/1661 830/1953/1662 829/1947/1660
f 810/1952/1661 811/1960/1663 831/1961/1664 830/1953/1662
f 811/1960/1663 812/1967/1665 832/1968/1666 831/1961/1664
f 812/1967/1665 813/1976/1667 833/1977/1668 832/1968/1666
f 813/1976/1667 814/1986/1669 834/1987/1670 833/1977/1668
f 814/1986/1669 815/1997/1671 835/1998/1672 834/1987/1670
f 815/1997/1671 816/2011/1673 836/2012/1674 835/1998/1672
f 816/2011/1673 817/2023/1675 837/2024/1676 836/2012/1674
f 817/2023/1675 818/2035/1677 838/2036/1678 837/2024/1676
f 818/2035/1677 819/2021/1679 839/2022/1680 838/2036/1678
f 819/2021/1679 820/2009/1681 840/2010/1682 839/2022/1680
f 820/2009/1681 821/1995/1683 841/1996/1684 840/2010/1682
f 821/1995/1683 822/1984/1685 842/1985/1686 841/1996/1684
f 822/1984/1685 823/1974/1687 843/1975/1688 842/1985/1686
f 823/1974/1687 824/1965/1689 844/1966/1690 843/1975/1688
f 824/1965/1689 825/1958/1691 845/1959/1692 844/1966/1690
f 825/1958/1691 826/1950/1693 846/1951/1694 845/1959/1692
f 826/1950/1693 807/1941/1655 827/1944/1658 846/1951/1694
f 827/1944/1658 828/1943/1657 848/1948/1695 847/1949/1696
f 828/1943/1657 829/1947/1660 849/1954/1697 848/1948/1695
f 829/1947/1660 830/1953/1662 850/1962/1698 849/1954/1697
f 830/1953/1662 831/1961/1664 851/1969/1699 850/1962/1698
f 831/1961/1664 832/1968/1666 852/1978/1700 851/1969/1699
f 832/1968/1666 833/1977/1668 853/1988/1701 852/1978/1700
f 833/1977/1668 834/1987/1670 854/1999/1702 853/1988/1701
f 834/1987/1670 835/1998/1672 855/2013/1703 854/1999/1702
f 835/1998/1672 836/2012/1674 856/2025/1704 855/2013/1703
f 836/2012/1674 837/2024/1676 857/2037/1705 856/2025/1704
f 837/2024/1676 838/2036/1678 858/2044/1706 857/2037/1705
f 838/2036/1678 839/2022/1680 859/2034/1707 858/2044/1706
f 839/2022/1680 840/2010/1682 860/2020/1708 859/2034/1707
f 840/2010/1682 841/1996/1684 861/2008/1709 860/2020/1708
f 841/1996/1684 842/1985/1686 862/1994/1710 861/2008/1709
f 842/1985/1686 843/1975/1688 863/1983/1711 862/1994/1710
f 843/1975/1688 844/1966/1690 864/1973/1712 863/1983/1711
f 844/1966/1690 845/1959/1692 865/1964/1713 864/1973/1712
f 845/1959/1692 846/1951/1694 866/1957/1714 865/1964/1713
f 846/1951/1694 827/1944/1658 847/1949/1696 866/1957/1714
f 847/1949/1696 848/1948/1695 868/1955/1715 867/1956/1716
f 848/1948/1695 849/1954/1697 869/1963/1717 868/1955/1715
f 849/1954/1697 850/1962/1698 870/1970/1718 869/1963/1717
f 850/1962/1698 851/1969/1699 871/1979/1719 870/1970/1718
f 851/1969/1699 852/1978/1700 872/1989/1720 871/1979/1719
f 852/1978/1700 853/1988/1701 873/2000/1721 872/1989/1720
f 853/1988/1701 854/1999/1702 874/2014/1722 873/2000/1721
f 854/1999/1702 855/2013/1703 875/2026/1723 874/2014/1722
f 855/1893/1703 856/1894/1704 876/1882/1724 875/1871/1723
f 856/1894/1704 857/1905/1705 877/1895/1725 876/1882/1724
f 857/2037/1705 858/2044/1706 878/2048/1726 877/2049/1725
f 858/2044/1706 859/2034/1707 879/2043/1727 878/2048/1726
f 859/2034/1707 860/2020/1708 880/2033/1728 879/2043/1727
f 860/2020/1708 861/2008/1709 881/2019/1729 880/2033/1728
f 861/2008/1709 862/1994/1710 882/2007/1730 881/2019/1729
f 862/1994/1710 863/1983/1711 883/1993/1731 882/2007/1730
f 863/1983/1711 864/1973/1712 884/1982/1732 883/1993/1731
f 864/1973/1712 865/1964/1713 885/1981/1733 884/1982/1732
f 865/1812/1713 866/1800/1714 886/1789/1734 885/1802/1733
f 866/1800/1714 847/1801/1696 867/1777/1716 886/1789/1734
f 867/1777/1716 868/1778/1715 888/1768/1735 887/1767/1736
f 868/1955/1715 869/1963/1717 889/1971/1737 888/1972/1735
f 869/1963/1717 870/1970/1718 890/1980/1738 889/1971/1737
f 870/1970/1718 871/1979/1719 891/1990/1739 890/1980/1738
f 871/1979/1719 872/1989/1720 892/2001/1740 891/1990/1739
f 872/1989/1720 873/2000/1721 893/2015/1741 892/2001/1740
f 873/2000/1721 874/2014/1722 894/2027/1742 893/2015/1741
f 874/1870/1722 875/1871/1723 895/1861/1743 894/1860/1742
f 875/1871/1723 876/1882/1724 896/1872/1744 895/1861/1743
f 876/1882/1724 877/1895/1725 897/1883/1745 896/1872/1744
f 877/1895/1725 878/1906/1726 898/1896/1746 897/1883/1745
f 878/2048/1726 879/2043/1727 899/2047/1747 898/2052/1746
f 879/2043/1727 880/2033/1728 900/2042/1748 899/2047/1747
f 880/2033/1728 881/2019/1729 901/2032/1749 900/2042/1748
f 881/2019/1729 882/2007/1730 902/2018/1750 901/2032/1749
f 882/2007/1730 883/1993/1731 903/2006/1751 902/2018/1750
f 883/1993/1731 884/1982/1732 904/2005/1752 903/2006/1751
f 884/1813/1732 885/1802/1733 905/1790/1753 904/1803/1752
f 885/1802/1733 886/1789/1734 906/1780/1754 905/1790/1753
f 886/1789/1734 867/1777/1716 887/1767/1736 906/1780/1754
f 887/1767/1736 888/1768/1735 908/1760/1755 907/1759/1756
f 888/1768/1735 889/1779/1737 909/1769/1757 908/1760/1755
f 889/1971/1737 890/1980/1738 910/1991/1758 909/1992/1757
f 890/1980/1738 891/1990/1739 911/2002/1759 910/1991/1758
f 891/1990/1739 892/2001/1740 912/2016/1760 911/2002/1759
f 892/2001/1740 893/2015/1741 913/2028/1761 912/2016/1760
f 893/1873/1741 894/1860/1742 914/1852/1762 913/1863/1761
f 894/1860/1742 895/1861/1743 915/1853/1763 914/1852/1762
f 895/1861/1743 896/1872/1744 916/1862/1764 915/1853/1763
f 896/1872/1744 897/1883/1745 917/1874/1765 916/1862/1764
f 897/1883/1745 898/1896/1746 918/1884/1766 917/1874/1765
f 898/1896/1746 899/1907/1747 919/1897/1767 918/1884/1766
f 899/2047/1747 900/2042/1748 920/2046/1768 919/2051/1767
f 900/2042/1748 901/2032/1749 921/2041/1769 920/2046/1768
f 901/2032/1749 902/2018/1750 922/2031/1770 921/2041/1769
f 902/2018/1750 903/2006/1751 923/2030/1771 922/2031/1770
f 903/1814/1751 904/1803/1752 924/1791/1772 923/1804/1771
f 904/1803/1752 905/1790/1753 925/1781/1773 924/1791/1772
f 905/1790/1753 906/1780/1754 926/1770/1774 925/1781/1773
f 906/1780/1754 887/1767/1736 907/1759/1756 926/1770/1774
f 907/1759/1756 908/1760/1755 928/1756/1775 927/1755/1776
f 908/1760/1755 909/1769/1757 929/1761/1777 928/1756/1775
f 909/1992/1757 910/1991/1758 930/2003/1778 929/2004/1777
f 910/1991/1758 911/2002/1759 931/2017/1779 930/2003/1778
f 911/2002/1759 912/2016/1760 932/2029/1780 931/2017/1779
f 912/2016/1760 913/2028/1761 933/2038/1781 932/2029/1780
f 913/1863/1761 914/1852/1762 934/1848/1782 933/1858/1781
f 914/1852/1762 915/1853/1763 935/1849/1783 934/1848/1782
f 915/1853/1763 916/1862/1764 936/1854/1784 935/1849/1783
f 916/1862/1764 917/1874/1765 937/1864/1785 936/1854/1784
f 917/1874/1765 918/1884/1766 938/1875/1786 937/1864/1785
f 918/1884/1766 919/1897/1767 939/1885/1787 938/1875/1786
f 919/2051/1767 920/2046/1768 940/2050/1788 939/2053/1787
f 920/2046/1768 921/2041/1769 941/2045/1789 940/2050/1788
f 921/2041/1769 922/2031/1770 942/2040/1790 941/2045/1789
f 922/2031/1770 923/2030/1771 943/2039/1791 942/2040/1790
f 923/1804/1771 924/1791/1772 944/1787/1792 943/1798/1791
f 924/1791/1772 925/1781/1773 945/1775/1793 944/1787/1792
f 925/1781/1773 926/1770/1774 946/1765/1794 945/1775/1793
f 926/1770/1774 907/1759/1756 927/1755/1776 946/1765/1794
f 927/1755/1776 928/1756/1775 948/1757/1795 947/1758/1796
f 928/1756/1775 929/1761/1777 949/1762/1797 948/1757/1795
f 929/2167/1777 930/2168/1778 950/2169/1798 949/2170/1797
f 930/2168/1778 931/2171/1779 951/2172/1799 950/2169/1798
f 931/2171/1779 932/2175/1780 952/2176/1800 951/2172/1799
f 932/2175/1780 933/2180/1781 953/2181/1801 952/2176/1800
f 933/1858/1781 934/1848/1782 954/1851/1802 953/1859/1801
f 934/1848/1782 935/1849/1783 955/1850/1803 954/1851/1802
f 935/1849/1783 936/1854/1784 956/1855/1804 955/1850/1803
f 936/1854/1784 937/1864/1785 957/1865/1805 956/1855/1804
f 937/1864/1785 938/1875/1786 958/1876/1806 957/1865/1805
f 938/1875/1786 939/1885/1787 959/1886/1807 958/1876/1806
f 939/2202/1787 940/2203/1788 960/2204/1808 959/2205/1807
f 940/2203/1788 941/2206/1789 961/2207/1809 960/2204/1808
f 941/2206/1789 942/2210/1790 962/2211/1810 961/2207/1809
f 942/2210/1790 943/2215/1791 963/2216/1811 962/2211/1810
f 943/1798/1791 944/1787/1792 964/1788/1812 963/1799/1811
f 944/1787/1792 945/1775/1793 965/1776/1813 964/1788/1812
f 945/1775/1793 946/1765/1794 966/1766/1814 965/1776/1813
f 946/1765/1794 927/1755/1776 947/1758/1796 966/1766/1814
f 947/1758/1796 948/1757/1795 968/1763/1815 967/1764/1816
f 948/1757/1795 949/1762/1797 969/1771/1817 968/1763/1815
f 949/2170/1797 950/2169/1798 970/2173/1818 969/2174/1817
f 950/2169/1798 951/2172/1799 971/2177/1819 970/2173/1818
f 951/2172/1799 952/2176/1800 972/2182/1820 971/2177/1819
f 952/2176/1800 953/2181/1801 973/2186/1821 972/2182/1820
f 953/1859/1801 954/1851/1802 974/1857/1822 973/1869/1821
f 954/1851/1802 955/1850/1803 975/1856/1823 974/1857/1822
f 955/1850/1803 956/1855/1804 976/1866/1824 975/1856/1823
f 956/1855/1804 957/1865/1805 977/1877/1825 976/1866/1824
f 957/1865/1805 958/1876/1806 978/1887/1826 977/1877/1825
f 958/1876/1806 959/1886/1807 979/1898/1827 978/1887/1826
f 959/2205/1807 960/2204/1808 980/2208/1828 979/2209/1827
f 960/2204/1808 961/2207/1809 981/2212/1829 980/2208/1828
f 961/2207/1809 962/2211/1810 982/2217/1830 981/2212/1829
f 962/2211/1810 963/2216/1811 983/2221/1831 982/2217/1830
f 963/1799/1811 964/1788/1812 984/1797/1832 983/1811/1831
f 964/1788/1812 965/1776/1813 985/1786/1833 984/1797/1832
f 965/1776/1813 966/1766/1814 986/1774/1834 985/1786/1833
f 966/1766/1814 947/1758/1796 967/1764/1816 986/1774/1834
f 967/1764/1816 968/1763/1815 988/1772/1835 987/1773/1836
f 968/1763/1815 969/1771/1817 989/1782/1837 988/1772/1835
f 969/2174/1817 970/2173/1818 990/2178/1838 989/2179/1837
f 970/2173/1818 971/2177/1819 991/2183/1839 990/2178/1838
f 971/2177/1819 972/2182/1820 992/2187/1840 991/2183/1839
f 972/2182/1820 973/2186/1821 993/2191/1841 992/2187/1840
f 973/1869/1821 974/1857/1822 994/1868/1842 993/1881/1841
f 974/1857/1822 975/1856/1823 995/1867/1843 994/1868/1842
f 975/1856/1823 976/1866/1824 996/1878/1844 995/1867/1843
f 976/1866/1824 977/1877/1825 997/1888/1845 996/1878/1844
f 977/1877/1825 978/1887/1826 998/1899/1846 997/1888/1845
f 978/1887/1826 979/1898/1827 999/1908/1847 998/1899/1846
f 979/2209/1827 980/2208/1828 1000/2213/1848 999/2214/1847
f 980/2208/1828 981/2212/1829 1001/2218/1849 1000/2213/1848
f 981/2212/1829 982/2217/1830 1002/2222/1850 1001/2218/1849
f 982/2217/1830 983/2221/1831 1003/2226/1851 1002/2222/1850
f 983/1811/1831 984/1797/1832 1004/1810/1852 1003/1821/1851
f 984/1797/1832 985/1786/1833 1005/1796/1853 1004/1810/1852
f 985/1786/1833 986/1774/1834 1006/1785/1854 1005/1796/1853
f 986/1774/1834 967/1764/1816 987/1773/1836 1006/1785/1854
f 987/1773/1836 988/1772/1835 1008/1783/1855 1007/1784/1856
f 988/1772/1835 989/1782/1837 1009/1792/1857 1008/1783/1855
f 989/2179/1837 990/2178/1838 1010/2184/1858 1009/2185/1857
f 990/2178/1838 991/2183/1839 1011/2188/1859 1010/2184/1858
f 991/2183/1839 992/2187/1840 1012/2192/1860 1011/2188/1859
f 992/2187/1840 993/2191/1841 1013/2196/1861 1012/2192/1860
f 993/1881/1841 994/1868/1842 1014/1880/1862 1013/1892/1861
f 994/1868/1842 995/1867/1843 1015/1879/1863 1014/1880/1862
f 995/1867/1843 996/1878/1844 1016/1889/1864 1015/1879/1863
f 996/1878/1844 997/1888/1845 1017/1900/1865 1016/1889/1864
f 997/1888/1845 998/1899/1846 1018/1909/1866 1017/1900/1865
f 998/1899/1846 999/1908/1847 1019/1915/1867 1018/1909/1866
f 999/2214/1847 1000/2213/1848 1020/2219/1868 1019/2220/1867
f 1000/2213/1848 1001/2218/1849 1021/2223/1869 1020/2219/1868
f 1001/2218/1849 1002/2222/1850 1022/2227/1870 1021/2223/1869
f 1002/2222/1850 1003/2226/1851 1023/2231/1871 1022/2227/1870
f 1003/1821/1851 1004/1810/1852 1024/1820/1872 1023/1828/1871
f 1004/1810/1852 1005/1796/1853 1025/1809/1873 1024/1820/1872
f 1005/1796/1853 1006/1785/1854 1026/1795/1874 1025/1809/1873
f 1006/1785/1854 987/1773/1836 1007/1784/1856 1026/1795/1874
f 1007/1784/1856 1008/1783/1855 1028/1793/1875 1027/1794/1876
f 1008/1783/1855 1009/1792/1857 1029/1805/1877 1028/1793/1875
f 1009/2185/1857 1010/2184/1858 1030/2189/1878 1029/2190/1877
f 1010/2184/1858 1011/2188/1859 1031/2193/1879 1030/2189/1878
f 1011/2188/1859 1012/2192/1860 1032/2197/1880 1031/2193/1879
f 1012/2192/1860 1013/2196/1861 1033/2199/1881 1032/2197/1880
f 1013/1892/1861 1014/1880/1862 1034/1891/1882 1033/1904/1881
f 1014/1880/1862 1015/1879/1863 1035/1890/1883 1034/1891/1882
f 1015/1879/1863 1016/1889/1864 1036/1901/1884 1035/1890/1883
f 1016/1889/1864 1017/1900/1865 1037/1910/1885 1036/1901/1884
f 1017/1900/1865 1018/1909/1866 1038/1916/1886 1037/1910/1885
f 1018/1909/1866 1019/1915/1867 1039/1922/1887 1038/1916/1886
f 1019/2220/1867 1020/2219/1868 1040/2224/1888 1039/2225/1887
f 1020/2219/1868 1021/2223/1869 1041/2228/1889 1040/2224/1888
f 1021/2223/1869 1022/2227/1870 1042/2232/1890 1041/2228/1889
f 1022/2227/1870 1023/2231/1871 1043/2234/1891 1042/2232/1890
f 1023/1828/1871 1024/1820/1872 1044/1827/1892 1043/1835/1891
f 1024/1820/1872 1025/1809/1873 1045/1819/1893 1044/1827/1892
f 1025/1809/1873 1026/1795/1874 1046/1808/1894 1045/1819/1893
f 1026/1795/1874 1007/1784/1856 1027/1794/1876 1046/1808/1894
f 1027/1794/1876 1028/1793/1875 1048/1806/1895 1047/1807/1896
f 1028/1793/1875 1029/1805/1877 1049/1815/1897 1048/1806/1895
f 1029/2190/1877 1030/2189/1878 1050/2194/1898 1049/2195/1897
f 1030/2189/1878 1031/2193/1879 1051/2198/1899 1050/2194/1898
f 1031/2193/1879 1032/2197/1880 1052/2200/1900 1051/2198/1899
f 1032/2197/1880 1033/2199/1881 1053/2201/1901 1052/2200/1900
f 1033/1904/1881 1034/1891/1882 1054/1903/1902 1053/1914/1901
f 1034/1891/1882 1035/1890/1883 1055/1902/1903 1054/1903/1902
f 1035/1890/1883 1036/1901/1884 1056/1911/1904 1055/1902/1903
f 1036/1901/1884 1037/1910/1885 1057/1917/1905 1056/1911/1904
f 1037/1910/1885 1038/1916/1886 1058/1923/1906 1057/1917/1905
f 1038/1916/1886 1039/1922/1887 1059/1929/1907 1058/1923/1906
f 1039/2225/1887 1040/2224/1888 1060/2229/1908 1059/2230/1907
f 1040/2224/1888 1041/2228/1889 1061/2233/1909 1060/2229/1908
f 1041/2228/1889 1042/2232/1890 1062/2235/1910 1061/2233/1909
f 1042/2232/1890 1043/2234/1891 1063/2236/1911 1062/2235/1910
f 1043/1835/1891 1044/1827/1892 1064/1834/1912 1063/1839/1911
f 1044/1827/1892 1045/1819/1893 1065/1826/1913 1064/1834/1912
f 1045/1819/1893 1046/1808/1894 1066/1818/1914 1065/1826/1913
f 1046/1808/1894 1027/1794/1876 1047/1807/1896 1066/1818/1914
f 1047/1807/1896 1048/1806/1895 1068/1816/1915 1067/1817/1916
f 1048/1806/1895 1049/1815/1897 1069/1822/1917 1068/1816/1915
f 1049/2071/1897 1050/2072/1898 1070/2063/1918 1069/2062/1917
f 1050/2072/1898 1051/2081/1899 1071/2073/1919 1070/2063/1918
f 1051/2081/1899 1052/2092/1900 1072/2082/1920 1071/2073/1919
f 1052/2092/1900 1053/2102/1901 1073/2093/1921 1072/2082/1920
f 1053/1914/1901 1054/1903/1902 1074/1913/1922 1073/1921/1921
f 1054/1903/1902 1055/1902/1903 1075/1912/1923 1074/1913/1922
f 1055/1902/1903 1056/1911/1904 1076/1918/1924 1075/1912/1923
f 1056/1911/1904 1057/1917/1905 1077/1924/1925 1076/1918/1924
f 1057/1917/1905 1058/1923/1906 1078/1930/1926 1077/1924/1925
f 1058/1923/1906 1059/1929/1907 1079/1933/1927 1078/1930/1926
f 1059/2166/1907 1060/2164/1908 1080/2161/1928 1079/2165/1927
f 1060/2164/1908 1061/2160/1909 1081/2157/1929 1080/2161/1928
f 1061/2160/1909 1062/2155/1910 1082/2145/1930 1081/2157/1929
f 1062/2155/1910 1063/2156/1911 1083/2146/1931 1082/2145/1930
f 1063/1839/1911 1064/1834/1912 1084/1838/1932 1083/1844/1931
f 1064/1834/1912 1065/1826/1913 1085/1833/1933 1084/1838/1932
f 1065/1826/1913 1066/1818/1914 1086/1825/1934 1085/1833/1933
f 1066/1818/1914 1047/1807/1896 1067/1817/1916 1086/1825/1934
f 1067/1817/1916 1068/1816/1915 1088/1823/1935 1087/1824/1936
f 1068/1816/1915 1069/1822/1917 1089/1829/1937 1088/1823/1935
f 1069/2062/1917 1070/2063/1918 1090/2058/1938 1089/2055/1937
f 1070/2063/1918 1071/2073/1919 1091/2064/1939 1090/2058/1938
f 1071/2073/1919 1072/2082/1920 1092/2074/1940 1091/2064/1939
f 1072/2082/1920 1073/2093/1921 1093/2083/1941 1092/2074/1940
f 1073/1921/1921 1074/1913/1922 1094/1920/1942 1093/1928/1941
f 1074/1913/1922 1075/1912/1923 1095/1919/1943 1094/1920/1942
f 1075/1912/1923 1076/1918/1924 1096/1925/1944 1095/1919/1943
f 1076/1918/1924 1077/1924/1925 1097/1931/1945 1096/1925/1944
f 1077/1924/1925 1078/1930/1926 1098/1934/1946 1097/1931/1945
f 1078/1930/1926 1079/1933/1927 1099/1938/1947 1098/1934/1946
f 1079/2165/1927 1080/2161/1928 1100/2158/1948 1099/2162/1947
f 1080/2161/1928 1081/2157/1929 1101/2147/1949 1100/2158/1948
f 1081/2157/1929 1082/2145/1930 1102/2137/1950 1101/2147/1949
f 1082/2145/1930 1083/2146/1931 1103/2128/1951 1102/2137/1950
f 1083/1844/1931 1084/1838/1932 1104/1843/1952 1103/1847/1951
f 1084/1838/1932 1085/1833/1933 1105/1837/1953 1104/1843/1952
f 1085/1833/1933 1086/1825/1934 1106/1832/1954 1105/1837/1953
f 1086/1825/1934 1067/1817/1916 1087/1824/1936 1106/1832/1954
f 1087/1824/1936 1088/1823/1935 1108/1830/1955 1107/1831/1956
f 1088/2054/1935 1089/2055/1937 1109/2056/1957 1108/2057/1955
f 1089/2055/1937 1090/2058/1938 1110/2059/1958 1109/2056/1957
f 1090/2058/1938 1091/2064/1939 1111/2065/1959 1110/2059/1958
f 1091/2064/1939 1092/2074/1940 1112/2075/1960 1111/2065/1959
f 1092/2074/1940 1093/2083/1941 1113/2084/1961 1112/2075/1960
f 1093/2083/1941 1094/2094/1942 1114/2095/1962 1113/2084/1961
f 1094/1920/1942 1095/1919/1943 1115/1926/1963 1114/1927/1962
f 1095/1919/1943 1096/1925/1944 1116/1932/1964 1115/1926/1963
f 1096/1925/1944 1097/1931/1945 1117/1935/1965 1116/1932/1964
f 1097/1931/1945 1098/1934/1946 1118/1939/1966 1117/1935/1965
f 1098/2163/1946 1099/2162/1947 1119/2159/1967 1118/2152/1966
f 1099/2162/1947 1100/2158/1948 1120/2148/1968 1119/2159/1967
f 1100/2158/1948 1101/2147/1949 1121/2138/1969 1120/2148/1968
f 1101/2147/1949 1102/2137/1950 1122/2130/1970 1121/2138/1969
f 1102/2137/1950 1103/2128/1951 1123/2121/1971 1122/2130/1970
f 1103/2128/1951 1104/2129/1952 1124/2114/1972 1123/2121/1971
f 1104/1843/1952 1105/1837/1953 1125/1842/1973 1124/1846/1972
f 1105/1837/1953 1106/1832/1954 1126/1836/1974 1125/1842/1973
f 1106/1832/1954 1087/1824/1936 1107/1831/1956 1126/1836/1974
f 1107/2069/1956 1108/2057/1955 1128/2061/1975 1127/2070/1976
f 1108/2057/1955 1109/2056/1957 1129/2060/1977 1128/2061/1975
f 1109/2056/1957 1110/2059/1958 1130/2066/1978 1129/2060/1977
f 1110/2059/1958 1111/2065/1959 1131/2076/1979 1130/2066/1978
f 1111/2065/1959 1112/2075/1960 1132/2085/1980 1131/2076/1979
f 1112/2075/1960 1113/2084/1961 1133/2096/1981 1132/2085/1980
f 1113/2084/1961 1114/2095/1962 1134/2103/1982 1133/2096/1981
f 1114/2095/1962 1115/2109/1963 1135/2110/1983 1134/2103/1982
f 1115/1926/1963 1116/1932/1964 1136/1936/1984 1135/1937/1983
f 1116/1932/1964 1117/1935/1965 1137/1940/1985 1136/1936/1984
f 1117/2151/1965 1118/2152/1966 1138/2141/1986 1137/2133/1985
f 1118/2152/1966 1119/2159/1967 1139/2149/1987 1138/2141/1986
f 1119/2159/1967 1120/2148/1968 1140/2139/1988 1139/2149/1987
f 1120/2148/1968 1121/2138/1969 1141/2131/1989 1140/2139/1988
f 1121/2138/1969 1122/2130/1970 1142/2122/1990 1141/2131/1989
f 1122/2130/1970 1123/2121/1971 1143/2116/1991 1142/2122/1990
f 1123/2121/1971 1124/2114/1972 1144/2107/1992 1143/2116/1991
f 1124/2114/1972 1125/2115/1973 1145/2100/1993 1144/2107/1992
f 1125/1842/1973 1126/1836/1974 1146/1841/1994 1145/1845/1993
f 1126/1836/1974 1107/1831/1956 1127/1840/1976 1146/1841/1994
f 1127/2070/1976 1128/2061/1975 1148/2068/1995 1147/2080/1996
f 1128/2061/1975 1129/2060/1977 1149/2067/1997 1148/2068/1995
f 1129/2060/1977 1130/2066/1978 1150/2077/1998 1149/2067/1997
f 1130/2066/1978 1131/2076/1979 1151/2086/1999 1150/2077/1998
f 1131/2076/1979 1132/2085/1980 1152/2097/2000 1151/2086/1999
f 1132/2085/1980 1133/2096/1981 1153/2104/2001 1152/2097/2000
f 1133/2096/1981 1134/2103/1982 1154/2111/2002 1153/2104/2001
f 1134/2103/1982 1135/2110/1983 1155/2118/2003 1154/2111/2002
f 1135/2110/1983 1136/2124/1984 1156/2125/2004 1155/2118/2003
f 1136/2124/1984 1137/2133/1985 1157/2134/2005 1156/2125/2004
f 1137/2133/1985 1138/2141/1986 1158/2142/2006 1157/2134/2005
f 1138/2141/1986 1139/2149/1987 1159/2150/2007 1158/2142/2006
f 1139/2149/1987 1140/2139/1988 1160/2140/2008 1159/2150/2007
f 1140/2139/1988 1141/2131/1989 1161/2132/2009 1160/2140/2008
f 1141/2131/1989 1142/2122/1990 1162/2123/2010 1161/2132/2009
f 1142/2122/1990 1143/2116/1991 1163/2117/2011 1162/2123/2010
f 1143/2116/1991 1144/2107/1992 1164/2108/2012 1163/2117/2011
f 1144/2107/1992 1145/2100/1993 1165/2101/2013 1164/2108/2012
f 1145/2100/1993 1146/2090/1994 1166/2091/2014 1165/2101/2013
f 1146/2090/1994 1127/2070/1976 1147/2080/1996 1166/2091/2014
f 1147/2080/1996 1148/2068/1995 1168/2079/2015 1167/2089/2016
f 1148/2068/1995 1149/2067/1997 1169/2078/2017 1168/2079/2015
f 1149/2067/1997 1150/2077/1998 1170/2087/2018 1169/2078/2017
f 1150/2077/1998 1151/2086/1999 1171/2098/2019 1170/2087/2018
f 1151/2086/1999 1152/2097/2000 1172/2105/2020 1171/2098/2019
f 1152/2097/2000 1153/2104/2001 1173/2112/2021 1172/2105/2020
f 1153/2104/2001 1154/2111/2002 1174/2119/2022 1173/2112/2021
f 1154/2111/2002 1155/2118/2003 1175/2126/2023 1174/2119/2022
f 1155/2118/2003 1156/2125/2004 1176/2135/2024 1175/2126/2023
f 1156/2125/2004 1157/2134/2005 1177/2143/2025 1176/2135/2024
f 1157/2134/2005 1158/2142/2006 1178/2153/2026 1177/2143/2025
f 1158/2142/2006 1159/2150/2007 1179/2154/2027 1178/2153/2026
f 1159/2150/2007 1160/2140/2008 1180/2144/2028 1179/2154/2027
f 1160/2140/2008 1161/2132/2009 1181/2136/2029 1180/2144/2028
f 1161/2132/2009 1162/2123/2010 1182/2127/2030 1181/2136/2029
f 1162/2123/2010 1163/2117/2011 1183/2120/2031 1182/2127/2030
f 1163/2117/2011 1164/2108/2012 1184/2113/2032 1183/2120/2031
f 1164/2108/2012 1165/2101/2013 1185/2106/2033 1184/2113/2032
f 1165/2101/2013 1166/2091/2014 1186/2099/2034 1185/2106/2033
f 1166/2091/2014 1147/2080/1996 1167/2089/2016 1186/2099/2034
f 808/1942/1656 807/1941/1655 1187/1945/2035
f 809/1946/1659 808/1942/1656 1187/1945/2035
f 810/1952/1661 809/1946/1659 1187/1945/2035
f 811/1960/1663 810/1952/1661 1187/1945/2035
f 812/1967/1665 811/1960/1663 1187/1945/2035
f 813/1976/1667 812/1967/1665 1187/1945/2035
f 814/1986/1669 813/1976/1667 1187/1945/2035
f 815/1997/1671 814/1986/1669 1187/1945/2035
f 816/2011/1673 815/1997/1671 1187/1945/2035
f 817/2023/1675 816/2011/1673 1187/1945/2035
f 818/2035/1677 817/2023/1675 1187/1945/2035
f 819/2021/1679 818/2035/1677 1187/1945/2035
f 820/2009/1681 819/2021/1679 1187/1945/2035
f 821/1995/1683 820/2009/1681 1187/1945/2035
f 822/1984/1685 821/1995/1683 1187/1945/2035
f 823/1974/1687 822/1984/1685 1187/1945/2035
f 824/1965/1689 823/1974/1687 1187/1945/2035
f 825/1958/1691 824/1965/1689 1187/1945/2035
f 826/1950/1693 825/1958/1691 1187/1945/2035
f 807/1941/1655 826/1950/1693 1187/1945/2035
f 1167/2089/2016 1168/2079/2015 1188/2088/2036
f 1168/2079/2015 1169/2078/2017 1188/2088/2036
f 1169/2078/2017 1170/2087/2018 1188/2088/2036
f 1170/2087/2018 1171/2098/2019 1188/2088/2036
f 1171/2098/2019 1172/2105/2020 1188/2088/2036
f 1172/2105/2020 1173/2112/2021 1188/2088/2036
f 1173/2112/2021 1174/2119/2022 1188/2088/2036
f 1174/2119/2022 1175/2126/2023 1188/2088/2036
f 1175/2126/2023 1176/2135/2024 1188/2088/2036
f 1176/2135/2024 1177/2143/2025 1188/2088/2036
f 1177/2143/2025 1178/2153/2026 1188/2088/2036
f 1178/2153/2026 1179/2154/2027 1188/2088/2036
f 1179/2154/2027 1180/2144/2028 1188/2088/2036
f 1180/2144/2028 1181/2136/2029 1188/2088/2036
f 1181/2136/2029 1182/2127/2030 1188/2088/2036
f 1182/2127/2030 1183/2120/2031 1188/2088/2036
f 1183/2120/2031 1184/2113/2032 1188/2088/2036
f 1184/2113/2032 1185/2106/2033 1188/2088/2036
f 1185/2106/2033 1186/2099/2034 1188/2088/2036
f 1186/2099/2034 1167/2089/2016 1188/2088/2036
