# This file uses centimeters as units for non-parametric coordinates.

mtllib laberinto4tex.mtl
g default
v -1.139803 -0.068232 -1.333843
v -6.268746 -0.068232 -1.333843
v -1.139803 2.028738 -1.333843
v -6.268746 2.028738 -1.333843
v -1.139803 2.028738 -0.585898
v -6.268746 2.028738 -0.585898
v -1.139803 -0.068232 -0.585898
v -6.268746 -0.068232 -0.585898
v -3.364446 -0.068232 9.761015
v -5.992906 -0.068232 9.761015
v -3.364446 2.028738 9.761015
v -5.992906 2.028738 9.761015
v -3.364446 2.028738 10.508961
v -5.992906 2.028738 10.508961
v -3.364446 -0.068232 10.508961
v -5.992906 -0.068232 10.508961
v 12.418758 -0.068232 -3.430746
v 9.340677 -0.068232 -3.430746
v 12.418758 2.028738 -3.430746
v 9.340677 2.028738 -3.430746
v 12.418758 2.028738 -2.682801
v 9.340677 2.028738 -2.682801
v 12.418758 -0.068232 -2.682801
v 9.340677 -0.068232 -2.682801
v 10.357935 -0.068232 -5.776890
v 7.279854 -0.068232 -5.776890
v 10.357935 2.028738 -5.776890
v 7.279854 2.028738 -5.776890
v 10.357935 2.028738 -5.028945
v 7.279854 2.028738 -5.028945
v 10.357935 -0.068232 -5.028945
v 7.279854 -0.068232 -5.028945
v 3.380713 -0.068232 3.242948
v 0.546298 -0.068232 3.242948
v 3.380713 2.028738 3.242948
v 0.546298 2.028738 3.242948
v 3.380713 2.028738 3.990893
v 0.546298 2.028738 3.990893
v 3.380713 -0.068232 3.990893
v 0.546298 -0.068232 3.990893
v -10.750299 -0.068232 3.171349
v -10.750299 -0.068232 6.128160
v -10.750299 2.028738 3.171349
v -10.750299 2.028738 6.128160
v -10.002354 2.028738 3.171349
v -10.002354 2.028738 6.128160
v -10.002354 -0.068232 3.171349
v -10.002354 -0.068232 6.128160
v -3.724888 -0.068232 5.443235
v -5.894243 -0.068232 5.443235
v -3.724888 2.028738 5.443235
v -5.894243 2.028738 5.443235
v -3.724888 2.028738 6.191180
v -5.894243 2.028738 6.191180
v -3.724888 -0.068232 6.191180
v -5.894243 -0.068232 6.191180
v 10.097978 -0.068232 3.242948
v 7.019897 -0.068232 3.242948
v 10.097978 2.028738 3.242948
v 7.019897 2.028738 3.242948
v 10.097978 2.028738 3.990893
v 7.019897 2.028738 3.990893
v 10.097978 -0.068232 3.990893
v 7.019897 -0.068232 3.990893
v -13.032106 -0.037154 12.830713
v 12.505660 -0.037154 12.830713
v -13.032106 2.059816 12.830713
v 12.505660 2.059816 12.830713
v -13.032106 2.059816 11.775934
v 12.505660 2.059816 11.775934
v -13.032106 -0.037154 11.775934
v 12.505660 -0.037154 11.775934
v -13.032106 -0.037154 -11.725028
v 12.505660 -0.037154 -11.725028
v -13.032106 2.059816 -11.725028
v 12.505660 2.059816 -11.725028
v -13.032106 2.059816 -12.779810
v 12.505660 2.059816 -12.779810
v -13.032106 -0.037154 -12.779810
v 12.505660 -0.037154 -12.779810
v -13.245131 -0.037154 -12.769897
v -13.245131 -0.037154 12.805706
v -13.245131 2.059816 -12.769897
v -13.245131 2.059816 12.805706
v -12.190349 2.059816 -12.769897
v -12.190349 2.059816 12.805706
v -12.190349 -0.037154 -12.769897
v -12.190349 -0.037154 12.805706
v 0.532671 -0.068232 -3.437613
v 0.532671 -0.068232 8.542322
v 0.532671 2.028738 -3.437613
v 0.532671 2.028738 8.542322
v 1.280616 2.028738 -3.437613
v 1.280616 2.028738 8.542322
v 1.280616 -0.068232 -3.437613
v 1.280616 -0.068232 8.542322
v -4.045478 -0.068232 -10.132811
v -4.045478 -0.068232 3.869079
v -4.045478 2.028738 -10.132811
v -4.045478 2.028738 3.869079
v -3.297533 2.028738 -10.132811
v -3.297533 2.028738 3.869079
v -3.297533 -0.068232 -10.132811
v -3.297533 -0.068232 3.869079
v 2.640110 -0.068232 -7.964215
v 2.640110 -0.068232 -5.090962
v 2.640110 2.028738 -7.964215
v 2.640110 2.028738 -5.090962
v 3.388055 2.028738 -7.964215
v 3.388055 2.028738 -5.090962
v 3.388055 -0.068232 -7.964215
v 3.388055 -0.068232 -5.090962
v 9.334333 -0.068232 0.990989
v 9.334333 -0.068232 3.864242
v 9.334333 2.028738 0.990989
v 9.334333 2.028738 3.864242
v 10.082279 2.028738 0.990989
v 10.082279 2.028738 3.864242
v 10.082279 -0.068232 0.990989
v 10.082279 -0.068232 3.864242
v 4.893359 -0.068232 7.659529
v 4.893359 -0.068232 10.532782
v 4.893359 2.028738 7.659529
v 4.893359 2.028738 10.532782
v 5.641304 2.028738 7.659529
v 5.641304 2.028738 10.532782
v 5.641304 -0.068232 7.659529
v 5.641304 -0.068232 10.532782
v 7.134257 -0.068232 9.751702
v 7.134257 -0.068232 12.624955
v 7.134257 2.028738 9.751702
v 7.134257 2.028738 12.624955
v 7.882202 2.028738 9.751702
v 7.882202 2.028738 12.624955
v 7.882202 -0.068232 9.751702
v 7.882202 -0.068232 12.624955
v 4.893359 -0.068232 0.983499
v 4.893359 -0.068232 6.147650
v 4.893359 2.028738 0.983499
v 4.893359 2.028738 6.147650
v 5.641304 2.028738 0.983499
v 5.641304 2.028738 6.147650
v 5.641304 -0.068232 0.983499
v 5.641304 -0.068232 6.147650
v 7.223632 -0.068232 -10.536352
v 7.223632 -0.068232 1.681579
v 7.223632 2.028738 -10.536352
v 7.223632 2.028738 1.681579
v 7.971577 2.028738 -10.536352
v 7.971577 2.028738 1.681579
v 7.971577 -0.068232 -10.536352
v 7.971577 -0.068232 1.681579
v 9.334333 -0.068232 -3.417251
v 9.334333 -0.068232 -0.384372
v 9.334333 2.028738 -3.417251
v 9.334333 2.028738 -0.384372
v 10.082279 2.028738 -3.417251
v 10.082279 2.028738 -0.384372
v 10.082279 -0.068232 -3.417251
v 10.082279 -0.068232 -0.384372
v 2.635089 -0.068232 3.249185
v 2.635089 -0.068232 8.243987
v 2.635089 2.028738 3.249185
v 2.635089 2.028738 8.243987
v 3.383034 2.028738 3.249185
v 3.383034 2.028738 8.243987
v 3.383034 -0.068232 3.249185
v 3.383034 -0.068232 8.243987
v 11.989715 -0.037154 -12.769897
v 11.989715 -0.037154 12.805706
v 11.989715 2.059816 -12.769897
v 11.989715 2.059816 12.805706
v 13.044496 2.059816 -12.769897
v 13.044496 2.059816 12.805706
v 13.044496 -0.037154 -12.769897
v 13.044496 -0.037154 12.805706
v 9.399220 -0.068232 7.659529
v 9.399220 -0.068232 10.532782
v 9.399220 2.028738 7.659529
v 9.399220 2.028738 10.532782
v 10.147166 2.028738 7.659529
v 10.147166 2.028738 10.532782
v 10.147166 -0.068232 7.659529
v 10.147166 -0.068232 10.532782
v 4.893359 -0.068232 -10.127871
v 4.893359 -0.068232 -0.460215
v 4.893359 2.028738 -10.127871
v 4.893359 2.028738 -0.460215
v 5.641304 2.028738 -10.127871
v 5.641304 2.028738 -0.460215
v 5.641304 -0.068232 -10.127871
v 5.641304 -0.068232 -0.460215
v 2.640110 -0.068232 -1.259291
v 2.640110 -0.068232 1.613962
v 2.640110 2.028738 -1.259291
v 2.640110 2.028738 1.613962
v 3.388055 2.028738 -1.259291
v 3.388055 2.028738 1.613962
v 3.388055 -0.068232 -1.259291
v 3.388055 -0.068232 1.613962
v 9.334333 -0.068232 -11.909505
v 9.334333 -0.068232 -7.057015
v 9.334333 2.028738 -11.909505
v 9.334333 2.028738 -7.057015
v 10.082279 2.028738 -11.909505
v 10.082279 2.028738 -7.057015
v 10.082279 -0.068232 -11.909505
v 10.082279 -0.068232 -7.057015
v -1.855606 -0.068232 3.221476
v -1.855606 -0.068232 6.254354
v -1.855606 2.028738 3.221476
v -1.855606 2.028738 6.254354
v -1.107661 2.028738 3.221476
v -1.107661 2.028738 6.254354
v -1.107661 -0.068232 3.221476
v -1.107661 -0.068232 6.254354
v -8.496442 -0.068232 5.175001
v -8.496442 -0.068232 8.025679
v -8.496442 2.028738 5.175001
v -8.496442 2.028738 8.025679
v -7.748497 2.028738 5.175001
v -7.748497 2.028738 8.025679
v -7.748497 -0.068232 5.175001
v -7.748497 -0.068232 8.025679
v -6.273077 -0.068232 -1.328564
v -6.273077 -0.068232 1.700447
v -6.273077 2.028738 -1.328564
v -6.273077 2.028738 1.700447
v -5.525132 2.028738 -1.328564
v -5.525132 2.028738 1.700447
v -5.525132 -0.068232 -1.328564
v -5.525132 -0.068232 1.700447
v -1.855606 -0.068232 -10.066658
v -1.855606 -0.068232 -7.193405
v -1.855606 2.028738 -10.066658
v -1.855606 2.028738 -7.193405
v -1.107661 2.028738 -10.066658
v -1.107661 2.028738 -7.193405
v -1.107661 -0.068232 -10.066658
v -1.107661 -0.068232 -7.193405
v -8.496442 -0.068232 -10.347603
v -8.496442 -0.068232 -7.496925
v -8.496442 2.028738 -10.347603
v -8.496442 2.028738 -7.496925
v -7.748497 2.028738 -10.347603
v -7.748497 2.028738 -7.496925
v -7.748497 -0.068232 -10.347603
v -7.748497 -0.068232 -7.496925
v -1.855606 -0.068232 7.681618
v -1.855606 -0.068232 10.411091
v -1.855606 2.028738 7.681618
v -1.855606 2.028738 10.411091
v -1.107661 2.028738 7.681618
v -1.107661 2.028738 10.411091
v -1.107661 -0.068232 7.681618
v -1.107661 -0.068232 10.411091
v -6.273077 -0.068232 3.164335
v -6.273077 -0.068232 6.193346
v -6.273077 2.028738 3.164335
v -6.273077 2.028738 6.193346
v -5.525132 2.028738 3.164335
v -5.525132 2.028738 6.193346
v -5.525132 -0.068232 3.164335
v -5.525132 -0.068232 6.193346
v -6.273077 -0.068232 -7.941063
v -6.273077 -0.068232 -2.802377
v -6.273077 2.028738 -7.941063
v -6.273077 2.028738 -2.802377
v -5.525132 2.028738 -7.941063
v -5.525132 2.028738 -2.802377
v -5.525132 -0.068232 -7.941063
v -5.525132 -0.068232 -2.802377
v -6.241754 -0.068232 7.661311
v -6.241754 -0.068232 10.511989
v -6.241754 2.028738 7.661311
v -6.241754 2.028738 10.511989
v -5.493809 2.028738 7.661311
v -5.493809 2.028738 10.511989
v -5.493809 -0.068232 7.661311
v -5.493809 -0.068232 10.511989
v -10.750299 -0.068232 -1.240648
v -10.750299 -0.068232 1.716163
v -10.750299 2.028738 -1.240648
v -10.750299 2.028738 1.716163
v -10.002354 2.028738 -1.240648
v -10.002354 2.028738 1.716163
v -10.002354 -0.068232 -1.240648
v -10.002354 -0.068232 1.716163
v -6.273077 -0.068232 -12.270067
v -6.273077 -0.068232 -9.472811
v -6.273077 2.028738 -12.270067
v -6.273077 2.028738 -9.472811
v -5.525132 2.028738 -12.270067
v -5.525132 2.028738 -9.472811
v -5.525132 -0.068232 -12.270067
v -5.525132 -0.068232 -9.472811
v -8.496442 -0.068232 9.659805
v -8.496442 -0.068232 12.510483
v -8.496442 2.028738 9.659805
v -8.496442 2.028738 12.510483
v -7.748497 2.028738 9.659805
v -7.748497 2.028738 12.510483
v -7.748497 -0.068232 9.659805
v -7.748497 -0.068232 12.510483
v -8.496442 -0.068232 -3.228331
v -8.496442 -0.068232 -0.377653
v -8.496442 2.028738 -3.228331
v -8.496442 2.028738 -0.377653
v -7.748497 2.028738 -3.228331
v -7.748497 2.028738 -0.377653
v -7.748497 -0.068232 -3.228331
v -7.748497 -0.068232 -0.377653
v -10.704679 -0.068232 7.661311
v -10.704679 -0.068232 10.511989
v -10.704679 2.028738 7.661311
v -10.704679 2.028738 10.511989
v -9.956734 2.028738 7.661311
v -9.956734 2.028738 10.511989
v -9.956734 -0.068232 7.661311
v -9.956734 -0.068232 10.511989
v -5.523479 -0.068232 -3.544142
v -10.763059 -0.068232 -3.544142
v -5.523479 2.028738 -3.544142
v -10.763059 2.028738 -3.544142
v -5.523479 2.028738 -2.796197
v -10.763059 2.028738 -2.796197
v -5.523479 -0.068232 -2.796197
v -10.763059 -0.068232 -2.796197
v -4.007088 -0.068232 5.437414
v -4.007088 -0.068232 8.358998
v -4.007088 2.028738 5.437414
v -4.007088 2.028738 8.358998
v -3.259143 2.028738 5.437414
v -3.259143 2.028738 8.358998
v -3.259143 -0.068232 5.437414
v -3.259143 -0.068232 8.358998
v -5.529561 -0.068232 -7.943076
v -10.747493 -0.068232 -7.943076
v -5.529561 2.028738 -7.943076
v -10.747493 2.028738 -7.943076
v -5.529561 2.028738 -7.195131
v -10.747493 2.028738 -7.195131
v -5.529561 -0.068232 -7.195131
v -10.747493 -0.068232 -7.195131
v -9.796832 -0.068232 -10.238997
v -12.412295 -0.068232 -10.238997
v -9.796832 2.028738 -10.238997
v -12.412295 2.028738 -10.238997
v -9.796832 2.028738 -9.491052
v -12.412295 2.028738 -9.491052
v -9.796832 -0.068232 -9.491052
v -12.412295 -0.068232 -9.491052
v -3.291991 -0.068232 -10.221106
v -6.292395 -0.068232 -10.221106
v -3.291991 2.028738 -10.221106
v -6.292395 2.028738 -10.221106
v -3.291991 2.028738 -9.473160
v -6.292395 2.028738 -9.473160
v -3.291991 -0.068232 -9.473160
v -6.292395 -0.068232 -9.473160
v 3.382530 -0.068232 -5.831972
v -3.834276 -0.068232 -5.831972
v 3.382530 2.028738 -5.831972
v -3.834276 2.028738 -5.831972
v 3.382530 2.028738 -5.084027
v -3.834276 2.028738 -5.084027
v 3.382530 -0.068232 -5.084027
v -3.834276 -0.068232 -5.084027
v -5.464450 -0.068232 7.644743
v -12.936658 -0.068232 7.644743
v -5.464450 2.028738 7.644743
v -12.936658 2.028738 7.644743
v -5.464450 2.028738 8.392689
v -12.936658 2.028738 8.392689
v -5.464450 -0.068232 8.392689
v -12.936658 -0.068232 8.392689
v 3.306406 -0.068232 9.778287
v -1.844424 -0.068232 9.778287
v 3.306406 2.028738 9.778287
v -1.844424 2.028738 9.778287
v 3.306406 2.028738 10.526233
v -1.844424 2.028738 10.526233
v 3.306406 -0.068232 10.526233
v -1.844424 -0.068232 10.526233
v 1.145517 -0.068232 -7.936755
v -1.854887 -0.068232 -7.936755
v 1.145517 2.028738 -7.936755
v -1.854887 2.028738 -7.936755
v 1.145517 2.028738 -7.188810
v -1.854887 2.028738 -7.188810
v 1.145517 -0.068232 -7.188810
v -1.854887 -0.068232 -7.188810
v 10.115189 -0.068232 0.982900
v 2.642980 -0.068232 0.982900
v 10.115189 2.028738 0.982900
v 2.642980 2.028738 0.982900
v 10.115189 2.028738 1.730845
v 2.642980 2.028738 1.730845
v 10.115189 -0.068232 1.730845
v 2.642980 -0.068232 1.730845
v 12.368719 -0.068232 5.402481
v 4.896511 -0.068232 5.402481
v 12.368719 2.028738 5.402481
v 4.896511 2.028738 5.402481
v 12.368719 2.028738 6.150426
v 4.896511 2.028738 6.150426
v 12.368719 -0.068232 6.150426
v 4.896511 -0.068232 6.150426
v -7.591440 -0.068232 -5.824450
v -12.773235 -0.068232 -5.824450
v -7.591440 2.028738 -5.824450
v -12.773235 2.028738 -5.824450
v -7.591440 2.028738 -5.076505
v -12.773235 2.028738 -5.076505
v -7.591440 -0.068232 -5.076505
v -12.773235 -0.068232 -5.076505
v -1.113720 -0.068232 7.687405
v -4.017167 -0.068232 7.687405
v -1.113720 2.028738 7.687405
v -4.017167 2.028738 7.687405
v -1.113720 2.028738 8.435350
v -4.017167 2.028738 8.435350
v -1.113720 -0.068232 8.435350
v -4.017167 -0.068232 8.435350
v 5.604887 -0.068232 -3.486469
v -2.218759 -0.068232 -3.486469
v 5.604887 2.028738 -3.486469
v -2.218759 2.028738 -3.486469
v 5.604887 2.028738 -2.738523
v -2.218759 2.028738 -2.738523
v 5.604887 -0.068232 -2.738523
v -2.218759 -0.068232 -2.738523
v 10.143649 -0.068232 7.512647
v 2.671441 -0.068232 7.512647
v 10.143649 2.028738 7.512647
v 2.671441 2.028738 7.512647
v 10.143649 2.028738 8.260592
v 2.671441 2.028738 8.260592
v 10.143649 -0.068232 8.260592
v 2.671441 -0.068232 8.260592
v 5.620479 -0.068232 -10.129971
v -1.851730 -0.068232 -10.129971
v 5.620479 2.028738 -10.129971
v -1.851730 2.028738 -10.129971
v 5.620479 2.028738 -9.382025
v -1.851730 2.028738 -9.382025
v 5.620479 -0.068232 -9.382025
v -1.851730 -0.068232 -9.382025
v -5.520245 -0.068232 3.164965
v -10.702040 -0.068232 3.164965
v -5.520245 2.028738 3.164965
v -10.702040 2.028738 3.164965
v -5.520245 2.028738 3.912910
v -10.702040 2.028738 3.912910
v -5.520245 -0.068232 3.912910
v -10.702040 -0.068232 3.912910
v -5.520245 -0.068232 0.980433
v -10.702040 -0.068232 0.980433
v -5.520245 2.028738 0.980433
v -10.702040 2.028738 0.980433
v -5.520245 2.028738 1.728378
v -10.702040 2.028738 1.728378
v -5.520245 -0.068232 1.728378
v -10.702040 -0.068232 1.728378
v 1.145517 -0.068232 0.949012
v -1.854887 -0.068232 0.949012
v 1.145517 2.028738 0.949012
v -1.854887 2.028738 0.949012
v 1.145517 2.028738 1.696957
v -1.854887 2.028738 1.696957
v 1.145517 -0.068232 1.696957
v -1.854887 -0.068232 1.696957
v -1.113720 -0.068232 3.114251
v -4.017167 -0.068232 3.114251
v -1.113720 2.028738 3.114251
v -4.017167 2.028738 3.114251
v -1.113720 2.028738 3.862197
v -4.017167 2.028738 3.862197
v -1.113720 -0.068232 3.862197
v -4.017167 -0.068232 3.862197
vt 0.415612 0.875041
vt 0.428268 0.875041
vt 0.428268 0.910523
vt 0.415612 0.910523
vt 0.397002 0.875041
vt 0.409657 0.875041
vt 0.409657 0.910523
vt 0.397002 0.910523
vt 0.378391 0.875041
vt 0.391047 0.875041
vt 0.391047 0.910523
vt 0.378391 0.910523
vt 0.359780 0.875041
vt 0.372436 0.875041
vt 0.372436 0.910523
vt 0.359780 0.910523
vt 0.341169 0.875041
vt 0.353825 0.875041
vt 0.353825 0.910523
vt 0.341169 0.910523
vt 0.322559 0.875041
vt 0.335214 0.875041
vt 0.335214 0.910523
vt 0.322559 0.910523
vt 0.303948 0.875041
vt 0.316603 0.875041
vt 0.316603 0.910523
vt 0.303948 0.910523
vt 0.285337 0.875041
vt 0.297993 0.875041
vt 0.297993 0.910523
vt 0.285337 0.910523
vt 0.266726 0.875041
vt 0.279382 0.875041
vt 0.279382 0.910523
vt 0.266726 0.910523
vt 0.248116 0.875041
vt 0.260771 0.875041
vt 0.260771 0.910523
vt 0.248116 0.910523
vt 0.546936 0.765828
vt 0.546936 0.715798
vt 0.582418 0.715798
vt 0.582418 0.765828
vt 0.642953 0.715499
vt 0.642953 0.765530
vt 0.607471 0.765530
vt 0.607471 0.715499
vt 0.192283 0.875400
vt 0.204939 0.875400
vt 0.204939 0.910882
vt 0.192283 0.910882
vt 0.173672 0.875400
vt 0.186328 0.875400
vt 0.186328 0.910882
vt 0.173672 0.910882
vt 0.155062 0.875400
vt 0.167717 0.875400
vt 0.167717 0.910882
vt 0.155062 0.910882
vt 0.136451 0.875400
vt 0.149107 0.875400
vt 0.149107 0.910882
vt 0.136451 0.910882
vt 0.112648 0.875400
vt 0.130496 0.875400
vt 0.130496 0.910882
vt 0.112648 0.910882
vt 0.088846 0.875400
vt 0.106693 0.875400
vt 0.106693 0.910882
vt 0.088846 0.910882
vt 0.065043 0.875400
vt 0.082891 0.875400
vt 0.082891 0.910882
vt 0.065043 0.910882
vt 0.041241 0.875400
vt 0.059088 0.875400
vt 0.059088 0.910882
vt 0.041241 0.910882
vt 0.001934 0.434745
vt 0.001934 0.001992
vt 0.037415 0.001992
vt 0.037415 0.434745
vt 0.103815 0.001992
vt 0.103815 0.434745
vt 0.068333 0.434745
vt 0.068333 0.001992
vt 0.773942 0.204699
vt 0.773942 0.001992
vt 0.809424 0.001992
vt 0.809424 0.204699
vt 0.869959 0.001992
vt 0.869959 0.204699
vt 0.834477 0.204699
vt 0.834477 0.001992
vt 0.531803 0.238912
vt 0.531803 0.001992
vt 0.567285 0.001992
vt 0.567285 0.238912
vt 0.627819 0.001992
vt 0.627819 0.238912
vt 0.592338 0.238912
vt 0.592338 0.001992
vt 0.753073 0.652626
vt 0.753073 0.604009
vt 0.788555 0.604009
vt 0.788555 0.652626
vt 0.728507 0.604009
vt 0.728507 0.652626
vt 0.693025 0.652626
vt 0.693025 0.604009
vt 0.632977 0.818021
vt 0.632977 0.769404
vt 0.668459 0.769404
vt 0.668459 0.818021
vt 0.608411 0.769703
vt 0.608411 0.818320
vt 0.572930 0.818320
vt 0.572930 0.769703
vt 0.512882 0.819057
vt 0.512882 0.770440
vt 0.548364 0.770440
vt 0.548364 0.819057
vt 0.488316 0.770440
vt 0.488316 0.819057
vt 0.452834 0.819057
vt 0.452834 0.770440
vt 0.392786 0.819057
vt 0.392786 0.770440
vt 0.428268 0.770440
vt 0.428268 0.819057
vt 0.368221 0.770440
vt 0.368221 0.819057
vt 0.332739 0.819057
vt 0.332739 0.770440
vt 0.546936 0.655668
vt 0.546936 0.568287
vt 0.582418 0.568287
vt 0.582418 0.655668
vt 0.642953 0.373094
vt 0.642953 0.460474
vt 0.607471 0.460474
vt 0.607471 0.373094
vt 0.652872 0.208726
vt 0.652872 0.001992
vt 0.688354 0.001992
vt 0.688354 0.208726
vt 0.748889 0.001992
vt 0.748889 0.208726
vt 0.713407 0.208726
vt 0.713407 0.001992
vt 0.272691 0.711799
vt 0.272691 0.660481
vt 0.308173 0.660481
vt 0.308173 0.711799
vt 0.248125 0.660481
vt 0.248125 0.711799
vt 0.212643 0.711799
vt 0.212643 0.660481
vt 0.873168 0.520166
vt 0.873168 0.435652
vt 0.908650 0.435652
vt 0.908650 0.520166
vt 0.848602 0.435652
vt 0.848602 0.520166
vt 0.813120 0.520166
vt 0.813120 0.435652
vt 0.134543 0.434745
vt 0.134543 0.001992
vt 0.170025 0.001992
vt 0.170025 0.434745
vt 0.236235 0.001992
vt 0.236235 0.434745
vt 0.200753 0.434745
vt 0.200753 0.001992
vt 0.272691 0.819057
vt 0.272691 0.770440
vt 0.308173 0.770440
vt 0.308173 0.819057
vt 0.248125 0.770316
vt 0.248125 0.818933
vt 0.212643 0.818933
vt 0.212643 0.770316
vt 0.895012 0.165574
vt 0.895012 0.001992
vt 0.930494 0.001992
vt 0.930494 0.165574
vt 0.968698 0.169448
vt 0.968698 0.333030
vt 0.933216 0.333030
vt 0.933216 0.169448
vt 0.152595 0.819417
vt 0.152595 0.770800
vt 0.188077 0.770800
vt 0.188077 0.819417
vt 0.128030 0.770800
vt 0.128030 0.819417
vt 0.092548 0.819417
vt 0.092548 0.770800
vt 0.753073 0.517758
vt 0.753073 0.435652
vt 0.788555 0.435652
vt 0.788555 0.517758
vt 0.728507 0.464123
vt 0.728507 0.546230
vt 0.693025 0.546230
vt 0.693025 0.464123
vt 0.152596 0.711799
vt 0.152596 0.660481
vt 0.188078 0.660481
vt 0.188078 0.711799
vt 0.128030 0.656771
vt 0.128030 0.708089
vt 0.092548 0.708089
vt 0.092548 0.656771
vt 0.062658 0.871526
vt 0.062658 0.823291
vt 0.098139 0.823291
vt 0.098139 0.871526
vt 0.158674 0.823291
vt 0.158674 0.871526
vt 0.123192 0.871526
vt 0.123192 0.823291
vt 0.032500 0.708023
vt 0.032500 0.656771
vt 0.067982 0.656771
vt 0.067982 0.708023
vt 0.037415 0.711897
vt 0.037415 0.763150
vt 0.001934 0.763150
vt 0.001934 0.711897
vt 0.032500 0.815707
vt 0.032500 0.767090
vt 0.067982 0.767090
vt 0.067982 0.815707
vt 0.037415 0.819581
vt 0.037415 0.868198
vt 0.001934 0.868198
vt 0.001934 0.819581
vt 0.183727 0.871526
vt 0.183727 0.823291
vt 0.219209 0.823291
vt 0.219209 0.871526
vt 0.279744 0.822932
vt 0.279744 0.871167
vt 0.244262 0.871167
vt 0.244262 0.822932
vt 0.873168 0.730168
vt 0.873168 0.683984
vt 0.908650 0.683984
vt 0.908650 0.730168
vt 0.848602 0.708334
vt 0.848602 0.754519
vt 0.813120 0.754519
vt 0.813120 0.708334
vt 0.062658 0.763215
vt 0.062658 0.711963
vt 0.098139 0.711963
vt 0.098139 0.763215
vt 0.158674 0.715673
vt 0.158674 0.766925
vt 0.123192 0.766925
vt 0.123192 0.715673
vt 0.789076 0.431777
vt 0.789076 0.344828
vt 0.824558 0.344828
vt 0.824558 0.431777
vt 0.885093 0.344828
vt 0.885093 0.431777
vt 0.849611 0.431777
vt 0.849611 0.344828
vt 0.304797 0.871167
vt 0.304797 0.822932
vt 0.340279 0.822932
vt 0.340279 0.871167
vt 0.400814 0.822932
vt 0.400814 0.871167
vt 0.365332 0.871167
vt 0.365332 0.822932
vt 0.668006 0.600135
vt 0.668006 0.550104
vt 0.703488 0.550104
vt 0.703488 0.600135
vt 0.764023 0.550104
vt 0.764023 0.600135
vt 0.728541 0.600135
vt 0.728541 0.550104
vt 0.910146 0.679481
vt 0.910146 0.632150
vt 0.945627 0.632150
vt 0.945627 0.679481
vt 0.968698 0.683356
vt 0.968698 0.730687
vt 0.933216 0.730687
vt 0.933216 0.683356
vt 0.425867 0.871167
vt 0.425867 0.822932
vt 0.461349 0.822932
vt 0.461349 0.871167
vt 0.521883 0.822932
vt 0.521883 0.871167
vt 0.486402 0.871167
vt 0.486402 0.822932
vt 0.546936 0.871167
vt 0.546936 0.822932
vt 0.582418 0.822932
vt 0.582418 0.871167
vt 0.642953 0.822194
vt 0.642953 0.870429
vt 0.607471 0.870429
vt 0.607471 0.822194
vt 0.668006 0.870130
vt 0.668006 0.821895
vt 0.703488 0.821895
vt 0.703488 0.870130
vt 0.764023 0.656500
vt 0.764023 0.704735
vt 0.728541 0.704735
vt 0.728541 0.656500
vt 0.788545 0.797749
vt 0.801201 0.797749
vt 0.801201 0.833231
vt 0.788545 0.833231
vt 0.769935 0.796315
vt 0.782590 0.796315
vt 0.782590 0.831797
vt 0.769935 0.831797
vt 0.789076 0.573475
vt 0.789076 0.524041
vt 0.824558 0.524041
vt 0.824558 0.573475
vt 0.885093 0.524041
vt 0.885093 0.573476
vt 0.849611 0.573476
vt 0.849611 0.524041
vt 0.714102 0.961710
vt 0.726758 0.961710
vt 0.726758 0.997192
vt 0.714102 0.997192
vt 0.695492 0.961710
vt 0.708147 0.961710
vt 0.708147 0.997192
vt 0.695492 0.997192
vt 0.676881 0.961788
vt 0.689537 0.961788
vt 0.689537 0.997270
vt 0.676881 0.997270
vt 0.658270 0.961788
vt 0.670926 0.961788
vt 0.670926 0.997270
vt 0.658270 0.997270
vt 0.639659 0.961789
vt 0.652315 0.961789
vt 0.652315 0.997270
vt 0.639659 0.997270
vt 0.621049 0.962526
vt 0.633704 0.962526
vt 0.633704 0.998008
vt 0.621049 0.998008
vt 0.602438 0.962526
vt 0.615093 0.962526
vt 0.615093 0.998008
vt 0.602438 0.998008
vt 0.583827 0.962526
vt 0.596483 0.962526
vt 0.596483 0.998008
vt 0.583827 0.998008
vt 0.565216 0.962526
vt 0.577872 0.962526
vt 0.577872 0.998008
vt 0.565216 0.998008
vt 0.546605 0.962526
vt 0.559261 0.962526
vt 0.559261 0.998008
vt 0.546605 0.998008
vt 0.527995 0.954978
vt 0.540650 0.954978
vt 0.540650 0.990460
vt 0.527995 0.990460
vt 0.509384 0.954978
vt 0.522039 0.954978
vt 0.522039 0.990460
vt 0.509384 0.990460
vt 0.490773 0.954978
vt 0.503429 0.954978
vt 0.503429 0.990460
vt 0.490773 0.990460
vt 0.472162 0.954978
vt 0.484818 0.954978
vt 0.484818 0.990460
vt 0.472162 0.990460
vt 0.453552 0.954978
vt 0.466207 0.954978
vt 0.466207 0.990460
vt 0.453552 0.990460
vt 0.434941 0.954978
vt 0.447596 0.954978
vt 0.447596 0.990460
vt 0.434941 0.990460
vt 0.416330 0.954978
vt 0.428986 0.954978
vt 0.428986 0.990460
vt 0.416330 0.990460
vt 0.397719 0.953753
vt 0.410375 0.953753
vt 0.410375 0.989235
vt 0.397719 0.989235
vt 0.379108 0.953753
vt 0.391764 0.953753
vt 0.391764 0.989235
vt 0.379108 0.989235
vt 0.360498 0.953753
vt 0.373153 0.953753
vt 0.373153 0.989235
vt 0.360498 0.989235
vt 0.341887 0.953753
vt 0.354543 0.953753
vt 0.354543 0.989235
vt 0.341887 0.989235
vt 0.323276 0.953753
vt 0.335932 0.953753
vt 0.335932 0.989235
vt 0.323276 0.989235
vt 0.304665 0.953753
vt 0.317321 0.953753
vt 0.317321 0.989235
vt 0.304665 0.989235
vt 0.286055 0.953753
vt 0.298710 0.953753
vt 0.298710 0.989235
vt 0.286055 0.989235
vt 0.267444 0.953753
vt 0.280099 0.953753
vt 0.280099 0.989235
vt 0.267444 0.989235
vt 0.248833 0.953753
vt 0.261489 0.953753
vt 0.261489 0.989235
vt 0.248833 0.989235
vt 0.230222 0.954112
vt 0.242878 0.954112
vt 0.242878 0.989594
vt 0.230222 0.989594
vt 0.211611 0.954112
vt 0.224267 0.954112
vt 0.224267 0.989594
vt 0.211611 0.989594
vt 0.193001 0.954112
vt 0.205656 0.954112
vt 0.205656 0.989594
vt 0.193001 0.989594
vt 0.174390 0.954112
vt 0.187045 0.954112
vt 0.187045 0.989594
vt 0.174390 0.989594
vt 0.155779 0.954112
vt 0.168435 0.954112
vt 0.168435 0.989594
vt 0.155779 0.989594
vt 0.137168 0.954112
vt 0.149824 0.954112
vt 0.149824 0.989594
vt 0.137168 0.989594
vt 0.118558 0.954112
vt 0.131213 0.954112
vt 0.131213 0.989594
vt 0.118558 0.989594
vt 0.099947 0.954112
vt 0.112602 0.954112
vt 0.112602 0.989594
vt 0.099947 0.989594
vt 0.081336 0.954112
vt 0.093992 0.954112
vt 0.093992 0.989594
vt 0.081336 0.989594
vt 0.062725 0.954112
vt 0.075381 0.954112
vt 0.075381 0.989594
vt 0.062725 0.989594
vt 0.964419 0.336905
vt 0.964419 0.423689
vt 0.951763 0.423689
vt 0.951763 0.336905
vt 0.927261 0.435487
vt 0.927261 0.522271
vt 0.914605 0.522271
vt 0.914605 0.435487
vt 0.747118 0.708610
vt 0.747118 0.753085
vt 0.734462 0.753085
vt 0.734462 0.708610
vt 0.687070 0.874004
vt 0.687070 0.918479
vt 0.674414 0.918479
vt 0.674414 0.874004
vt 0.627022 0.464348
vt 0.627022 0.516431
vt 0.614367 0.516431
vt 0.614367 0.464348
vt 0.566975 0.659542
vt 0.566975 0.711625
vt 0.554319 0.711625
vt 0.554319 0.659542
vt 0.506927 0.659840
vt 0.506927 0.711923
vt 0.494271 0.711923
vt 0.494271 0.659840
vt 0.446879 0.659841
vt 0.446879 0.711923
vt 0.434224 0.711923
vt 0.434224 0.659841
vt 0.843349 0.630352
vt 0.843349 0.678312
vt 0.830694 0.678312
vt 0.830694 0.630352
vt 0.903884 0.632150
vt 0.903884 0.680110
vt 0.891228 0.680110
vt 0.891228 0.632150
vt 0.588554 0.765530
vt 0.588554 0.715499
vt 0.601210 0.715499
vt 0.601210 0.765530
vt 0.661745 0.520306
vt 0.661745 0.570336
vt 0.649089 0.570336
vt 0.649089 0.520306
vt 0.506927 0.875041
vt 0.506927 0.911747
vt 0.494271 0.911747
vt 0.494271 0.875041
vt 0.446879 0.875041
vt 0.446879 0.911748
vt 0.434223 0.911748
vt 0.434223 0.875041
vt 0.386832 0.659840
vt 0.386832 0.711923
vt 0.374176 0.711923
vt 0.374176 0.659840
vt 0.326784 0.659840
vt 0.326784 0.711923
vt 0.314128 0.711923
vt 0.314128 0.659840
vt 0.308580 0.434105
vt 0.308580 0.001992
vt 0.326428 0.001992
vt 0.326428 0.434105
vt 0.374790 0.434105
vt 0.374790 0.001992
vt 0.392638 0.001992
vt 0.392638 0.434105
vt 0.441000 0.434105
vt 0.441000 0.001992
vt 0.458848 0.001992
vt 0.458848 0.434105
vt 0.507210 0.434105
vt 0.507210 0.001992
vt 0.525058 0.001992
vt 0.525058 0.434105
vt 0.043740 0.434745
vt 0.043740 0.001992
vt 0.061588 0.001992
vt 0.061588 0.434745
vt 0.127798 0.001992
vt 0.127798 0.434745
vt 0.109950 0.434745
vt 0.109950 0.001992
vt 0.815560 0.204699
vt 0.815560 0.001992
vt 0.828215 0.001992
vt 0.828215 0.204699
vt 0.888750 0.001992
vt 0.888750 0.204699
vt 0.876095 0.204699
vt 0.876095 0.001992
vt 0.573420 0.238912
vt 0.573420 0.001992
vt 0.586076 0.001992
vt 0.586076 0.238912
vt 0.646611 0.001992
vt 0.646611 0.238912
vt 0.633955 0.238912
vt 0.633955 0.001992
vt 0.734462 0.652626
vt 0.734462 0.604009
vt 0.747118 0.604009
vt 0.747118 0.652626
vt 0.687070 0.604009
vt 0.687070 0.652626
vt 0.674414 0.652626
vt 0.674414 0.604009
vt 0.614367 0.818021
vt 0.614367 0.769404
vt 0.627022 0.769404
vt 0.627022 0.818021
vt 0.566975 0.769703
vt 0.566975 0.818320
vt 0.554319 0.818320
vt 0.554319 0.769703
vt 0.494271 0.819057
vt 0.494271 0.770440
vt 0.506927 0.770440
vt 0.506927 0.819057
vt 0.446879 0.770440
vt 0.446879 0.819057
vt 0.434223 0.819057
vt 0.434223 0.770440
vt 0.374176 0.819057
vt 0.374176 0.770440
vt 0.386831 0.770440
vt 0.386831 0.819057
vt 0.326784 0.770440
vt 0.326784 0.819057
vt 0.314128 0.819057
vt 0.314128 0.770440
vt 0.588554 0.460474
vt 0.588554 0.373094
vt 0.601210 0.373094
vt 0.601210 0.460474
vt 0.661745 0.373094
vt 0.661745 0.460474
vt 0.649089 0.460474
vt 0.649089 0.373094
vt 0.694490 0.208726
vt 0.694490 0.001992
vt 0.707146 0.001992
vt 0.707146 0.208726
vt 0.767681 0.001992
vt 0.767681 0.208726
vt 0.755025 0.208726
vt 0.755025 0.001992
vt 0.254081 0.711799
vt 0.254081 0.660481
vt 0.266736 0.660481
vt 0.266736 0.711799
vt 0.206688 0.660481
vt 0.206688 0.711799
vt 0.194033 0.711799
vt 0.194033 0.660481
vt 0.854557 0.520166
vt 0.854557 0.435652
vt 0.867213 0.435652
vt 0.867213 0.520166
vt 0.807165 0.435652
vt 0.807165 0.520166
vt 0.794510 0.520166
vt 0.794510 0.435652
vt 0.176160 0.434745
vt 0.176160 0.001992
vt 0.194008 0.001992
vt 0.194008 0.434745
vt 0.260218 0.001992
vt 0.260218 0.434745
vt 0.242370 0.434745
vt 0.242370 0.001992
vt 0.254080 0.818933
vt 0.254080 0.770316
vt 0.266736 0.770316
vt 0.266736 0.818933
vt 0.206688 0.770316
vt 0.206688 0.818933
vt 0.194032 0.818933
vt 0.194032 0.770316
vt 0.936630 0.165574
vt 0.936630 0.001992
vt 0.949285 0.001992
vt 0.949285 0.165574
vt 0.927261 0.169448
vt 0.927261 0.333030
vt 0.914605 0.333030
vt 0.914605 0.169448
vt 0.133985 0.819417
vt 0.133985 0.770800
vt 0.146640 0.770800
vt 0.146640 0.819417
vt 0.086593 0.767090
vt 0.086593 0.815707
vt 0.073937 0.815707
vt 0.073937 0.767090
vt 0.734462 0.516044
vt 0.734462 0.433938
vt 0.747118 0.433938
vt 0.747118 0.516044
vt 0.687070 0.464123
vt 0.687070 0.546230
vt 0.674414 0.546230
vt 0.674414 0.464123
vt 0.133985 0.708089
vt 0.133985 0.656771
vt 0.146641 0.656771
vt 0.146641 0.708089
vt 0.086593 0.656771
vt 0.086593 0.708088
vt 0.073937 0.708088
vt 0.073937 0.656771
vt 0.104275 0.871526
vt 0.104275 0.823291
vt 0.116931 0.823291
vt 0.116931 0.871526
vt 0.177466 0.823291
vt 0.177466 0.871526
vt 0.164810 0.871526
vt 0.164810 0.823291
vt 0.013889 0.674934
vt 0.013889 0.623681
vt 0.026545 0.623681
vt 0.026545 0.674934
vt 0.056396 0.711897
vt 0.056396 0.763150
vt 0.043740 0.763150
vt 0.043740 0.711897
vt 0.013889 0.815641
vt 0.013889 0.767024
vt 0.026545 0.767024
vt 0.026545 0.815641
vt 0.056396 0.819581
vt 0.056396 0.868198
vt 0.043740 0.868198
vt 0.043740 0.819581
vt 0.225345 0.871042
vt 0.225345 0.822807
vt 0.238001 0.822807
vt 0.238001 0.871042
vt 0.298535 0.822932
vt 0.298535 0.871167
vt 0.285880 0.871167
vt 0.285880 0.822932
vt 0.854557 0.730168
vt 0.854557 0.683984
vt 0.867213 0.683984
vt 0.867213 0.730168
vt 0.807165 0.708334
vt 0.807165 0.754519
vt 0.794510 0.754519
vt 0.794510 0.708334
vt 0.104275 0.763215
vt 0.104275 0.711963
vt 0.116931 0.711963
vt 0.116931 0.763215
vt 0.177466 0.715673
vt 0.177466 0.766925
vt 0.164810 0.766925
vt 0.164810 0.715673
vt 0.830693 0.431777
vt 0.830693 0.344828
vt 0.843349 0.344828
vt 0.843349 0.431777
vt 0.903884 0.344828
vt 0.903884 0.431777
vt 0.891228 0.431777
vt 0.891228 0.344828
vt 0.346415 0.871167
vt 0.346415 0.822932
vt 0.359070 0.822932
vt 0.359070 0.871167
vt 0.419605 0.822932
vt 0.419605 0.871167
vt 0.406950 0.871167
vt 0.406950 0.822932
vt 0.709624 0.600135
vt 0.709624 0.550104
vt 0.722279 0.550104
vt 0.722279 0.600135
vt 0.782814 0.521633
vt 0.782814 0.571663
vt 0.770159 0.571663
vt 0.770159 0.521633
vt 0.951763 0.679481
vt 0.951763 0.632150
vt 0.964419 0.632150
vt 0.964419 0.679481
vt 0.927261 0.683356
vt 0.927261 0.730687
vt 0.914605 0.730687
vt 0.914605 0.683356
vt 0.467484 0.871167
vt 0.467484 0.822932
vt 0.480140 0.822932
vt 0.480140 0.871167
vt 0.540675 0.822932
vt 0.540675 0.871167
vt 0.528019 0.871167
vt 0.528019 0.822932
vt 0.588554 0.870429
vt 0.588554 0.822194
vt 0.601210 0.822194
vt 0.601210 0.870429
vt 0.661745 0.821895
vt 0.661745 0.870130
vt 0.649089 0.870130
vt 0.649089 0.821895
vt 0.709624 0.704735
vt 0.709624 0.656500
vt 0.722279 0.656500
vt 0.722279 0.704735
vt 0.782814 0.656500
vt 0.782814 0.704735
vt 0.770159 0.704735
vt 0.770159 0.656500
vt 0.026545 0.438620
vt 0.026545 0.527276
vt 0.013889 0.527276
vt 0.013889 0.438620
vt 0.056396 0.531150
vt 0.056396 0.619807
vt 0.043740 0.619807
vt 0.043740 0.531150
vt 0.830694 0.573475
vt 0.830694 0.524041
vt 0.843349 0.524041
vt 0.843349 0.573475
vt 0.903884 0.524041
vt 0.903884 0.573476
vt 0.891228 0.573476
vt 0.891228 0.524041
vt 0.116931 0.564606
vt 0.116931 0.652896
vt 0.104275 0.652896
vt 0.104275 0.564606
vt 0.177466 0.564606
vt 0.177466 0.652896
vt 0.164810 0.652896
vt 0.164810 0.564606
vt 0.627022 0.874303
vt 0.627022 0.918558
vt 0.614366 0.918558
vt 0.614366 0.874303
vt 0.566974 0.875041
vt 0.566974 0.919296
vt 0.554319 0.919296
vt 0.554319 0.875041
vt 0.238001 0.715673
vt 0.238001 0.766441
vt 0.225345 0.766441
vt 0.225345 0.715673
vt 0.298536 0.715673
vt 0.298536 0.766441
vt 0.285880 0.766441
vt 0.285880 0.715673
vt 0.146640 0.438620
vt 0.146640 0.560732
vt 0.133985 0.560732
vt 0.133985 0.438620
vt 0.086593 0.438619
vt 0.086593 0.560732
vt 0.073937 0.560732
vt 0.073937 0.438619
vt 0.747118 0.212600
vt 0.747118 0.339034
vt 0.734462 0.339034
vt 0.734462 0.212600
vt 0.687070 0.212600
vt 0.687070 0.339034
vt 0.674414 0.339034
vt 0.674414 0.212600
vt 0.722280 0.342909
vt 0.722280 0.430063
vt 0.709624 0.430063
vt 0.709624 0.342909
vt 0.782814 0.342908
vt 0.782814 0.430063
vt 0.770159 0.430063
vt 0.770159 0.342908
vt 0.359070 0.715798
vt 0.359070 0.766566
vt 0.346415 0.766566
vt 0.346415 0.715798
vt 0.419605 0.715798
vt 0.419605 0.766566
vt 0.406950 0.766566
vt 0.406950 0.715798
vt 0.627022 0.242786
vt 0.627022 0.369220
vt 0.614367 0.369220
vt 0.614367 0.242786
vt 0.566975 0.242786
vt 0.566975 0.369220
vt 0.554319 0.369220
vt 0.554319 0.242786
vt 0.506927 0.437979
vt 0.506927 0.564413
vt 0.494271 0.564413
vt 0.494271 0.437979
vt 0.446879 0.437979
vt 0.446879 0.564413
vt 0.434223 0.564413
vt 0.434223 0.437979
vt 0.238001 0.568928
vt 0.238001 0.656606
vt 0.225345 0.656606
vt 0.225345 0.568928
vt 0.298535 0.568287
vt 0.298535 0.655966
vt 0.285880 0.655966
vt 0.285880 0.568287
vt 0.964419 0.526146
vt 0.964419 0.575274
vt 0.951763 0.575274
vt 0.951763 0.526146
vt 0.927261 0.579148
vt 0.927261 0.628276
vt 0.914605 0.628276
vt 0.914605 0.579148
vt 0.867213 0.208573
vt 0.867213 0.340954
vt 0.854557 0.340954
vt 0.854557 0.208573
vt 0.807165 0.208573
vt 0.807165 0.340954
vt 0.794510 0.340954
vt 0.794510 0.208573
vt 0.386831 0.437979
vt 0.386831 0.564413
vt 0.374176 0.564413
vt 0.374176 0.437979
vt 0.326784 0.437979
vt 0.326784 0.564413
vt 0.314128 0.564413
vt 0.314128 0.437979
vt 0.266736 0.438619
vt 0.266736 0.565053
vt 0.254080 0.565053
vt 0.254080 0.438619
vt 0.206688 0.438620
vt 0.206688 0.565053
vt 0.194033 0.565053
vt 0.194033 0.438620
vt 0.359070 0.568287
vt 0.359070 0.655966
vt 0.346415 0.655966
vt 0.346415 0.568287
vt 0.419605 0.568287
vt 0.419605 0.655966
vt 0.406950 0.655966
vt 0.406950 0.568287
vt 0.480140 0.568287
vt 0.480140 0.655966
vt 0.467484 0.655966
vt 0.467484 0.568287
vt 0.540675 0.568287
vt 0.540675 0.655966
vt 0.528019 0.655966
vt 0.528019 0.568287
vt 0.480140 0.715798
vt 0.480140 0.766566
vt 0.467484 0.766566
vt 0.467484 0.715798
vt 0.540675 0.715798
vt 0.540675 0.766566
vt 0.528019 0.766566
vt 0.528019 0.715798
vt 0.867213 0.577350
vt 0.867213 0.626478
vt 0.854558 0.626478
vt 0.854558 0.577350
vt 0.807165 0.577350
vt 0.807165 0.626478
vt 0.794510 0.626478
vt 0.794510 0.577350
vt 0.945627 0.344828
vt 0.945627 0.431613
vt 0.910146 0.431613
vt 0.910146 0.344828
vt 0.968698 0.435487
vt 0.968698 0.522271
vt 0.933216 0.522271
vt 0.933216 0.435487
vt 0.788555 0.708610
vt 0.788555 0.753085
vt 0.753073 0.753085
vt 0.753073 0.708610
vt 0.728507 0.874004
vt 0.728507 0.918479
vt 0.693025 0.918479
vt 0.693025 0.874004
vt 0.668459 0.464348
vt 0.668459 0.516431
vt 0.632977 0.516431
vt 0.632977 0.464348
vt 0.608412 0.659542
vt 0.608412 0.711625
vt 0.572930 0.711625
vt 0.572930 0.659542
vt 0.548364 0.659840
vt 0.548364 0.711923
vt 0.512882 0.711923
vt 0.512882 0.659840
vt 0.488316 0.659841
vt 0.488316 0.711923
vt 0.452834 0.711923
vt 0.452834 0.659841
vt 0.824558 0.656500
vt 0.824558 0.704460
vt 0.789076 0.704460
vt 0.789076 0.656500
vt 0.885093 0.632150
vt 0.885093 0.680110
vt 0.849611 0.680110
vt 0.849611 0.632150
vt 0.229505 0.875041
vt 0.242160 0.875041
vt 0.242160 0.910523
vt 0.229505 0.910523
vt 0.223550 0.910882
vt 0.210894 0.910882
vt 0.210894 0.875400
vt 0.223550 0.875400
vt 0.548364 0.875041
vt 0.548364 0.911747
vt 0.512882 0.911747
vt 0.512882 0.875041
vt 0.488316 0.875041
vt 0.488316 0.911747
vt 0.452834 0.911747
vt 0.452834 0.875041
vt 0.428269 0.659841
vt 0.428269 0.711923
vt 0.392787 0.711923
vt 0.392787 0.659841
vt 0.368221 0.659841
vt 0.368221 0.711923
vt 0.332739 0.711923
vt 0.332739 0.659841
vt 0.266963 0.434105
vt 0.266963 0.001992
vt 0.302445 0.001992
vt 0.302445 0.434105
vt 0.333173 0.434105
vt 0.333173 0.001992
vt 0.368655 0.001992
vt 0.368655 0.434105
vt 0.399383 0.434105
vt 0.399383 0.001992
vt 0.434865 0.001992
vt 0.434865 0.434105
vt 0.465593 0.434105
vt 0.465593 0.001992
vt 0.501075 0.001992
vt 0.501075 0.434105
vt 0.017438 0.872072
vt 0.035285 0.872072
vt 0.035285 0.907554
vt 0.017438 0.907554
vt 0.019781 0.946910
vt 0.001934 0.946910
vt 0.001934 0.911428
vt 0.019781 0.911428
vt 0.026715 0.914756
vt 0.039371 0.914756
vt 0.039371 0.950238
vt 0.026715 0.950238
vt 0.058288 0.950238
vt 0.045632 0.950238
vt 0.045632 0.914756
vt 0.058288 0.914756
vt 0.064549 0.914756
vt 0.077205 0.914756
vt 0.077205 0.950238
vt 0.064549 0.950238
vt 0.096122 0.950238
vt 0.083466 0.950238
vt 0.083466 0.914756
vt 0.096122 0.914756
vt 0.102384 0.914756
vt 0.115039 0.914756
vt 0.115039 0.950238
vt 0.102384 0.950238
vt 0.133956 0.950238
vt 0.121301 0.950238
vt 0.121301 0.914756
vt 0.133956 0.914756
vt 0.140218 0.914756
vt 0.152873 0.914756
vt 0.152873 0.950238
vt 0.140218 0.950238
vt 0.171791 0.950238
vt 0.159135 0.950238
vt 0.159135 0.914756
vt 0.171791 0.914756
vt 0.178052 0.914756
vt 0.190708 0.914756
vt 0.190708 0.950238
vt 0.178052 0.950238
vt 0.209625 0.950238
vt 0.196969 0.950238
vt 0.196969 0.914756
vt 0.209625 0.914756
vt 0.215886 0.914756
vt 0.228542 0.914756
vt 0.228542 0.950238
vt 0.215886 0.950238
vt 0.247459 0.949879
vt 0.234804 0.949879
vt 0.234804 0.914397
vt 0.247459 0.914397
vt 0.253721 0.914397
vt 0.266376 0.914397
vt 0.266376 0.949879
vt 0.253721 0.949879
vt 0.285293 0.949879
vt 0.272638 0.949879
vt 0.272638 0.914397
vt 0.285293 0.914397
vt 0.291555 0.914397
vt 0.304211 0.914397
vt 0.304211 0.949879
vt 0.291555 0.949879
vt 0.323128 0.949879
vt 0.310472 0.949879
vt 0.310472 0.914397
vt 0.323128 0.914397
vt 0.329389 0.914397
vt 0.342045 0.914397
vt 0.342045 0.949879
vt 0.329389 0.949879
vt 0.360962 0.949879
vt 0.348306 0.949879
vt 0.348306 0.914397
vt 0.360962 0.914397
vt 0.367224 0.914397
vt 0.379879 0.914397
vt 0.379879 0.949879
vt 0.367224 0.949879
vt 0.398796 0.949879
vt 0.386141 0.949879
vt 0.386141 0.914397
vt 0.398796 0.914397
vt 0.405058 0.914397
vt 0.422905 0.914397
vt 0.422905 0.949879
vt 0.405058 0.949879
vt 0.447498 0.951104
vt 0.429650 0.951104
vt 0.429650 0.915622
vt 0.447498 0.915622
vt 0.454242 0.915622
vt 0.466898 0.915622
vt 0.466898 0.951104
vt 0.454242 0.951104
vt 0.485815 0.951104
vt 0.473160 0.951104
vt 0.473160 0.915622
vt 0.485815 0.915622
vt 0.492077 0.915622
vt 0.504732 0.915622
vt 0.504732 0.951104
vt 0.492077 0.951104
vt 0.523649 0.951103
vt 0.510994 0.951103
vt 0.510994 0.915622
vt 0.523649 0.915622
vt 0.529911 0.915622
vt 0.542567 0.915622
vt 0.542567 0.951103
vt 0.529911 0.951103
vt 0.561484 0.958652
vt 0.548828 0.958652
vt 0.548828 0.923170
vt 0.561484 0.923170
vt 0.567745 0.923170
vt 0.580401 0.923170
vt 0.580401 0.958652
vt 0.567745 0.958652
vt 0.599318 0.958652
vt 0.586662 0.958652
vt 0.586662 0.923170
vt 0.599318 0.923170
vt 0.605580 0.923170
vt 0.618235 0.923170
vt 0.618235 0.958652
vt 0.605580 0.958652
vt 0.637152 0.957914
vt 0.624497 0.957914
vt 0.624497 0.922432
vt 0.637152 0.922432
vt 0.643414 0.922432
vt 0.656069 0.922432
vt 0.656069 0.957914
vt 0.643414 0.957914
vt 0.674987 0.957914
vt 0.662331 0.957914
vt 0.662331 0.922432
vt 0.674987 0.922432
vt 0.681248 0.922354
vt 0.693904 0.922354
vt 0.693904 0.957835
vt 0.681248 0.957835
vt 0.712821 0.957835
vt 0.700165 0.957835
vt 0.700165 0.922354
vt 0.712821 0.922354
vt 0.719082 0.922354
vt 0.731738 0.922354
vt 0.731738 0.957835
vt 0.719082 0.957835
vt 0.750655 0.792441
vt 0.738000 0.792441
vt 0.738000 0.756959
vt 0.750655 0.756959
vt 0.756917 0.756959
vt 0.769572 0.756959
vt 0.769572 0.792441
vt 0.756917 0.792441
vt 0.788489 0.792441
vt 0.775834 0.792441
vt 0.775834 0.756959
vt 0.788489 0.756959
vt 0.794751 0.758393
vt 0.807407 0.758393
vt 0.807407 0.793875
vt 0.794751 0.793875
vt 0.826324 0.793875
vt 0.813668 0.793875
vt 0.813668 0.758393
vt 0.826324 0.758393
vt 0.832585 0.758393
vt 0.845241 0.758393
vt 0.845241 0.793875
vt 0.832585 0.793875
vt 0.864158 0.793875
vt 0.851502 0.793875
vt 0.851502 0.758393
vt 0.864158 0.758393
vt 0.870420 0.734043
vt 0.883075 0.734043
vt 0.883075 0.769525
vt 0.870420 0.769525
vt 0.901992 0.769525
vt 0.889337 0.769525
vt 0.889337 0.734043
vt 0.901992 0.734043
vt 0.908254 0.734561
vt 0.920909 0.734561
vt 0.920909 0.770043
vt 0.908254 0.770043
vt 0.939827 0.770043
vt 0.927171 0.770043
vt 0.927171 0.734561
vt 0.939827 0.734561
vt 0.946088 0.734561
vt 0.958744 0.734561
vt 0.958744 0.770043
vt 0.946088 0.770043
vt 0.968698 0.809399
vt 0.956042 0.809399
vt 0.956042 0.773917
vt 0.968698 0.773917
vt 0.937431 0.773917
vt 0.950087 0.773917
vt 0.950087 0.809399
vt 0.937431 0.809399
vt 0.931476 0.809399
vt 0.918821 0.809399
vt 0.918821 0.773917
vt 0.931476 0.773917
vt 0.900210 0.773917
vt 0.912865 0.773917
vt 0.912865 0.809399
vt 0.900210 0.809399
vt 0.894255 0.808881
vt 0.881599 0.808881
vt 0.881599 0.773399
vt 0.894255 0.773399
vt 0.862988 0.797749
vt 0.875644 0.797749
vt 0.875644 0.833231
vt 0.862988 0.833231
vt 0.857033 0.833231
vt 0.844378 0.833231
vt 0.844378 0.797749
vt 0.857033 0.797749
vt 0.825767 0.797749
vt 0.838422 0.797749
vt 0.838422 0.833231
vt 0.825767 0.833231
vt 0.819812 0.833231
vt 0.807156 0.833231
vt 0.807156 0.797749
vt 0.819812 0.797749
vt 0.067982 0.438620
vt 0.067982 0.527276
vt 0.032500 0.527276
vt 0.032500 0.438620
vt 0.037415 0.531150
vt 0.037415 0.619807
vt 0.001934 0.619807
vt 0.001934 0.531150
vt 0.751324 0.796315
vt 0.763979 0.796315
vt 0.763979 0.831797
vt 0.751324 0.831797
vt 0.745369 0.997192
vt 0.732713 0.997192
vt 0.732713 0.961710
vt 0.745369 0.961710
vt 0.098139 0.564606
vt 0.098139 0.652896
vt 0.062658 0.652896
vt 0.062658 0.564606
vt 0.158674 0.564606
vt 0.158674 0.652896
vt 0.123192 0.652896
vt 0.123192 0.564606
vt 0.668459 0.874303
vt 0.668459 0.918558
vt 0.632977 0.918558
vt 0.632977 0.874303
vt 0.608411 0.875041
vt 0.608411 0.919296
vt 0.572929 0.919296
vt 0.572929 0.875041
vt 0.219209 0.715673
vt 0.219209 0.766441
vt 0.183727 0.766441
vt 0.183727 0.715673
vt 0.279744 0.715673
vt 0.279744 0.766441
vt 0.244262 0.766441
vt 0.244262 0.715673
vt 0.188077 0.438620
vt 0.188077 0.560732
vt 0.152596 0.560732
vt 0.152596 0.438620
vt 0.128030 0.438619
vt 0.128030 0.560732
vt 0.092548 0.560732
vt 0.092548 0.438619
vt 0.788555 0.212600
vt 0.788555 0.339034
vt 0.753073 0.339034
vt 0.753073 0.212600
vt 0.728507 0.212600
vt 0.728507 0.339034
vt 0.693025 0.339034
vt 0.693025 0.212600
vt 0.703488 0.373094
vt 0.703488 0.460249
vt 0.668006 0.460249
vt 0.668006 0.373094
vt 0.764023 0.342909
vt 0.764023 0.430063
vt 0.728541 0.430063
vt 0.728541 0.342909
vt 0.340279 0.715798
vt 0.340279 0.766566
vt 0.304797 0.766566
vt 0.304797 0.715798
vt 0.400814 0.715798
vt 0.400814 0.766566
vt 0.365332 0.766566
vt 0.365332 0.715798
vt 0.668459 0.242786
vt 0.668459 0.369220
vt 0.632977 0.369220
vt 0.632977 0.242786
vt 0.608411 0.242786
vt 0.608411 0.369220
vt 0.572930 0.369220
vt 0.572930 0.242786
vt 0.548364 0.437979
vt 0.548364 0.564413
vt 0.512882 0.564413
vt 0.512882 0.437979
vt 0.488316 0.437979
vt 0.488316 0.564413
vt 0.452834 0.564413
vt 0.452834 0.437979
vt 0.219209 0.568928
vt 0.219209 0.656606
vt 0.183727 0.656606
vt 0.183727 0.568928
vt 0.279744 0.568928
vt 0.279744 0.656606
vt 0.244262 0.656606
vt 0.244262 0.568928
vt 0.945627 0.526146
vt 0.945627 0.575274
vt 0.910146 0.575274
vt 0.910146 0.526146
vt 0.968698 0.579148
vt 0.968698 0.628276
vt 0.933216 0.628276
vt 0.933216 0.579148
vt 0.908650 0.208573
vt 0.908650 0.340954
vt 0.873168 0.340954
vt 0.873168 0.208573
vt 0.848602 0.208573
vt 0.848602 0.340954
vt 0.813120 0.340954
vt 0.813120 0.208573
vt 0.428268 0.437979
vt 0.428268 0.564413
vt 0.392786 0.564413
vt 0.392786 0.437979
vt 0.368221 0.437979
vt 0.368221 0.564413
vt 0.332739 0.564413
vt 0.332739 0.437979
vt 0.308173 0.437979
vt 0.308173 0.564413
vt 0.272691 0.564413
vt 0.272691 0.437979
vt 0.248125 0.438620
vt 0.248125 0.565053
vt 0.212643 0.565053
vt 0.212643 0.438620
vt 0.340279 0.568287
vt 0.340279 0.655966
vt 0.304797 0.655966
vt 0.304797 0.568287
vt 0.400814 0.568287
vt 0.400814 0.655966
vt 0.365332 0.655966
vt 0.365332 0.568287
vt 0.461349 0.568287
vt 0.461349 0.655966
vt 0.425867 0.655966
vt 0.425867 0.568287
vt 0.521883 0.568287
vt 0.521883 0.655966
vt 0.486402 0.655966
vt 0.486402 0.568287
vt 0.461349 0.715798
vt 0.461349 0.766566
vt 0.425867 0.766566
vt 0.425867 0.715798
vt 0.521883 0.715798
vt 0.521883 0.766566
vt 0.486402 0.766566
vt 0.486402 0.715798
vt 0.908650 0.579148
vt 0.908650 0.628276
vt 0.873168 0.628276
vt 0.873168 0.579148
vt 0.848602 0.577350
vt 0.848602 0.626478
vt 0.813120 0.626478
vt 0.813120 0.577350
vn 0.000000 0.000000 -1.000000
vn 0.000000 0.000000 -1.000000
vn 0.000000 0.000000 -1.000000
vn 0.000000 0.000000 -1.000000
vn 0.000000 1.000000 0.000000
vn 0.000000 1.000000 0.000000
vn 0.000000 1.000000 0.000000
vn 0.000000 1.000000 0.000000
vn 0.000000 0.000000 1.000000
vn 0.000000 0.000000 1.000000
vn 0.000000 0.000000 1.000000
vn 0.000000 0.000000 1.000000
vn 0.000000 -1.000000 0.000000
vn 0.000000 -1.000000 0.000000
vn 0.000000 -1.000000 0.000000
vn 0.000000 -1.000000 0.000000
vn -1.000000 0.000000 0.000000
vn -1.000000 0.000000 0.000000
vn -1.000000 0.000000 0.000000
vn -1.000000 0.000000 0.000000
vn 1.000000 0.000000 0.000000
vn 1.000000 0.000000 0.000000
vn 1.000000 0.000000 0.000000
vn 1.000000 0.000000 0.000000
vn 0.000000 0.000000 -1.000000
vn 0.000000 0.000000 -1.000000
vn 0.000000 0.000000 -1.000000
vn 0.000000 0.000000 -1.000000
vn 0.000000 1.000000 0.000000
vn 0.000000 1.000000 0.000000
vn 0.000000 1.000000 0.000000
vn 0.000000 1.000000 0.000000
vn 0.000000 0.000000 1.000000
vn 0.000000 0.000000 1.000000
vn 0.000000 0.000000 1.000000
vn 0.000000 0.000000 1.000000
vn 0.000000 -1.000000 0.000000
vn 0.000000 -1.000000 0.000000
vn 0.000000 -1.000000 0.000000
vn 0.000000 -1.000000 0.000000
vn -1.000000 0.000000 0.000000
vn -1.000000 0.000000 0.000000
vn -1.000000 0.000000 0.000000
vn -1.000000 0.000000 0.000000
vn 1.000000 0.000000 0.000000
vn 1.000000 0.000000 0.000000
vn 1.000000 0.000000 0.000000
vn 1.000000 0.000000 0.000000
vn 0.000000 0.000000 -1.000000
vn 0.000000 0.000000 -1.000000
vn 0.000000 0.000000 -1.000000
vn 0.000000 0.000000 -1.000000
vn 0.000000 1.000000 0.000000
vn 0.000000 1.000000 0.000000
vn 0.000000 1.000000 0.000000
vn 0.000000 1.000000 0.000000
vn 0.000000 0.000000 1.000000
vn 0.000000 0.000000 1.000000
vn 0.000000 0.000000 1.000000
vn 0.000000 0.000000 1.000000
vn 0.000000 -1.000000 0.000000
vn 0.000000 -1.000000 0.000000
vn 0.000000 -1.000000 0.000000
vn 0.000000 -1.000000 0.000000
vn -1.000000 0.000000 0.000000
vn -1.000000 0.000000 0.000000
vn -1.000000 0.000000 0.000000
vn -1.000000 0.000000 0.000000
vn 1.000000 0.000000 0.000000
vn 1.000000 0.000000 0.000000
vn 1.000000 0.000000 0.000000
vn 1.000000 0.000000 0.000000
vn 0.000000 0.000000 -1.000000
vn 0.000000 0.000000 -1.000000
vn 0.000000 0.000000 -1.000000
vn 0.000000 0.000000 -1.000000
vn 0.000000 1.000000 0.000000
vn 0.000000 1.000000 0.000000
vn 0.000000 1.000000 0.000000
vn 0.000000 1.000000 0.000000
vn 0.000000 0.000000 1.000000
vn 0.000000 0.000000 1.000000
vn 0.000000 0.000000 1.000000
vn 0.000000 0.000000 1.000000
vn 0.000000 -1.000000 0.000000
vn 0.000000 -1.000000 0.000000
vn 0.000000 -1.000000 0.000000
vn 0.000000 -1.000000 0.000000
vn -1.000000 0.000000 0.000000
vn -1.000000 0.000000 0.000000
vn -1.000000 0.000000 0.000000
vn -1.000000 0.000000 0.000000
vn 1.000000 0.000000 0.000000
vn 1.000000 0.000000 0.000000
vn 1.000000 0.000000 0.000000
vn 1.000000 0.000000 0.000000
vn 0.000000 0.000000 -1.000000
vn 0.000000 0.000000 -1.000000
vn 0.000000 0.000000 -1.000000
vn 0.000000 0.000000 -1.000000
vn 0.000000 1.000000 0.000000
vn 0.000000 1.000000 0.000000
vn 0.000000 1.000000 0.000000
vn 0.000000 1.000000 0.000000
vn 0.000000 0.000000 1.000000
vn 0.000000 0.000000 1.000000
vn 0.000000 0.000000 1.000000
vn 0.000000 0.000000 1.000000
vn 0.000000 -1.000000 0.000000
vn 0.000000 -1.000000 0.000000
vn 0.000000 -1.000000 0.000000
vn 0.000000 -1.000000 0.000000
vn -1.000000 0.000000 0.000000
vn -1.000000 0.000000 0.000000
vn -1.000000 0.000000 0.000000
vn -1.000000 0.000000 0.000000
vn 1.000000 0.000000 0.000000
vn 1.000000 0.000000 0.000000
vn 1.000000 0.000000 0.000000
vn 1.000000 0.000000 0.000000
vn -1.000000 0.000000 0.000000
vn -1.000000 0.000000 0.000000
vn -1.000000 0.000000 0.000000
vn -1.000000 0.000000 0.000000
vn 0.000000 1.000000 0.000000
vn 0.000000 1.000000 0.000000
vn 0.000000 1.000000 0.000000
vn 0.000000 1.000000 0.000000
vn 1.000000 0.000000 0.000000
vn 1.000000 0.000000 0.000000
vn 1.000000 0.000000 0.000000
vn 1.000000 0.000000 0.000000
vn 0.000000 -1.000000 0.000000
vn 0.000000 -1.000000 0.000000
vn 0.000000 -1.000000 0.000000
vn 0.000000 -1.000000 0.000000
vn 0.000000 0.000000 1.000000
vn 0.000000 0.000000 1.000000
vn 0.000000 0.000000 1.000000
vn 0.000000 0.000000 1.000000
vn 0.000000 0.000000 -1.000000
vn 0.000000 0.000000 -1.000000
vn 0.000000 0.000000 -1.000000
vn 0.000000 0.000000 -1.000000
vn 0.000000 0.000000 -1.000000
vn 0.000000 0.000000 -1.000000
vn 0.000000 0.000000 -1.000000
vn 0.000000 0.000000 -1.000000
vn 0.000000 1.000000 0.000000
vn 0.000000 1.000000 0.000000
vn 0.000000 1.000000 0.000000
vn 0.000000 1.000000 0.000000
vn 0.000000 0.000000 1.000000
vn 0.000000 0.000000 1.000000
vn 0.000000 0.000000 1.000000
vn 0.000000 0.000000 1.000000
vn 0.000000 -1.000000 0.000000
vn 0.000000 -1.000000 0.000000
vn 0.000000 -1.000000 0.000000
vn 0.000000 -1.000000 0.000000
vn -1.000000 0.000000 0.000000
vn -1.000000 0.000000 0.000000
vn -1.000000 0.000000 0.000000
vn -1.000000 0.000000 0.000000
vn 1.000000 0.000000 0.000000
vn 1.000000 0.000000 0.000000
vn 1.000000 0.000000 0.000000
vn 1.000000 0.000000 0.000000
vn 0.000000 0.000000 -1.000000
vn 0.000000 0.000000 -1.000000
vn 0.000000 0.000000 -1.000000
vn 0.000000 0.000000 -1.000000
vn 0.000000 1.000000 0.000000
vn 0.000000 1.000000 0.000000
vn 0.000000 1.000000 0.000000
vn 0.000000 1.000000 0.000000
vn 0.000000 0.000000 1.000000
vn 0.000000 0.000000 1.000000
vn 0.000000 0.000000 1.000000
vn 0.000000 0.000000 1.000000
vn 0.000000 -1.000000 0.000000
vn 0.000000 -1.000000 0.000000
vn 0.000000 -1.000000 0.000000
vn 0.000000 -1.000000 0.000000
vn -1.000000 0.000000 0.000000
vn -1.000000 0.000000 0.000000
vn -1.000000 0.000000 0.000000
vn -1.000000 0.000000 0.000000
vn 1.000000 0.000000 0.000000
vn 1.000000 0.000000 0.000000
vn 1.000000 0.000000 0.000000
vn 1.000000 0.000000 0.000000
vn 0.000000 0.000000 1.000000
vn 0.000000 0.000000 1.000000
vn 0.000000 0.000000 1.000000
vn 0.000000 0.000000 1.000000
vn 0.000000 1.000000 0.000000
vn 0.000000 1.000000 0.000000
vn 0.000000 1.000000 0.000000
vn 0.000000 1.000000 0.000000
vn 0.000000 0.000000 -1.000000
vn 0.000000 0.000000 -1.000000
vn 0.000000 0.000000 -1.000000
vn 0.000000 0.000000 -1.000000
vn 0.000000 -1.000000 0.000000
vn 0.000000 -1.000000 0.000000
vn 0.000000 -1.000000 0.000000
vn 0.000000 -1.000000 0.000000
vn 1.000000 0.000000 0.000000
vn 1.000000 0.000000 0.000000
vn 1.000000 0.000000 0.000000
vn 1.000000 0.000000 0.000000
vn -1.000000 0.000000 0.000000
vn -1.000000 0.000000 0.000000
vn -1.000000 0.000000 0.000000
vn -1.000000 0.000000 0.000000
vn 0.000000 0.000000 1.000000
vn 0.000000 0.000000 1.000000
vn 0.000000 0.000000 1.000000
vn 0.000000 0.000000 1.000000
vn 0.000000 1.000000 0.000000
vn 0.000000 1.000000 0.000000
vn 0.000000 1.000000 0.000000
vn 0.000000 1.000000 0.000000
vn 0.000000 0.000000 -1.000000
vn 0.000000 0.000000 -1.000000
vn 0.000000 0.000000 -1.000000
vn 0.000000 0.000000 -1.000000
vn 0.000000 -1.000000 0.000000
vn 0.000000 -1.000000 0.000000
vn 0.000000 -1.000000 0.000000
vn 0.000000 -1.000000 0.000000
vn 1.000000 0.000000 0.000000
vn 1.000000 0.000000 0.000000
vn 1.000000 0.000000 0.000000
vn 1.000000 0.000000 0.000000
vn -1.000000 0.000000 0.000000
vn -1.000000 0.000000 0.000000
vn -1.000000 0.000000 0.000000
vn -1.000000 0.000000 0.000000
vn -1.000000 0.000000 0.000000
vn -1.000000 0.000000 0.000000
vn -1.000000 0.000000 0.000000
vn -1.000000 0.000000 0.000000
vn 0.000000 1.000000 0.000000
vn 0.000000 1.000000 0.000000
vn 0.000000 1.000000 0.000000
vn 0.000000 1.000000 0.000000
vn 1.000000 0.000000 0.000000
vn 1.000000 0.000000 0.000000
vn 1.000000 0.000000 0.000000
vn 1.000000 0.000000 0.000000
vn 0.000000 -1.000000 0.000000
vn 0.000000 -1.000000 0.000000
vn 0.000000 -1.000000 0.000000
vn 0.000000 -1.000000 0.000000
vn 0.000000 0.000000 1.000000
vn 0.000000 0.000000 1.000000
vn 0.000000 0.000000 1.000000
vn 0.000000 0.000000 1.000000
vn 0.000000 0.000000 -1.000000
vn 0.000000 0.000000 -1.000000
vn 0.000000 0.000000 -1.000000
vn 0.000000 0.000000 -1.000000
vn -1.000000 0.000000 0.000000
vn -1.000000 0.000000 0.000000
vn -1.000000 0.000000 0.000000
vn -1.000000 0.000000 0.000000
vn 0.000000 1.000000 0.000000
vn 0.000000 1.000000 0.000000
vn 0.000000 1.000000 0.000000
vn 0.000000 1.000000 0.000000
vn 1.000000 0.000000 0.000000
vn 1.000000 0.000000 0.000000
vn 1.000000 0.000000 0.000000
vn 1.000000 0.000000 0.000000
vn 0.000000 -1.000000 0.000000
vn 0.000000 -1.000000 0.000000
vn 0.000000 -1.000000 0.000000
vn 0.000000 -1.000000 0.000000
vn 0.000000 0.000000 1.000000
vn 0.000000 0.000000 1.000000
vn 0.000000 0.000000 1.000000
vn 0.000000 0.000000 1.000000
vn 0.000000 0.000000 -1.000000
vn 0.000000 0.000000 -1.000000
vn 0.000000 0.000000 -1.000000
vn 0.000000 0.000000 -1.000000
vn -1.000000 0.000000 0.000000
vn -1.000000 0.000000 0.000000
vn -1.000000 0.000000 0.000000
vn -1.000000 0.000000 0.000000
vn 0.000000 1.000000 0.000000
vn 0.000000 1.000000 0.000000
vn 0.000000 1.000000 0.000000
vn 0.000000 1.000000 0.000000
vn 1.000000 0.000000 0.000000
vn 1.000000 0.000000 0.000000
vn 1.000000 0.000000 0.000000
vn 1.000000 0.000000 0.000000
vn 0.000000 -1.000000 0.000000
vn 0.000000 -1.000000 0.000000
vn 0.000000 -1.000000 0.000000
vn 0.000000 -1.000000 0.000000
vn 0.000000 0.000000 1.000000
vn 0.000000 0.000000 1.000000
vn 0.000000 0.000000 1.000000
vn 0.000000 0.000000 1.000000
vn 0.000000 0.000000 -1.000000
vn 0.000000 0.000000 -1.000000
vn 0.000000 0.000000 -1.000000
vn 0.000000 0.000000 -1.000000
vn -1.000000 0.000000 0.000000
vn -1.000000 0.000000 0.000000
vn -1.000000 0.000000 0.000000
vn -1.000000 0.000000 0.000000
vn 0.000000 1.000000 0.000000
vn 0.000000 1.000000 0.000000
vn 0.000000 1.000000 0.000000
vn 0.000000 1.000000 0.000000
vn 1.000000 0.000000 0.000000
vn 1.000000 0.000000 0.000000
vn 1.000000 0.000000 0.000000
vn 1.000000 0.000000 0.000000
vn 0.000000 -1.000000 0.000000
vn 0.000000 -1.000000 0.000000
vn 0.000000 -1.000000 0.000000
vn 0.000000 -1.000000 0.000000
vn 0.000000 0.000000 1.000000
vn 0.000000 0.000000 1.000000
vn 0.000000 0.000000 1.000000
vn 0.000000 0.000000 1.000000
vn 0.000000 0.000000 -1.000000
vn 0.000000 0.000000 -1.000000
vn 0.000000 0.000000 -1.000000
vn 0.000000 0.000000 -1.000000
vn -1.000000 0.000000 0.000000
vn -1.000000 0.000000 0.000000
vn -1.000000 0.000000 0.000000
vn -1.000000 0.000000 0.000000
vn 0.000000 1.000000 0.000000
vn 0.000000 1.000000 0.000000
vn 0.000000 1.000000 0.000000
vn 0.000000 1.000000 0.000000
vn 1.000000 0.000000 0.000000
vn 1.000000 0.000000 0.000000
vn 1.000000 0.000000 0.000000
vn 1.000000 0.000000 0.000000
vn 0.000000 -1.000000 0.000000
vn 0.000000 -1.000000 0.000000
vn 0.000000 -1.000000 0.000000
vn 0.000000 -1.000000 0.000000
vn 0.000000 0.000000 1.000000
vn 0.000000 0.000000 1.000000
vn 0.000000 0.000000 1.000000
vn 0.000000 0.000000 1.000000
vn 0.000000 0.000000 -1.000000
vn 0.000000 0.000000 -1.000000
vn 0.000000 0.000000 -1.000000
vn 0.000000 0.000000 -1.000000
vn -1.000000 0.000000 0.000000
vn -1.000000 0.000000 0.000000
vn -1.000000 0.000000 0.000000
vn -1.000000 0.000000 0.000000
vn 0.000000 1.000000 0.000000
vn 0.000000 1.000000 0.000000
vn 0.000000 1.000000 0.000000
vn 0.000000 1.000000 0.000000
vn 1.000000 0.000000 0.000000
vn 1.000000 0.000000 0.000000
vn 1.000000 0.000000 0.000000
vn 1.000000 0.000000 0.000000
vn 0.000000 -1.000000 0.000000
vn 0.000000 -1.000000 0.000000
vn 0.000000 -1.000000 0.000000
vn 0.000000 -1.000000 0.000000
vn 0.000000 0.000000 1.000000
vn 0.000000 0.000000 1.000000
vn 0.000000 0.000000 1.000000
vn 0.000000 0.000000 1.000000
vn 0.000000 0.000000 -1.000000
vn 0.000000 0.000000 -1.000000
vn 0.000000 0.000000 -1.000000
vn 0.000000 0.000000 -1.000000
vn -1.000000 0.000000 0.000000
vn -1.000000 0.000000 0.000000
vn -1.000000 0.000000 0.000000
vn -1.000000 0.000000 0.000000
vn 0.000000 1.000000 0.000000
vn 0.000000 1.000000 0.000000
vn 0.000000 1.000000 0.000000
vn 0.000000 1.000000 0.000000
vn 1.000000 0.000000 0.000000
vn 1.000000 0.000000 0.000000
vn 1.000000 0.000000 0.000000
vn 1.000000 0.000000 0.000000
vn 0.000000 -1.000000 0.000000
vn 0.000000 -1.000000 0.000000
vn 0.000000 -1.000000 0.000000
vn 0.000000 -1.000000 0.000000
vn 0.000000 0.000000 1.000000
vn 0.000000 0.000000 1.000000
vn 0.000000 0.000000 1.000000
vn 0.000000 0.000000 1.000000
vn 0.000000 0.000000 -1.000000
vn 0.000000 0.000000 -1.000000
vn 0.000000 0.000000 -1.000000
vn 0.000000 0.000000 -1.000000
vn -1.000000 0.000000 0.000000
vn -1.000000 0.000000 0.000000
vn -1.000000 0.000000 0.000000
vn -1.000000 0.000000 0.000000
vn 0.000000 1.000000 0.000000
vn 0.000000 1.000000 0.000000
vn 0.000000 1.000000 0.000000
vn 0.000000 1.000000 0.000000
vn 1.000000 0.000000 0.000000
vn 1.000000 0.000000 0.000000
vn 1.000000 0.000000 0.000000
vn 1.000000 0.000000 0.000000
vn 0.000000 -1.000000 0.000000
vn 0.000000 -1.000000 0.000000
vn 0.000000 -1.000000 0.000000
vn 0.000000 -1.000000 0.000000
vn 0.000000 0.000000 1.000000
vn 0.000000 0.000000 1.000000
vn 0.000000 0.000000 1.000000
vn 0.000000 0.000000 1.000000
vn 0.000000 0.000000 -1.000000
vn 0.000000 0.000000 -1.000000
vn 0.000000 0.000000 -1.000000
vn 0.000000 0.000000 -1.000000
vn -1.000000 0.000000 0.000000
vn -1.000000 0.000000 0.000000
vn -1.000000 0.000000 0.000000
vn -1.000000 0.000000 0.000000
vn 0.000000 1.000000 0.000000
vn 0.000000 1.000000 0.000000
vn 0.000000 1.000000 0.000000
vn 0.000000 1.000000 0.000000
vn 1.000000 0.000000 0.000000
vn 1.000000 0.000000 0.000000
vn 1.000000 0.000000 0.000000
vn 1.000000 0.000000 0.000000
vn 0.000000 -1.000000 0.000000
vn 0.000000 -1.000000 0.000000
vn 0.000000 -1.000000 0.000000
vn 0.000000 -1.000000 0.000000
vn 0.000000 0.000000 1.000000
vn 0.000000 0.000000 1.000000
vn 0.000000 0.000000 1.000000
vn 0.000000 0.000000 1.000000
vn 0.000000 0.000000 -1.000000
vn 0.000000 0.000000 -1.000000
vn 0.000000 0.000000 -1.000000
vn 0.000000 0.000000 -1.000000
vn -1.000000 0.000000 0.000000
vn -1.000000 0.000000 0.000000
vn -1.000000 0.000000 0.000000
vn -1.000000 0.000000 0.000000
vn 0.000000 1.000000 0.000000
vn 0.000000 1.000000 0.000000
vn 0.000000 1.000000 0.000000
vn 0.000000 1.000000 0.000000
vn 1.000000 0.000000 0.000000
vn 1.000000 0.000000 0.000000
vn 1.000000 0.000000 0.000000
vn 1.000000 0.000000 0.000000
vn 0.000000 -1.000000 0.000000
vn 0.000000 -1.000000 0.000000
vn 0.000000 -1.000000 0.000000
vn 0.000000 -1.000000 0.000000
vn 0.000000 0.000000 1.000000
vn 0.000000 0.000000 1.000000
vn 0.000000 0.000000 1.000000
vn 0.000000 0.000000 1.000000
vn 0.000000 0.000000 -1.000000
vn 0.000000 0.000000 -1.000000
vn 0.000000 0.000000 -1.000000
vn 0.000000 0.000000 -1.000000
vn -1.000000 0.000000 0.000000
vn -1.000000 0.000000 0.000000
vn -1.000000 0.000000 0.000000
vn -1.000000 0.000000 0.000000
vn 0.000000 1.000000 0.000000
vn 0.000000 1.000000 0.000000
vn 0.000000 1.000000 0.000000
vn 0.000000 1.000000 0.000000
vn 1.000000 0.000000 0.000000
vn 1.000000 0.000000 0.000000
vn 1.000000 0.000000 0.000000
vn 1.000000 0.000000 0.000000
vn 0.000000 -1.000000 0.000000
vn 0.000000 -1.000000 0.000000
vn 0.000000 -1.000000 0.000000
vn 0.000000 -1.000000 0.000000
vn 0.000000 0.000000 1.000000
vn 0.000000 0.000000 1.000000
vn 0.000000 0.000000 1.000000
vn 0.000000 0.000000 1.000000
vn 0.000000 0.000000 -1.000000
vn 0.000000 0.000000 -1.000000
vn 0.000000 0.000000 -1.000000
vn 0.000000 0.000000 -1.000000
vn -1.000000 0.000000 0.000000
vn -1.000000 0.000000 0.000000
vn -1.000000 0.000000 0.000000
vn -1.000000 0.000000 0.000000
vn 0.000000 1.000000 0.000000
vn 0.000000 1.000000 0.000000
vn 0.000000 1.000000 0.000000
vn 0.000000 1.000000 0.000000
vn 1.000000 0.000000 0.000000
vn 1.000000 0.000000 0.000000
vn 1.000000 0.000000 0.000000
vn 1.000000 0.000000 0.000000
vn 0.000000 -1.000000 0.000000
vn 0.000000 -1.000000 0.000000
vn 0.000000 -1.000000 0.000000
vn 0.000000 -1.000000 0.000000
vn 0.000000 0.000000 1.000000
vn 0.000000 0.000000 1.000000
vn 0.000000 0.000000 1.000000
vn 0.000000 0.000000 1.000000
vn 0.000000 0.000000 -1.000000
vn 0.000000 0.000000 -1.000000
vn 0.000000 0.000000 -1.000000
vn 0.000000 0.000000 -1.000000
vn -1.000000 0.000000 0.000000
vn -1.000000 0.000000 0.000000
vn -1.000000 0.000000 0.000000
vn -1.000000 0.000000 0.000000
vn 0.000000 1.000000 0.000000
vn 0.000000 1.000000 0.000000
vn 0.000000 1.000000 0.000000
vn 0.000000 1.000000 0.000000
vn 1.000000 0.000000 0.000000
vn 1.000000 0.000000 0.000000
vn 1.000000 0.000000 0.000000
vn 1.000000 0.000000 0.000000
vn 0.000000 -1.000000 0.000000
vn 0.000000 -1.000000 0.000000
vn 0.000000 -1.000000 0.000000
vn 0.000000 -1.000000 0.000000
vn 0.000000 0.000000 1.000000
vn 0.000000 0.000000 1.000000
vn 0.000000 0.000000 1.000000
vn 0.000000 0.000000 1.000000
vn 0.000000 0.000000 -1.000000
vn 0.000000 0.000000 -1.000000
vn 0.000000 0.000000 -1.000000
vn 0.000000 0.000000 -1.000000
vn -1.000000 0.000000 0.000000
vn -1.000000 0.000000 0.000000
vn -1.000000 0.000000 0.000000
vn -1.000000 0.000000 0.000000
vn 0.000000 1.000000 0.000000
vn 0.000000 1.000000 0.000000
vn 0.000000 1.000000 0.000000
vn 0.000000 1.000000 0.000000
vn 1.000000 0.000000 0.000000
vn 1.000000 0.000000 0.000000
vn 1.000000 0.000000 0.000000
vn 1.000000 0.000000 0.000000
vn 0.000000 -1.000000 0.000000
vn 0.000000 -1.000000 0.000000
vn 0.000000 -1.000000 0.000000
vn 0.000000 -1.000000 0.000000
vn 0.000000 0.000000 1.000000
vn 0.000000 0.000000 1.000000
vn 0.000000 0.000000 1.000000
vn 0.000000 0.000000 1.000000
vn 0.000000 0.000000 -1.000000
vn 0.000000 0.000000 -1.000000
vn 0.000000 0.000000 -1.000000
vn 0.000000 0.000000 -1.000000
vn -1.000000 0.000000 0.000000
vn -1.000000 0.000000 0.000000
vn -1.000000 0.000000 0.000000
vn -1.000000 0.000000 0.000000
vn 0.000000 1.000000 0.000000
vn 0.000000 1.000000 0.000000
vn 0.000000 1.000000 0.000000
vn 0.000000 1.000000 0.000000
vn 1.000000 0.000000 0.000000
vn 1.000000 0.000000 0.000000
vn 1.000000 0.000000 0.000000
vn 1.000000 0.000000 0.000000
vn 0.000000 -1.000000 0.000000
vn 0.000000 -1.000000 0.000000
vn 0.000000 -1.000000 0.000000
vn 0.000000 -1.000000 0.000000
vn 0.000000 0.000000 1.000000
vn 0.000000 0.000000 1.000000
vn 0.000000 0.000000 1.000000
vn 0.000000 0.000000 1.000000
vn 0.000000 0.000000 -1.000000
vn 0.000000 0.000000 -1.000000
vn 0.000000 0.000000 -1.000000
vn 0.000000 0.000000 -1.000000
vn -1.000000 0.000000 0.000000
vn -1.000000 0.000000 0.000000
vn -1.000000 0.000000 0.000000
vn -1.000000 0.000000 0.000000
vn 0.000000 1.000000 0.000000
vn 0.000000 1.000000 0.000000
vn 0.000000 1.000000 0.000000
vn 0.000000 1.000000 0.000000
vn 1.000000 0.000000 0.000000
vn 1.000000 0.000000 0.000000
vn 1.000000 0.000000 0.000000
vn 1.000000 0.000000 0.000000
vn 0.000000 -1.000000 0.000000
vn 0.000000 -1.000000 0.000000
vn 0.000000 -1.000000 0.000000
vn 0.000000 -1.000000 0.000000
vn 0.000000 0.000000 1.000000
vn 0.000000 0.000000 1.000000
vn 0.000000 0.000000 1.000000
vn 0.000000 0.000000 1.000000
vn 0.000000 0.000000 -1.000000
vn 0.000000 0.000000 -1.000000
vn 0.000000 0.000000 -1.000000
vn 0.000000 0.000000 -1.000000
vn -1.000000 0.000000 0.000000
vn -1.000000 0.000000 0.000000
vn -1.000000 0.000000 0.000000
vn -1.000000 0.000000 0.000000
vn 0.000000 1.000000 0.000000
vn 0.000000 1.000000 0.000000
vn 0.000000 1.000000 0.000000
vn 0.000000 1.000000 0.000000
vn 1.000000 0.000000 0.000000
vn 1.000000 0.000000 0.000000
vn 1.000000 0.000000 0.000000
vn 1.000000 0.000000 0.000000
vn 0.000000 -1.000000 0.000000
vn 0.000000 -1.000000 0.000000
vn 0.000000 -1.000000 0.000000
vn 0.000000 -1.000000 0.000000
vn 0.000000 0.000000 1.000000
vn 0.000000 0.000000 1.000000
vn 0.000000 0.000000 1.000000
vn 0.000000 0.000000 1.000000
vn 0.000000 0.000000 -1.000000
vn 0.000000 0.000000 -1.000000
vn 0.000000 0.000000 -1.000000
vn 0.000000 0.000000 -1.000000
vn -1.000000 0.000000 0.000000
vn -1.000000 0.000000 0.000000
vn -1.000000 0.000000 0.000000
vn -1.000000 0.000000 0.000000
vn 0.000000 1.000000 0.000000
vn 0.000000 1.000000 0.000000
vn 0.000000 1.000000 0.000000
vn 0.000000 1.000000 0.000000
vn 1.000000 0.000000 0.000000
vn 1.000000 0.000000 0.000000
vn 1.000000 0.000000 0.000000
vn 1.000000 0.000000 0.000000
vn 0.000000 -1.000000 0.000000
vn 0.000000 -1.000000 0.000000
vn 0.000000 -1.000000 0.000000
vn 0.000000 -1.000000 0.000000
vn 0.000000 0.000000 1.000000
vn 0.000000 0.000000 1.000000
vn 0.000000 0.000000 1.000000
vn 0.000000 0.000000 1.000000
vn 0.000000 0.000000 -1.000000
vn 0.000000 0.000000 -1.000000
vn 0.000000 0.000000 -1.000000
vn 0.000000 0.000000 -1.000000
vn -1.000000 0.000000 0.000000
vn -1.000000 0.000000 0.000000
vn -1.000000 0.000000 0.000000
vn -1.000000 0.000000 0.000000
vn 0.000000 1.000000 0.000000
vn 0.000000 1.000000 0.000000
vn 0.000000 1.000000 0.000000
vn 0.000000 1.000000 0.000000
vn 1.000000 0.000000 0.000000
vn 1.000000 0.000000 0.000000
vn 1.000000 0.000000 0.000000
vn 1.000000 0.000000 0.000000
vn 0.000000 -1.000000 0.000000
vn 0.000000 -1.000000 0.000000
vn 0.000000 -1.000000 0.000000
vn 0.000000 -1.000000 0.000000
vn 0.000000 0.000000 1.000000
vn 0.000000 0.000000 1.000000
vn 0.000000 0.000000 1.000000
vn 0.000000 0.000000 1.000000
vn 0.000000 0.000000 -1.000000
vn 0.000000 0.000000 -1.000000
vn 0.000000 0.000000 -1.000000
vn 0.000000 0.000000 -1.000000
vn -1.000000 0.000000 0.000000
vn -1.000000 0.000000 0.000000
vn -1.000000 0.000000 0.000000
vn -1.000000 0.000000 0.000000
vn 0.000000 1.000000 0.000000
vn 0.000000 1.000000 0.000000
vn 0.000000 1.000000 0.000000
vn 0.000000 1.000000 0.000000
vn 1.000000 0.000000 0.000000
vn 1.000000 0.000000 0.000000
vn 1.000000 0.000000 0.000000
vn 1.000000 0.000000 0.000000
vn 0.000000 -1.000000 0.000000
vn 0.000000 -1.000000 0.000000
vn 0.000000 -1.000000 0.000000
vn 0.000000 -1.000000 0.000000
vn 0.000000 0.000000 1.000000
vn 0.000000 0.000000 1.000000
vn 0.000000 0.000000 1.000000
vn 0.000000 0.000000 1.000000
vn 0.000000 0.000000 -1.000000
vn 0.000000 0.000000 -1.000000
vn 0.000000 0.000000 -1.000000
vn 0.000000 0.000000 -1.000000
vn -1.000000 0.000000 0.000000
vn -1.000000 0.000000 0.000000
vn -1.000000 0.000000 0.000000
vn -1.000000 0.000000 0.000000
vn 0.000000 1.000000 0.000000
vn 0.000000 1.000000 0.000000
vn 0.000000 1.000000 0.000000
vn 0.000000 1.000000 0.000000
vn 1.000000 0.000000 0.000000
vn 1.000000 0.000000 0.000000
vn 1.000000 0.000000 0.000000
vn 1.000000 0.000000 0.000000
vn 0.000000 -1.000000 0.000000
vn 0.000000 -1.000000 0.000000
vn 0.000000 -1.000000 0.000000
vn 0.000000 -1.000000 0.000000
vn 0.000000 0.000000 1.000000
vn 0.000000 0.000000 1.000000
vn 0.000000 0.000000 1.000000
vn 0.000000 0.000000 1.000000
vn 0.000000 0.000000 -1.000000
vn 0.000000 0.000000 -1.000000
vn 0.000000 0.000000 -1.000000
vn 0.000000 0.000000 -1.000000
vn -1.000000 0.000000 0.000000
vn -1.000000 0.000000 0.000000
vn -1.000000 0.000000 0.000000
vn -1.000000 0.000000 0.000000
vn 0.000000 1.000000 0.000000
vn 0.000000 1.000000 0.000000
vn 0.000000 1.000000 0.000000
vn 0.000000 1.000000 0.000000
vn 1.000000 0.000000 0.000000
vn 1.000000 0.000000 0.000000
vn 1.000000 0.000000 0.000000
vn 1.000000 0.000000 0.000000
vn 0.000000 -1.000000 0.000000
vn 0.000000 -1.000000 0.000000
vn 0.000000 -1.000000 0.000000
vn 0.000000 -1.000000 0.000000
vn 0.000000 0.000000 1.000000
vn 0.000000 0.000000 1.000000
vn 0.000000 0.000000 1.000000
vn 0.000000 0.000000 1.000000
vn 0.000000 0.000000 -1.000000
vn 0.000000 0.000000 -1.000000
vn 0.000000 0.000000 -1.000000
vn 0.000000 0.000000 -1.000000
vn -1.000000 0.000000 0.000000
vn -1.000000 0.000000 0.000000
vn -1.000000 0.000000 0.000000
vn -1.000000 0.000000 0.000000
vn 0.000000 1.000000 0.000000
vn 0.000000 1.000000 0.000000
vn 0.000000 1.000000 0.000000
vn 0.000000 1.000000 0.000000
vn 1.000000 0.000000 0.000000
vn 1.000000 0.000000 0.000000
vn 1.000000 0.000000 0.000000
vn 1.000000 0.000000 0.000000
vn 0.000000 -1.000000 0.000000
vn 0.000000 -1.000000 0.000000
vn 0.000000 -1.000000 0.000000
vn 0.000000 -1.000000 0.000000
vn 0.000000 0.000000 1.000000
vn 0.000000 0.000000 1.000000
vn 0.000000 0.000000 1.000000
vn 0.000000 0.000000 1.000000
vn 0.000000 0.000000 -1.000000
vn 0.000000 0.000000 -1.000000
vn 0.000000 0.000000 -1.000000
vn 0.000000 0.000000 -1.000000
vn -1.000000 0.000000 0.000000
vn -1.000000 0.000000 0.000000
vn -1.000000 0.000000 0.000000
vn -1.000000 0.000000 0.000000
vn 0.000000 1.000000 0.000000
vn 0.000000 1.000000 0.000000
vn 0.000000 1.000000 0.000000
vn 0.000000 1.000000 0.000000
vn 1.000000 0.000000 0.000000
vn 1.000000 0.000000 0.000000
vn 1.000000 0.000000 0.000000
vn 1.000000 0.000000 0.000000
vn 0.000000 -1.000000 0.000000
vn 0.000000 -1.000000 0.000000
vn 0.000000 -1.000000 0.000000
vn 0.000000 -1.000000 0.000000
vn 0.000000 0.000000 1.000000
vn 0.000000 0.000000 1.000000
vn 0.000000 0.000000 1.000000
vn 0.000000 0.000000 1.000000
vn 0.000000 0.000000 -1.000000
vn 0.000000 0.000000 -1.000000
vn 0.000000 0.000000 -1.000000
vn 0.000000 0.000000 -1.000000
vn -1.000000 0.000000 0.000000
vn -1.000000 0.000000 0.000000
vn -1.000000 0.000000 0.000000
vn -1.000000 0.000000 0.000000
vn 0.000000 1.000000 0.000000
vn 0.000000 1.000000 0.000000
vn 0.000000 1.000000 0.000000
vn 0.000000 1.000000 0.000000
vn 1.000000 0.000000 0.000000
vn 1.000000 0.000000 0.000000
vn 1.000000 0.000000 0.000000
vn 1.000000 0.000000 0.000000
vn 0.000000 -1.000000 0.000000
vn 0.000000 -1.000000 0.000000
vn 0.000000 -1.000000 0.000000
vn 0.000000 -1.000000 0.000000
vn 0.000000 0.000000 1.000000
vn 0.000000 0.000000 1.000000
vn 0.000000 0.000000 1.000000
vn 0.000000 0.000000 1.000000
vn 0.000000 0.000000 -1.000000
vn 0.000000 0.000000 -1.000000
vn 0.000000 0.000000 -1.000000
vn 0.000000 0.000000 -1.000000
vn -1.000000 0.000000 0.000000
vn -1.000000 0.000000 0.000000
vn -1.000000 0.000000 0.000000
vn -1.000000 0.000000 0.000000
vn 0.000000 1.000000 0.000000
vn 0.000000 1.000000 0.000000
vn 0.000000 1.000000 0.000000
vn 0.000000 1.000000 0.000000
vn 1.000000 0.000000 0.000000
vn 1.000000 0.000000 0.000000
vn 1.000000 0.000000 0.000000
vn 1.000000 0.000000 0.000000
vn 0.000000 -1.000000 0.000000
vn 0.000000 -1.000000 0.000000
vn 0.000000 -1.000000 0.000000
vn 0.000000 -1.000000 0.000000
vn 0.000000 0.000000 1.000000
vn 0.000000 0.000000 1.000000
vn 0.000000 0.000000 1.000000
vn 0.000000 0.000000 1.000000
vn 0.000000 0.000000 -1.000000
vn 0.000000 0.000000 -1.000000
vn 0.000000 0.000000 -1.000000
vn 0.000000 0.000000 -1.000000
vn -1.000000 0.000000 0.000000
vn -1.000000 0.000000 0.000000
vn -1.000000 0.000000 0.000000
vn -1.000000 0.000000 0.000000
vn 0.000000 1.000000 0.000000
vn 0.000000 1.000000 0.000000
vn 0.000000 1.000000 0.000000
vn 0.000000 1.000000 0.000000
vn 1.000000 0.000000 0.000000
vn 1.000000 0.000000 0.000000
vn 1.000000 0.000000 0.000000
vn 1.000000 0.000000 0.000000
vn 0.000000 -1.000000 0.000000
vn 0.000000 -1.000000 0.000000
vn 0.000000 -1.000000 0.000000
vn 0.000000 -1.000000 0.000000
vn 0.000000 0.000000 1.000000
vn 0.000000 0.000000 1.000000
vn 0.000000 0.000000 1.000000
vn 0.000000 0.000000 1.000000
vn 0.000000 0.000000 -1.000000
vn 0.000000 0.000000 -1.000000
vn 0.000000 0.000000 -1.000000
vn 0.000000 0.000000 -1.000000
vn -1.000000 0.000000 0.000000
vn -1.000000 0.000000 0.000000
vn -1.000000 0.000000 0.000000
vn -1.000000 0.000000 0.000000
vn 0.000000 1.000000 0.000000
vn 0.000000 1.000000 0.000000
vn 0.000000 1.000000 0.000000
vn 0.000000 1.000000 0.000000
vn 1.000000 0.000000 0.000000
vn 1.000000 0.000000 0.000000
vn 1.000000 0.000000 0.000000
vn 1.000000 0.000000 0.000000
vn 0.000000 -1.000000 0.000000
vn 0.000000 -1.000000 0.000000
vn 0.000000 -1.000000 0.000000
vn 0.000000 -1.000000 0.000000
vn 0.000000 0.000000 1.000000
vn 0.000000 0.000000 1.000000
vn 0.000000 0.000000 1.000000
vn 0.000000 0.000000 1.000000
vn 0.000000 0.000000 -1.000000
vn 0.000000 0.000000 -1.000000
vn 0.000000 0.000000 -1.000000
vn 0.000000 0.000000 -1.000000
vn -1.000000 0.000000 0.000000
vn -1.000000 0.000000 0.000000
vn -1.000000 0.000000 0.000000
vn -1.000000 0.000000 0.000000
vn 0.000000 1.000000 0.000000
vn 0.000000 1.000000 0.000000
vn 0.000000 1.000000 0.000000
vn 0.000000 1.000000 0.000000
vn 1.000000 0.000000 0.000000
vn 1.000000 0.000000 0.000000
vn 1.000000 0.000000 0.000000
vn 1.000000 0.000000 0.000000
vn 0.000000 -1.000000 0.000000
vn 0.000000 -1.000000 0.000000
vn 0.000000 -1.000000 0.000000
vn 0.000000 -1.000000 0.000000
vn 0.000000 0.000000 1.000000
vn 0.000000 0.000000 1.000000
vn 0.000000 0.000000 1.000000
vn 0.000000 0.000000 1.000000
vn 0.000000 0.000000 -1.000000
vn 0.000000 0.000000 -1.000000
vn 0.000000 0.000000 -1.000000
vn 0.000000 0.000000 -1.000000
vn -1.000000 0.000000 0.000000
vn -1.000000 0.000000 0.000000
vn -1.000000 0.000000 0.000000
vn -1.000000 0.000000 0.000000
vn 0.000000 1.000000 0.000000
vn 0.000000 1.000000 0.000000
vn 0.000000 1.000000 0.000000
vn 0.000000 1.000000 0.000000
vn 1.000000 0.000000 0.000000
vn 1.000000 0.000000 0.000000
vn 1.000000 0.000000 0.000000
vn 1.000000 0.000000 0.000000
vn 0.000000 -1.000000 0.000000
vn 0.000000 -1.000000 0.000000
vn 0.000000 -1.000000 0.000000
vn 0.000000 -1.000000 0.000000
vn 0.000000 0.000000 1.000000
vn 0.000000 0.000000 1.000000
vn 0.000000 0.000000 1.000000
vn 0.000000 0.000000 1.000000
vn 0.000000 0.000000 -1.000000
vn 0.000000 0.000000 -1.000000
vn 0.000000 0.000000 -1.000000
vn 0.000000 0.000000 -1.000000
vn 0.000000 0.000000 -1.000000
vn 0.000000 0.000000 -1.000000
vn 0.000000 0.000000 -1.000000
vn 0.000000 0.000000 -1.000000
vn 0.000000 1.000000 0.000000
vn 0.000000 1.000000 0.000000
vn 0.000000 1.000000 0.000000
vn 0.000000 1.000000 0.000000
vn 0.000000 0.000000 1.000000
vn 0.000000 0.000000 1.000000
vn 0.000000 0.000000 1.000000
vn 0.000000 0.000000 1.000000
vn 0.000000 -1.000000 0.000000
vn 0.000000 -1.000000 0.000000
vn 0.000000 -1.000000 0.000000
vn 0.000000 -1.000000 0.000000
vn -1.000000 0.000000 0.000000
vn -1.000000 0.000000 0.000000
vn -1.000000 0.000000 0.000000
vn -1.000000 0.000000 0.000000
vn 1.000000 0.000000 0.000000
vn 1.000000 0.000000 0.000000
vn 1.000000 0.000000 0.000000
vn 1.000000 0.000000 0.000000
vn -1.000000 0.000000 0.000000
vn -1.000000 0.000000 0.000000
vn -1.000000 0.000000 0.000000
vn -1.000000 0.000000 0.000000
vn 0.000000 1.000000 0.000000
vn 0.000000 1.000000 0.000000
vn 0.000000 1.000000 0.000000
vn 0.000000 1.000000 0.000000
vn 1.000000 0.000000 0.000000
vn 1.000000 0.000000 0.000000
vn 1.000000 0.000000 0.000000
vn 1.000000 0.000000 0.000000
vn 0.000000 -1.000000 0.000000
vn 0.000000 -1.000000 0.000000
vn 0.000000 -1.000000 0.000000
vn 0.000000 -1.000000 0.000000
vn 0.000000 0.000000 1.000000
vn 0.000000 0.000000 1.000000
vn 0.000000 0.000000 1.000000
vn 0.000000 0.000000 1.000000
vn 0.000000 0.000000 -1.000000
vn 0.000000 0.000000 -1.000000
vn 0.000000 0.000000 -1.000000
vn 0.000000 0.000000 -1.000000
vn 0.000000 0.000000 -1.000000
vn 0.000000 0.000000 -1.000000
vn 0.000000 0.000000 -1.000000
vn 0.000000 0.000000 -1.000000
vn 0.000000 1.000000 0.000000
vn 0.000000 1.000000 0.000000
vn 0.000000 1.000000 0.000000
vn 0.000000 1.000000 0.000000
vn 0.000000 0.000000 1.000000
vn 0.000000 0.000000 1.000000
vn 0.000000 0.000000 1.000000
vn 0.000000 0.000000 1.000000
vn 0.000000 -1.000000 0.000000
vn 0.000000 -1.000000 0.000000
vn 0.000000 -1.000000 0.000000
vn 0.000000 -1.000000 0.000000
vn -1.000000 0.000000 0.000000
vn -1.000000 0.000000 0.000000
vn -1.000000 0.000000 0.000000
vn -1.000000 0.000000 0.000000
vn 1.000000 0.000000 0.000000
vn 1.000000 0.000000 0.000000
vn 1.000000 0.000000 0.000000
vn 1.000000 0.000000 0.000000
vn 0.000000 0.000000 -1.000000
vn 0.000000 0.000000 -1.000000
vn 0.000000 0.000000 -1.000000
vn 0.000000 0.000000 -1.000000
vn 0.000000 1.000000 0.000000
vn 0.000000 1.000000 0.000000
vn 0.000000 1.000000 0.000000
vn 0.000000 1.000000 0.000000
vn 0.000000 0.000000 1.000000
vn 0.000000 0.000000 1.000000
vn 0.000000 0.000000 1.000000
vn 0.000000 0.000000 1.000000
vn 0.000000 -1.000000 0.000000
vn 0.000000 -1.000000 0.000000
vn 0.000000 -1.000000 0.000000
vn 0.000000 -1.000000 0.000000
vn -1.000000 0.000000 0.000000
vn -1.000000 0.000000 0.000000
vn -1.000000 0.000000 0.000000
vn -1.000000 0.000000 0.000000
vn 1.000000 0.000000 0.000000
vn 1.000000 0.000000 0.000000
vn 1.000000 0.000000 0.000000
vn 1.000000 0.000000 0.000000
vn 0.000000 0.000000 -1.000000
vn 0.000000 0.000000 -1.000000
vn 0.000000 0.000000 -1.000000
vn 0.000000 0.000000 -1.000000
vn 0.000000 1.000000 0.000000
vn 0.000000 1.000000 0.000000
vn 0.000000 1.000000 0.000000
vn 0.000000 1.000000 0.000000
vn 0.000000 0.000000 1.000000
vn 0.000000 0.000000 1.000000
vn 0.000000 0.000000 1.000000
vn 0.000000 0.000000 1.000000
vn 0.000000 -1.000000 0.000000
vn 0.000000 -1.000000 0.000000
vn 0.000000 -1.000000 0.000000
vn 0.000000 -1.000000 0.000000
vn -1.000000 0.000000 0.000000
vn -1.000000 0.000000 0.000000
vn -1.000000 0.000000 0.000000
vn -1.000000 0.000000 0.000000
vn 1.000000 0.000000 0.000000
vn 1.000000 0.000000 0.000000
vn 1.000000 0.000000 0.000000
vn 1.000000 0.000000 0.000000
vn 0.000000 0.000000 -1.000000
vn 0.000000 0.000000 -1.000000
vn 0.000000 0.000000 -1.000000
vn 0.000000 0.000000 -1.000000
vn 0.000000 1.000000 0.000000
vn 0.000000 1.000000 0.000000
vn 0.000000 1.000000 0.000000
vn 0.000000 1.000000 0.000000
vn 0.000000 0.000000 1.000000
vn 0.000000 0.000000 1.000000
vn 0.000000 0.000000 1.000000
vn 0.000000 0.000000 1.000000
vn 0.000000 -1.000000 0.000000
vn 0.000000 -1.000000 0.000000
vn 0.000000 -1.000000 0.000000
vn 0.000000 -1.000000 0.000000
vn -1.000000 0.000000 0.000000
vn -1.000000 0.000000 0.000000
vn -1.000000 0.000000 0.000000
vn -1.000000 0.000000 0.000000
vn 1.000000 0.000000 0.000000
vn 1.000000 0.000000 0.000000
vn 1.000000 0.000000 0.000000
vn 1.000000 0.000000 0.000000
vn 0.000000 0.000000 -1.000000
vn 0.000000 0.000000 -1.000000
vn 0.000000 0.000000 -1.000000
vn 0.000000 0.000000 -1.000000
vn 0.000000 1.000000 0.000000
vn 0.000000 1.000000 0.000000
vn 0.000000 1.000000 0.000000
vn 0.000000 1.000000 0.000000
vn 0.000000 0.000000 1.000000
vn 0.000000 0.000000 1.000000
vn 0.000000 0.000000 1.000000
vn 0.000000 0.000000 1.000000
vn 0.000000 -1.000000 0.000000
vn 0.000000 -1.000000 0.000000
vn 0.000000 -1.000000 0.000000
vn 0.000000 -1.000000 0.000000
vn -1.000000 0.000000 0.000000
vn -1.000000 0.000000 0.000000
vn -1.000000 0.000000 0.000000
vn -1.000000 0.000000 0.000000
vn 1.000000 0.000000 0.000000
vn 1.000000 0.000000 0.000000
vn 1.000000 0.000000 0.000000
vn 1.000000 0.000000 0.000000
vn 0.000000 0.000000 -1.000000
vn 0.000000 0.000000 -1.000000
vn 0.000000 0.000000 -1.000000
vn 0.000000 0.000000 -1.000000
vn 0.000000 1.000000 0.000000
vn 0.000000 1.000000 0.000000
vn 0.000000 1.000000 0.000000
vn 0.000000 1.000000 0.000000
vn 0.000000 0.000000 1.000000
vn 0.000000 0.000000 1.000000
vn 0.000000 0.000000 1.000000
vn 0.000000 0.000000 1.000000
vn 0.000000 -1.000000 0.000000
vn 0.000000 -1.000000 0.000000
vn 0.000000 -1.000000 0.000000
vn 0.000000 -1.000000 0.000000
vn -1.000000 0.000000 0.000000
vn -1.000000 0.000000 0.000000
vn -1.000000 0.000000 0.000000
vn -1.000000 0.000000 0.000000
vn 1.000000 0.000000 0.000000
vn 1.000000 0.000000 0.000000
vn 1.000000 0.000000 0.000000
vn 1.000000 0.000000 0.000000
vn 0.000000 0.000000 -1.000000
vn 0.000000 0.000000 -1.000000
vn 0.000000 0.000000 -1.000000
vn 0.000000 0.000000 -1.000000
vn 0.000000 1.000000 0.000000
vn 0.000000 1.000000 0.000000
vn 0.000000 1.000000 0.000000
vn 0.000000 1.000000 0.000000
vn 0.000000 0.000000 1.000000
vn 0.000000 0.000000 1.000000
vn 0.000000 0.000000 1.000000
vn 0.000000 0.000000 1.000000
vn 0.000000 -1.000000 0.000000
vn 0.000000 -1.000000 0.000000
vn 0.000000 -1.000000 0.000000
vn 0.000000 -1.000000 0.000000
vn -1.000000 0.000000 0.000000
vn -1.000000 0.000000 0.000000
vn -1.000000 0.000000 0.000000
vn -1.000000 0.000000 0.000000
vn 1.000000 0.000000 0.000000
vn 1.000000 0.000000 0.000000
vn 1.000000 0.000000 0.000000
vn 1.000000 0.000000 0.000000
vn 0.000000 0.000000 -1.000000
vn 0.000000 0.000000 -1.000000
vn 0.000000 0.000000 -1.000000
vn 0.000000 0.000000 -1.000000
vn 0.000000 1.000000 0.000000
vn 0.000000 1.000000 0.000000
vn 0.000000 1.000000 0.000000
vn 0.000000 1.000000 0.000000
vn 0.000000 0.000000 1.000000
vn 0.000000 0.000000 1.000000
vn 0.000000 0.000000 1.000000
vn 0.000000 0.000000 1.000000
vn 0.000000 -1.000000 0.000000
vn 0.000000 -1.000000 0.000000
vn 0.000000 -1.000000 0.000000
vn 0.000000 -1.000000 0.000000
vn -1.000000 0.000000 0.000000
vn -1.000000 0.000000 0.000000
vn -1.000000 0.000000 0.000000
vn -1.000000 0.000000 0.000000
vn 1.000000 0.000000 0.000000
vn 1.000000 0.000000 0.000000
vn 1.000000 0.000000 0.000000
vn 1.000000 0.000000 0.000000
vn 0.000000 0.000000 -1.000000
vn 0.000000 0.000000 -1.000000
vn 0.000000 0.000000 -1.000000
vn 0.000000 0.000000 -1.000000
vn 0.000000 1.000000 0.000000
vn 0.000000 1.000000 0.000000
vn 0.000000 1.000000 0.000000
vn 0.000000 1.000000 0.000000
vn 0.000000 0.000000 1.000000
vn 0.000000 0.000000 1.000000
vn 0.000000 0.000000 1.000000
vn 0.000000 0.000000 1.000000
vn 0.000000 -1.000000 0.000000
vn 0.000000 -1.000000 0.000000
vn 0.000000 -1.000000 0.000000
vn 0.000000 -1.000000 0.000000
vn -1.000000 0.000000 0.000000
vn -1.000000 0.000000 0.000000
vn -1.000000 0.000000 0.000000
vn -1.000000 0.000000 0.000000
vn 1.000000 0.000000 0.000000
vn 1.000000 0.000000 0.000000
vn 1.000000 0.000000 0.000000
vn 1.000000 0.000000 0.000000
vn 0.000000 0.000000 -1.000000
vn 0.000000 0.000000 -1.000000
vn 0.000000 0.000000 -1.000000
vn 0.000000 0.000000 -1.000000
vn 0.000000 1.000000 0.000000
vn 0.000000 1.000000 0.000000
vn 0.000000 1.000000 0.000000
vn 0.000000 1.000000 0.000000
vn 0.000000 0.000000 1.000000
vn 0.000000 0.000000 1.000000
vn 0.000000 0.000000 1.000000
vn 0.000000 0.000000 1.000000
vn 0.000000 -1.000000 0.000000
vn 0.000000 -1.000000 0.000000
vn 0.000000 -1.000000 0.000000
vn 0.000000 -1.000000 0.000000
vn -1.000000 0.000000 0.000000
vn -1.000000 0.000000 0.000000
vn -1.000000 0.000000 0.000000
vn -1.000000 0.000000 0.000000
vn 1.000000 0.000000 0.000000
vn 1.000000 0.000000 0.000000
vn 1.000000 0.000000 0.000000
vn 1.000000 0.000000 0.000000
vn 0.000000 0.000000 -1.000000
vn 0.000000 0.000000 -1.000000
vn 0.000000 0.000000 -1.000000
vn 0.000000 0.000000 -1.000000
vn 0.000000 1.000000 0.000000
vn 0.000000 1.000000 0.000000
vn 0.000000 1.000000 0.000000
vn 0.000000 1.000000 0.000000
vn 0.000000 0.000000 1.000000
vn 0.000000 0.000000 1.000000
vn 0.000000 0.000000 1.000000
vn 0.000000 0.000000 1.000000
vn 0.000000 -1.000000 0.000000
vn 0.000000 -1.000000 0.000000
vn 0.000000 -1.000000 0.000000
vn 0.000000 -1.000000 0.000000
vn -1.000000 0.000000 0.000000
vn -1.000000 0.000000 0.000000
vn -1.000000 0.000000 0.000000
vn -1.000000 0.000000 0.000000
vn 1.000000 0.000000 0.000000
vn 1.000000 0.000000 0.000000
vn 1.000000 0.000000 0.000000
vn 1.000000 0.000000 0.000000
vn 0.000000 0.000000 -1.000000
vn 0.000000 0.000000 -1.000000
vn 0.000000 0.000000 -1.000000
vn 0.000000 0.000000 -1.000000
vn 0.000000 1.000000 0.000000
vn 0.000000 1.000000 0.000000
vn 0.000000 1.000000 0.000000
vn 0.000000 1.000000 0.000000
vn 0.000000 0.000000 1.000000
vn 0.000000 0.000000 1.000000
vn 0.000000 0.000000 1.000000
vn 0.000000 0.000000 1.000000
vn 0.000000 -1.000000 0.000000
vn 0.000000 -1.000000 0.000000
vn 0.000000 -1.000000 0.000000
vn 0.000000 -1.000000 0.000000
vn -1.000000 0.000000 0.000000
vn -1.000000 0.000000 0.000000
vn -1.000000 0.000000 0.000000
vn -1.000000 0.000000 0.000000
vn 1.000000 0.000000 0.000000
vn 1.000000 0.000000 0.000000
vn 1.000000 0.000000 0.000000
vn 1.000000 0.000000 0.000000
vn 0.000000 0.000000 -1.000000
vn 0.000000 0.000000 -1.000000
vn 0.000000 0.000000 -1.000000
vn 0.000000 0.000000 -1.000000
vn 0.000000 1.000000 0.000000
vn 0.000000 1.000000 0.000000
vn 0.000000 1.000000 0.000000
vn 0.000000 1.000000 0.000000
vn 0.000000 0.000000 1.000000
vn 0.000000 0.000000 1.000000
vn 0.000000 0.000000 1.000000
vn 0.000000 0.000000 1.000000
vn 0.000000 -1.000000 0.000000
vn 0.000000 -1.000000 0.000000
vn 0.000000 -1.000000 0.000000
vn 0.000000 -1.000000 0.000000
vn -1.000000 0.000000 0.000000
vn -1.000000 0.000000 0.000000
vn -1.000000 0.000000 0.000000
vn -1.000000 0.000000 0.000000
vn 1.000000 0.000000 0.000000
vn 1.000000 0.000000 0.000000
vn 1.000000 0.000000 0.000000
vn 1.000000 0.000000 0.000000
vn 0.000000 0.000000 -1.000000
vn 0.000000 0.000000 -1.000000
vn 0.000000 0.000000 -1.000000
vn 0.000000 0.000000 -1.000000
vn 0.000000 1.000000 0.000000
vn 0.000000 1.000000 0.000000
vn 0.000000 1.000000 0.000000
vn 0.000000 1.000000 0.000000
vn 0.000000 0.000000 1.000000
vn 0.000000 0.000000 1.000000
vn 0.000000 0.000000 1.000000
vn 0.000000 0.000000 1.000000
vn 0.000000 -1.000000 0.000000
vn 0.000000 -1.000000 0.000000
vn 0.000000 -1.000000 0.000000
vn 0.000000 -1.000000 0.000000
vn -1.000000 0.000000 0.000000
vn -1.000000 0.000000 0.000000
vn -1.000000 0.000000 0.000000
vn -1.000000 0.000000 0.000000
vn 1.000000 0.000000 0.000000
vn 1.000000 0.000000 0.000000
vn 1.000000 0.000000 0.000000
vn 1.000000 0.000000 0.000000
vn 0.000000 0.000000 -1.000000
vn 0.000000 0.000000 -1.000000
vn 0.000000 0.000000 -1.000000
vn 0.000000 0.000000 -1.000000
vn 0.000000 1.000000 0.000000
vn 0.000000 1.000000 0.000000
vn 0.000000 1.000000 0.000000
vn 0.000000 1.000000 0.000000
vn 0.000000 0.000000 1.000000
vn 0.000000 0.000000 1.000000
vn 0.000000 0.000000 1.000000
vn 0.000000 0.000000 1.000000
vn 0.000000 -1.000000 0.000000
vn 0.000000 -1.000000 0.000000
vn 0.000000 -1.000000 0.000000
vn 0.000000 -1.000000 0.000000
vn -1.000000 0.000000 0.000000
vn -1.000000 0.000000 0.000000
vn -1.000000 0.000000 0.000000
vn -1.000000 0.000000 0.000000
vn 1.000000 0.000000 0.000000
vn 1.000000 0.000000 0.000000
vn 1.000000 0.000000 0.000000
vn 1.000000 0.000000 0.000000
vn 0.000000 0.000000 -1.000000
vn 0.000000 0.000000 -1.000000
vn 0.000000 0.000000 -1.000000
vn 0.000000 0.000000 -1.000000
vn 0.000000 1.000000 0.000000
vn 0.000000 1.000000 0.000000
vn 0.000000 1.000000 0.000000
vn 0.000000 1.000000 0.000000
vn 0.000000 0.000000 1.000000
vn 0.000000 0.000000 1.000000
vn 0.000000 0.000000 1.000000
vn 0.000000 0.000000 1.000000
vn 0.000000 -1.000000 0.000000
vn 0.000000 -1.000000 0.000000
vn 0.000000 -1.000000 0.000000
vn 0.000000 -1.000000 0.000000
vn -1.000000 0.000000 0.000000
vn -1.000000 0.000000 0.000000
vn -1.000000 0.000000 0.000000
vn -1.000000 0.000000 0.000000
vn 1.000000 0.000000 0.000000
vn 1.000000 0.000000 0.000000
vn 1.000000 0.000000 0.000000
vn 1.000000 0.000000 0.000000
vn 0.000000 0.000000 -1.000000
vn 0.000000 0.000000 -1.000000
vn 0.000000 0.000000 -1.000000
vn 0.000000 0.000000 -1.000000
vn 0.000000 1.000000 0.000000
vn 0.000000 1.000000 0.000000
vn 0.000000 1.000000 0.000000
vn 0.000000 1.000000 0.000000
vn 0.000000 0.000000 1.000000
vn 0.000000 0.000000 1.000000
vn 0.000000 0.000000 1.000000
vn 0.000000 0.000000 1.000000
vn 0.000000 -1.000000 0.000000
vn 0.000000 -1.000000 0.000000
vn 0.000000 -1.000000 0.000000
vn 0.000000 -1.000000 0.000000
vn -1.000000 0.000000 0.000000
vn -1.000000 0.000000 0.000000
vn -1.000000 0.000000 0.000000
vn -1.000000 0.000000 0.000000
vn 1.000000 0.000000 0.000000
vn 1.000000 0.000000 0.000000
vn 1.000000 0.000000 0.000000
vn 1.000000 0.000000 0.000000
vn 0.000000 0.000000 -1.000000
vn 0.000000 0.000000 -1.000000
vn 0.000000 0.000000 -1.000000
vn 0.000000 0.000000 -1.000000
vn 0.000000 1.000000 0.000000
vn 0.000000 1.000000 0.000000
vn 0.000000 1.000000 0.000000
vn 0.000000 1.000000 0.000000
vn 0.000000 0.000000 1.000000
vn 0.000000 0.000000 1.000000
vn 0.000000 0.000000 1.000000
vn 0.000000 0.000000 1.000000
vn 0.000000 -1.000000 0.000000
vn 0.000000 -1.000000 0.000000
vn 0.000000 -1.000000 0.000000
vn 0.000000 -1.000000 0.000000
vn -1.000000 0.000000 0.000000
vn -1.000000 0.000000 0.000000
vn -1.000000 0.000000 0.000000
vn -1.000000 0.000000 0.000000
vn 1.000000 0.000000 0.000000
vn 1.000000 0.000000 0.000000
vn 1.000000 0.000000 0.000000
vn 1.000000 0.000000 0.000000
s off
g pasted__pCube156
usemtl pasted__standardSurface2SG3
f 1/961/1 2/962/2 4/963/3 3/964/4
f 3/481/5 4/482/6 6/483/7 5/484/8
f 5/965/9 6/966/10 8/967/11 7/968/12
f 7/485/13 8/486/14 2/487/15 1/488/16
f 2/1/17 8/2/18 6/3/19 4/4/20
f 7/5/21 1/6/22 3/7/23 5/8/24
f 9/969/25 10/970/26 12/971/27 11/972/28
f 11/489/29 12/490/30 14/491/31 13/492/32
f 13/973/33 14/974/34 16/975/35 15/976/36
f 15/493/37 16/494/38 10/495/39 9/496/40
f 10/9/41 16/10/42 14/11/43 12/12/44
f 15/13/45 9/14/46 11/15/47 13/16/48
f 17/977/49 18/978/50 20/979/51 19/980/52
f 19/497/53 20/498/54 22/499/55 21/500/56
f 21/981/57 22/982/58 24/983/59 23/984/60
f 23/501/61 24/502/62 18/503/63 17/504/64
f 18/17/65 24/18/66 22/19/67 20/20/68
f 23/21/69 17/22/70 19/23/71 21/24/72
f 25/985/73 26/986/74 28/987/75 27/988/76
f 27/505/77 28/506/78 30/507/79 29/508/80
f 29/989/81 30/990/82 32/991/83 31/992/84
f 31/509/85 32/510/86 26/511/87 25/512/88
f 26/25/89 32/26/90 30/27/91 28/28/92
f 31/29/93 25/30/94 27/31/95 29/32/96
f 33/993/97 34/994/98 36/995/99 35/996/100
f 35/513/101 36/514/102 38/515/103 37/516/104
f 37/997/105 38/998/106 40/999/107 39/1000/108
f 39/517/109 40/518/110 34/519/111 33/520/112
f 34/33/113 40/34/114 38/35/115 36/36/116
f 39/37/117 33/38/118 35/39/119 37/40/120
f 41/41/121 42/42/122 44/43/123 43/44/124
f 43/521/125 44/522/126 46/523/127 45/524/128
f 45/45/129 46/46/130 48/47/131 47/48/132
f 47/525/133 48/526/134 42/527/135 41/528/136
f 42/1001/137 48/1002/138 46/1003/139 44/1004/140
f 47/1005/141 41/1006/142 43/1007/143 45/1008/144
f 49/1009/145 50/1010/146 52/1011/147 51/1012/148
f 51/529/149 52/530/150 54/531/151 53/532/152
f 53/1013/153 54/1014/154 56/1015/155 55/1016/156
f 55/533/157 56/534/158 50/535/159 49/536/160
f 50/49/161 56/50/162 54/51/163 52/52/164
f 55/53/165 49/54/166 51/55/167 53/56/168
f 57/1017/169 58/1018/170 60/1019/171 59/1020/172
f 59/537/173 60/538/174 62/539/175 61/540/176
f 61/1021/177 62/1022/178 64/1023/179 63/1024/180
f 63/541/181 64/542/182 58/543/183 57/544/184
f 58/57/185 64/58/186 62/59/187 60/60/188
f 63/61/189 57/62/190 59/63/191 61/64/192
f 65/1025/193 66/1026/194 68/1027/195 67/1028/196
f 67/545/197 68/546/198 70/547/199 69/548/200
f 69/1029/201 70/1030/202 72/1031/203 71/1032/204
f 71/549/205 72/550/206 66/551/207 65/552/208
f 66/65/209 72/66/210 70/67/211 68/68/212
f 71/69/213 65/70/214 67/71/215 69/72/216
f 73/1033/217 74/1034/218 76/1035/219 75/1036/220
f 75/553/221 76/554/222 78/555/223 77/556/224
f 77/1037/225 78/1038/226 80/1039/227 79/1040/228
f 79/557/229 80/558/230 74/559/231 73/560/232
f 74/73/233 80/74/234 78/75/235 76/76/236
f 79/77/237 73/78/238 75/79/239 77/80/240
f 81/81/241 82/82/242 84/83/243 83/84/244
f 83/561/245 84/562/246 86/563/247 85/564/248
f 85/85/249 86/86/250 88/87/251 87/88/252
f 87/565/253 88/566/254 82/567/255 81/568/256
f 82/1041/257 88/1042/258 86/1043/259 84/1044/260
f 87/1045/261 81/1046/262 83/1047/263 85/1048/264
f 89/89/265 90/90/266 92/91/267 91/92/268
f 91/569/269 92/570/270 94/571/271 93/572/272
f 93/93/273 94/94/274 96/95/275 95/96/276
f 95/573/277 96/574/278 90/575/279 89/576/280
f 90/1049/281 96/1050/282 94/1051/283 92/1052/284
f 95/1053/285 89/1054/286 91/1055/287 93/1056/288
f 97/97/289 98/98/290 100/99/291 99/100/292
f 99/577/293 100/578/294 102/579/295 101/580/296
f 101/101/297 102/102/298 104/103/299 103/104/300
f 103/581/301 104/582/302 98/583/303 97/584/304
f 98/1057/305 104/1058/306 102/1059/307 100/1060/308
f 103/1061/309 97/1062/310 99/1063/311 101/1064/312
f 105/105/313 106/106/314 108/107/315 107/108/316
f 107/585/317 108/586/318 110/587/319 109/588/320
f 109/109/321 110/110/322 112/111/323 111/112/324
f 111/589/325 112/590/326 106/591/327 105/592/328
f 106/1065/329 112/1066/330 110/1067/331 108/1068/332
f 111/1069/333 105/1070/334 107/1071/335 109/1072/336
f 113/113/337 114/114/338 116/115/339 115/116/340
f 115/593/341 116/594/342 118/595/343 117/596/344
f 117/117/345 118/118/346 120/119/347 119/120/348
f 119/597/349 120/598/350 114/599/351 113/600/352
f 114/1073/353 120/1074/354 118/1075/355 116/1076/356
f 119/1077/357 113/1078/358 115/1079/359 117/1080/360
f 121/121/361 122/122/362 124/123/363 123/124/364
f 123/601/365 124/602/366 126/603/367 125/604/368
f 125/125/369 126/126/370 128/127/371 127/128/372
f 127/605/373 128/606/374 122/607/375 121/608/376
f 122/1081/377 128/1082/378 126/1083/379 124/1084/380
f 127/1085/381 121/1086/382 123/1087/383 125/1088/384
f 129/129/385 130/130/386 132/131/387 131/132/388
f 131/609/389 132/610/390 134/611/391 133/612/392
f 133/133/393 134/134/394 136/135/395 135/136/396
f 135/613/397 136/614/398 130/615/399 129/616/400
f 130/1089/401 136/1090/402 134/1091/403 132/1092/404
f 135/1093/405 129/1094/406 131/1095/407 133/1096/408
f 137/137/409 138/138/410 140/139/411 139/140/412
f 139/617/413 140/618/414 142/619/415 141/620/416
f 141/141/417 142/142/418 144/143/419 143/144/420
f 143/621/421 144/622/422 138/623/423 137/624/424
f 138/1097/425 144/1098/426 142/1099/427 140/1100/428
f 143/1101/429 137/1102/430 139/1103/431 141/1104/432
f 145/145/433 146/146/434 148/147/435 147/148/436
f 147/625/437 148/626/438 150/627/439 149/628/440
f 149/149/441 150/150/442 152/151/443 151/152/444
f 151/629/445 152/630/446 146/631/447 145/632/448
f 146/1105/449 152/1106/450 150/1107/451 148/1108/452
f 151/1109/453 145/1110/454 147/1111/455 149/1112/456
f 153/153/457 154/154/458 156/155/459 155/156/460
f 155/633/461 156/634/462 158/635/463 157/636/464
f 157/157/465 158/158/466 160/159/467 159/160/468
f 159/637/469 160/638/470 154/639/471 153/640/472
f 154/1113/473 160/1114/474 158/1115/475 156/1116/476
f 159/1117/477 153/1118/478 155/1119/479 157/1120/480
f 161/161/481 162/162/482 164/163/483 163/164/484
f 163/641/485 164/642/486 166/643/487 165/644/488
f 165/165/489 166/166/490 168/167/491 167/168/492
f 167/645/493 168/646/494 162/647/495 161/648/496
f 162/1121/497 168/1122/498 166/1123/499 164/1124/500
f 167/1125/501 161/1126/502 163/1127/503 165/1128/504
f 169/169/505 170/170/506 172/171/507 171/172/508
f 171/649/509 172/650/510 174/651/511 173/652/512
f 173/173/513 174/174/514 176/175/515 175/176/516
f 175/653/517 176/654/518 170/655/519 169/656/520
f 170/1129/521 176/1130/522 174/1131/523 172/1132/524
f 175/1133/525 169/1134/526 171/1135/527 173/1136/528
f 177/177/529 178/178/530 180/179/531 179/180/532
f 179/657/533 180/658/534 182/659/535 181/660/536
f 181/181/537 182/182/538 184/183/539 183/184/540
f 183/661/541 184/662/542 178/663/543 177/664/544
f 178/1137/545 184/1138/546 182/1139/547 180/1140/548
f 183/1141/549 177/1142/550 179/1143/551 181/1144/552
f 185/185/553 186/186/554 188/187/555 187/188/556
f 187/665/557 188/666/558 190/667/559 189/668/560
f 189/189/561 190/190/562 192/191/563 191/192/564
f 191/669/565 192/670/566 186/671/567 185/672/568
f 186/1145/569 192/1146/570 190/1147/571 188/1148/572
f 191/1149/573 185/1150/574 187/1151/575 189/1152/576
f 193/193/577 194/194/578 196/195/579 195/196/580
f 195/673/581 196/674/582 198/675/583 197/676/584
f 197/197/585 198/198/586 200/199/587 199/200/588
f 199/677/589 200/678/590 194/679/591 193/680/592
f 194/1153/593 200/1154/594 198/1155/595 196/1156/596
f 199/1157/597 193/1158/598 195/1159/599 197/1160/600
f 201/201/601 202/202/602 204/203/603 203/204/604
f 203/681/605 204/682/606 206/683/607 205/684/608
f 205/205/609 206/206/610 208/207/611 207/208/612
f 207/685/613 208/686/614 202/687/615 201/688/616
f 202/1161/617 208/1162/618 206/1163/619 204/1164/620
f 207/1165/621 201/1166/622 203/1167/623 205/1168/624
f 209/209/625 210/210/626 212/211/627 211/212/628
f 211/689/629 212/690/630 214/691/631 213/692/632
f 213/213/633 214/214/634 216/215/635 215/216/636
f 215/693/637 216/694/638 210/695/639 209/696/640
f 210/1169/641 216/1170/642 214/1171/643 212/1172/644
f 215/1173/645 209/1174/646 211/1175/647 213/1176/648
f 217/217/649 218/218/650 220/219/651 219/220/652
f 219/697/653 220/698/654 222/699/655 221/700/656
f 221/221/657 222/222/658 224/223/659 223/224/660
f 223/701/661 224/702/662 218/703/663 217/704/664
f 218/1177/665 224/1178/666 222/1179/667 220/1180/668
f 223/1181/669 217/1182/670 219/1183/671 221/1184/672
f 225/225/673 226/226/674 228/227/675 227/228/676
f 227/705/677 228/706/678 230/707/679 229/708/680
f 229/229/681 230/230/682 232/231/683 231/232/684
f 231/709/685 232/710/686 226/711/687 225/712/688
f 226/1185/689 232/1186/690 230/1187/691 228/1188/692
f 231/1189/693 225/1190/694 227/1191/695 229/1192/696
f 233/233/697 234/234/698 236/235/699 235/236/700
f 235/713/701 236/714/702 238/715/703 237/716/704
f 237/237/705 238/238/706 240/239/707 239/240/708
f 239/717/709 240/718/710 234/719/711 233/720/712
f 234/1193/713 240/1194/714 238/1195/715 236/1196/716
f 239/1197/717 233/1198/718 235/1199/719 237/1200/720
f 241/241/721 242/242/722 244/243/723 243/244/724
f 243/721/725 244/722/726 246/723/727 245/724/728
f 245/245/729 246/246/730 248/247/731 247/248/732
f 247/725/733 248/726/734 242/727/735 241/728/736
f 242/1201/737 248/1202/738 246/1203/739 244/1204/740
f 247/1205/741 241/1206/742 243/1207/743 245/1208/744
f 249/249/745 250/250/746 252/251/747 251/252/748
f 251/729/749 252/730/750 254/731/751 253/732/752
f 253/253/753 254/254/754 256/255/755 255/256/756
f 255/733/757 256/734/758 250/735/759 249/736/760
f 250/1209/761 256/1210/762 254/1211/763 252/1212/764
f 255/1213/765 249/1214/766 251/1215/767 253/1216/768
f 257/257/769 258/258/770 260/259/771 259/260/772
f 259/737/773 260/738/774 262/739/775 261/740/776
f 261/261/777 262/262/778 264/263/779 263/264/780
f 263/741/781 264/742/782 258/743/783 257/744/784
f 258/1217/785 264/1218/786 262/1219/787 260/1220/788
f 263/1221/789 257/1222/790 259/1223/791 261/1224/792
f 265/265/793 266/266/794 268/267/795 267/268/796
f 267/745/797 268/746/798 270/747/799 269/748/800
f 269/269/801 270/270/802 272/271/803 271/272/804
f 271/749/805 272/750/806 266/751/807 265/752/808
f 266/1225/809 272/1226/810 270/1227/811 268/1228/812
f 271/1229/813 265/1230/814 267/1231/815 269/1232/816
f 273/273/817 274/274/818 276/275/819 275/276/820
f 275/753/821 276/754/822 278/755/823 277/756/824
f 277/277/825 278/278/826 280/279/827 279/280/828
f 279/757/829 280/758/830 274/759/831 273/760/832
f 274/1233/833 280/1234/834 278/1235/835 276/1236/836
f 279/1237/837 273/1238/838 275/1239/839 277/1240/840
f 281/281/841 282/282/842 284/283/843 283/284/844
f 283/761/845 284/762/846 286/763/847 285/764/848
f 285/285/849 286/286/850 288/287/851 287/288/852
f 287/765/853 288/766/854 282/767/855 281/768/856
f 282/1241/857 288/1242/858 286/1243/859 284/1244/860
f 287/1245/861 281/1246/862 283/1247/863 285/1248/864
f 289/289/865 290/290/866 292/291/867 291/292/868
f 291/769/869 292/770/870 294/771/871 293/772/872
f 293/293/873 294/294/874 296/295/875 295/296/876
f 295/773/877 296/774/878 290/775/879 289/776/880
f 290/1249/881 296/1250/882 294/1251/883 292/1252/884
f 295/1253/885 289/1254/886 291/1255/887 293/1256/888
f 297/297/889 298/298/890 300/299/891 299/300/892
f 299/777/893 300/778/894 302/779/895 301/780/896
f 301/301/897 302/302/898 304/303/899 303/304/900
f 303/781/901 304/782/902 298/783/903 297/784/904
f 298/1257/905 304/1258/906 302/1259/907 300/1260/908
f 303/1261/909 297/1262/910 299/1263/911 301/1264/912
f 305/305/913 306/306/914 308/307/915 307/308/916
f 307/785/917 308/786/918 310/787/919 309/788/920
f 309/309/921 310/310/922 312/311/923 311/312/924
f 311/789/925 312/790/926 306/791/927 305/792/928
f 306/1265/929 312/1266/930 310/1267/931 308/1268/932
f 311/1269/933 305/1270/934 307/1271/935 309/1272/936
f 313/313/937 314/314/938 316/315/939 315/316/940
f 315/793/941 316/794/942 318/795/943 317/796/944
f 317/317/945 318/318/946 320/319/947 319/320/948
f 319/797/949 320/798/950 314/799/951 313/800/952
f 314/1273/953 320/1274/954 318/1275/955 316/1276/956
f 319/1277/957 313/1278/958 315/1279/959 317/1280/960
f 321/1281/961 322/1282/962 324/1283/963 323/1284/964
f 323/801/965 324/802/966 326/803/967 325/804/968
f 325/1285/969 326/1286/970 328/1287/971 327/1288/972
f 327/805/973 328/806/974 322/807/975 321/808/976
f 322/321/977 328/322/978 326/323/979 324/324/980
f 327/325/981 321/326/982 323/327/983 325/328/984
f 329/329/985 330/330/986 332/331/987 331/332/988
f 331/809/989 332/810/990 334/811/991 333/812/992
f 333/333/993 334/334/994 336/335/995 335/336/996
f 335/813/997 336/814/998 330/815/999 329/816/1000
f 330/1289/1001 336/1290/1002 334/1291/1003 332/1292/1004
f 335/1293/1005 329/1294/1006 331/1295/1007 333/1296/1008
f 337/1297/1009 338/1298/1010 340/1299/1011 339/1300/1012
f 339/817/1013 340/818/1014 342/819/1015 341/820/1016
f 341/1301/1017 342/1302/1018 344/1303/1019 343/1304/1020
f 343/821/1021 344/822/1022 338/823/1023 337/824/1024
f 338/337/1025 344/338/1026 342/339/1027 340/340/1028
f 343/341/1029 337/342/1030 339/343/1031 341/344/1032
f 345/1305/1033 346/1306/1034 348/1307/1035 347/1308/1036
f 347/825/1037 348/826/1038 350/827/1039 349/828/1040
f 349/1309/1041 350/1310/1042 352/1311/1043 351/1312/1044
f 351/829/1045 352/830/1046 346/831/1047 345/832/1048
f 346/345/1049 352/346/1050 350/347/1051 348/348/1052
f 351/349/1053 345/350/1054 347/351/1055 349/352/1056
f 353/1313/1057 354/1314/1058 356/1315/1059 355/1316/1060
f 355/833/1061 356/834/1062 358/835/1063 357/836/1064
f 357/1317/1065 358/1318/1066 360/1319/1067 359/1320/1068
f 359/837/1069 360/838/1070 354/839/1071 353/840/1072
f 354/353/1073 360/354/1074 358/355/1075 356/356/1076
f 359/357/1077 353/358/1078 355/359/1079 357/360/1080
f 361/1321/1081 362/1322/1082 364/1323/1083 363/1324/1084
f 363/841/1085 364/842/1086 366/843/1087 365/844/1088
f 365/1325/1089 366/1326/1090 368/1327/1091 367/1328/1092
f 367/845/1093 368/846/1094 362/847/1095 361/848/1096
f 362/361/1097 368/362/1098 366/363/1099 364/364/1100
f 367/365/1101 361/366/1102 363/367/1103 365/368/1104
f 369/1329/1105 370/1330/1106 372/1331/1107 371/1332/1108
f 371/849/1109 372/850/1110 374/851/1111 373/852/1112
f 373/1333/1113 374/1334/1114 376/1335/1115 375/1336/1116
f 375/853/1117 376/854/1118 370/855/1119 369/856/1120
f 370/369/1121 376/370/1122 374/371/1123 372/372/1124
f 375/373/1125 369/374/1126 371/375/1127 373/376/1128
f 377/1337/1129 378/1338/1130 380/1339/1131 379/1340/1132
f 379/857/1133 380/858/1134 382/859/1135 381/860/1136
f 381/1341/1137 382/1342/1138 384/1343/1139 383/1344/1140
f 383/861/1141 384/862/1142 378/863/1143 377/864/1144
f 378/377/1145 384/378/1146 382/379/1147 380/380/1148
f 383/381/1149 377/382/1150 379/383/1151 381/384/1152
f 385/1345/1153 386/1346/1154 388/1347/1155 387/1348/1156
f 387/865/1157 388/866/1158 390/867/1159 389/868/1160
f 389/1349/1161 390/1350/1162 392/1351/1163 391/1352/1164
f 391/869/1165 392/870/1166 386/871/1167 385/872/1168
f 386/385/1169 392/386/1170 390/387/1171 388/388/1172
f 391/389/1173 385/390/1174 387/391/1175 389/392/1176
f 393/1353/1177 394/1354/1178 396/1355/1179 395/1356/1180
f 395/873/1181 396/874/1182 398/875/1183 397/876/1184
f 397/1357/1185 398/1358/1186 400/1359/1187 399/1360/1188
f 399/877/1189 400/878/1190 394/879/1191 393/880/1192
f 394/393/1193 400/394/1194 398/395/1195 396/396/1196
f 399/397/1197 393/398/1198 395/399/1199 397/400/1200
f 401/1361/1201 402/1362/1202 404/1363/1203 403/1364/1204
f 403/881/1205 404/882/1206 406/883/1207 405/884/1208
f 405/1365/1209 406/1366/1210 408/1367/1211 407/1368/1212
f 407/885/1213 408/886/1214 402/887/1215 401/888/1216
f 402/401/1217 408/402/1218 406/403/1219 404/404/1220
f 407/405/1221 401/406/1222 403/407/1223 405/408/1224
f 409/1369/1225 410/1370/1226 412/1371/1227 411/1372/1228
f 411/889/1229 412/890/1230 414/891/1231 413/892/1232
f 413/1373/1233 414/1374/1234 416/1375/1235 415/1376/1236
f 415/893/1237 416/894/1238 410/895/1239 409/896/1240
f 410/409/1241 416/410/1242 414/411/1243 412/412/1244
f 415/413/1245 409/414/1246 411/415/1247 413/416/1248
f 417/1377/1249 418/1378/1250 420/1379/1251 419/1380/1252
f 419/897/1253 420/898/1254 422/899/1255 421/900/1256
f 421/1381/1257 422/1382/1258 424/1383/1259 423/1384/1260
f 423/901/1261 424/902/1262 418/903/1263 417/904/1264
f 418/417/1265 424/418/1266 422/419/1267 420/420/1268
f 423/421/1269 417/422/1270 419/423/1271 421/424/1272
f 425/1385/1273 426/1386/1274 428/1387/1275 427/1388/1276
f 427/905/1277 428/906/1278 430/907/1279 429/908/1280
f 429/1389/1281 430/1390/1282 432/1391/1283 431/1392/1284
f 431/909/1285 432/910/1286 426/911/1287 425/912/1288
f 426/425/1289 432/426/1290 430/427/1291 428/428/1292
f 431/429/1293 425/430/1294 427/431/1295 429/432/1296
f 433/1393/1297 434/1394/1298 436/1395/1299 435/1396/1300
f 435/913/1301 436/914/1302 438/915/1303 437/916/1304
f 437/1397/1305 438/1398/1306 440/1399/1307 439/1400/1308
f 439/917/1309 440/918/1310 434/919/1311 433/920/1312
f 434/433/1313 440/434/1314 438/435/1315 436/436/1316
f 439/437/1317 433/438/1318 435/439/1319 437/440/1320
f 441/1401/1321 442/1402/1322 444/1403/1323 443/1404/1324
f 443/921/1325 444/922/1326 446/923/1327 445/924/1328
f 445/1405/1329 446/1406/1330 448/1407/1331 447/1408/1332
f 447/925/1333 448/926/1334 442/927/1335 441/928/1336
f 442/441/1337 448/442/1338 446/443/1339 444/444/1340
f 447/445/1341 441/446/1342 443/447/1343 445/448/1344
f 449/1409/1345 450/1410/1346 452/1411/1347 451/1412/1348
f 451/929/1349 452/930/1350 454/931/1351 453/932/1352
f 453/1413/1353 454/1414/1354 456/1415/1355 455/1416/1356
f 455/933/1357 456/934/1358 450/935/1359 449/936/1360
f 450/449/1361 456/450/1362 454/451/1363 452/452/1364
f 455/453/1365 449/454/1366 451/455/1367 453/456/1368
f 457/1417/1369 458/1418/1370 460/1419/1371 459/1420/1372
f 459/937/1373 460/938/1374 462/939/1375 461/940/1376
f 461/1421/1377 462/1422/1378 464/1423/1379 463/1424/1380
f 463/941/1381 464/942/1382 458/943/1383 457/944/1384
f 458/457/1385 464/458/1386 462/459/1387 460/460/1388
f 463/461/1389 457/462/1390 459/463/1391 461/464/1392
f 465/1425/1393 466/1426/1394 468/1427/1395 467/1428/1396
f 467/945/1397 468/946/1398 470/947/1399 469/948/1400
f 469/1429/1401 470/1430/1402 472/1431/1403 471/1432/1404
f 471/949/1405 472/950/1406 466/951/1407 465/952/1408
f 466/465/1409 472/466/1410 470/467/1411 468/468/1412
f 471/469/1413 465/470/1414 467/471/1415 469/472/1416
f 473/1433/1417 474/1434/1418 476/1435/1419 475/1436/1420
f 475/953/1421 476/954/1422 478/955/1423 477/956/1424
f 477/1437/1425 478/1438/1426 480/1439/1427 479/1440/1428
f 479/957/1429 480/958/1430 474/959/1431 473/960/1432
f 474/473/1433 480/474/1434 478/475/1435 476/476/1436
f 479/477/1437 473/478/1438 475/479/1439 477/480/1440
g default
v 10.760015 -0.056581 -11.304945
v 10.750140 -0.056581 -11.324326
v 10.734759 -0.056581 -11.339706
v 10.715378 -0.056581 -11.349582
v 10.693894 -0.056581 -11.352984
v 10.672410 -0.056581 -11.349582
v 10.653029 -0.056581 -11.339706
v 10.637648 -0.056581 -11.324326
v 10.627773 -0.056581 -11.304944
v 10.624370 -0.056581 -11.283460
v 10.627773 -0.056581 -11.261976
v 10.637648 -0.056581 -11.242595
v 10.653029 -0.056581 -11.227214
v 10.672410 -0.056581 -11.217339
v 10.693894 -0.056581 -11.213937
v 10.715378 -0.056581 -11.217339
v 10.734759 -0.056581 -11.227214
v 10.750140 -0.056581 -11.242595
v 10.760015 -0.056581 -11.261976
v 10.763418 -0.056581 -11.283460
v 10.824508 -0.040300 -11.325900
v 10.805001 -0.040300 -11.364184
v 10.774618 -0.040300 -11.394568
v 10.736333 -0.040300 -11.414075
v 10.693894 -0.040300 -11.420796
v 10.651455 -0.040300 -11.414075
v 10.613170 -0.040300 -11.394567
v 10.582787 -0.040300 -11.364184
v 10.563280 -0.040300 -11.325900
v 10.556558 -0.040300 -11.283460
v 10.563280 -0.040300 -11.241021
v 10.582787 -0.040300 -11.202736
v 10.613170 -0.040300 -11.172353
v 10.651455 -0.040300 -11.152846
v 10.693894 -0.040300 -11.146125
v 10.736333 -0.040300 -11.152846
v 10.774618 -0.040300 -11.172353
v 10.805001 -0.040300 -11.202736
v 10.824508 -0.040300 -11.241021
v 10.831230 -0.040300 -11.283460
v 10.885785 -0.013612 -11.345810
v 10.857126 -0.013612 -11.402056
v 10.812489 -0.013612 -11.446693
v 10.756243 -0.013612 -11.475352
v 10.693894 -0.013612 -11.485227
v 10.631545 -0.013612 -11.475351
v 10.575299 -0.013612 -11.446693
v 10.530662 -0.013612 -11.402056
v 10.502003 -0.013612 -11.345810
v 10.492128 -0.013612 -11.283460
v 10.502003 -0.013612 -11.221111
v 10.530662 -0.013612 -11.164865
v 10.575299 -0.013612 -11.120228
v 10.631545 -0.013612 -11.091569
v 10.693894 -0.013612 -11.081694
v 10.756243 -0.013612 -11.091569
v 10.812489 -0.013612 -11.120228
v 10.857126 -0.013612 -11.164865
v 10.885785 -0.013612 -11.221111
v 10.895660 -0.013612 -11.283460
v 10.942337 0.022826 -11.364184
v 10.905232 0.022826 -11.437007
v 10.847440 0.022826 -11.494799
v 10.774618 0.022826 -11.531903
v 10.693894 0.022826 -11.544689
v 10.613170 0.022826 -11.531903
v 10.540348 0.022826 -11.494799
v 10.482556 0.022826 -11.437007
v 10.445451 0.022826 -11.364184
v 10.432666 0.022826 -11.283460
v 10.445451 0.022826 -11.202736
v 10.482556 0.022826 -11.129914
v 10.540348 0.022826 -11.072122
v 10.613170 0.022826 -11.035018
v 10.693894 0.022826 -11.022232
v 10.774618 0.022826 -11.035018
v 10.847440 0.022826 -11.072122
v 10.905232 0.022826 -11.129914
v 10.942337 0.022826 -11.202736
v 10.955122 0.022826 -11.283460
v 10.992771 0.068118 -11.380572
v 10.948134 0.068118 -11.468177
v 10.878610 0.068118 -11.537701
v 10.791005 0.068118 -11.582338
v 10.693894 0.068118 -11.597719
v 10.596783 0.068118 -11.582338
v 10.509178 0.068118 -11.537701
v 10.439654 0.068118 -11.468177
v 10.395017 0.068118 -11.380572
v 10.379636 0.068118 -11.283460
v 10.395017 0.068118 -11.186349
v 10.439654 0.068118 -11.098744
v 10.509178 0.068118 -11.029220
v 10.596783 0.068118 -10.984583
v 10.693894 0.068118 -10.969202
v 10.791005 0.068118 -10.984583
v 10.878610 0.068118 -11.029220
v 10.948134 0.068118 -11.098744
v 10.992771 0.068118 -11.186349
v 11.008152 0.068118 -11.283460
v 11.035847 0.121148 -11.394568
v 10.984776 0.121148 -11.494799
v 10.905232 0.121148 -11.574343
v 10.805001 0.121148 -11.625413
v 10.693894 0.121148 -11.643010
v 10.582787 0.121148 -11.625413
v 10.482556 0.121148 -11.574342
v 10.403012 0.121148 -11.494799
v 10.351942 0.121148 -11.394567
v 10.334344 0.121148 -11.283460
v 10.351942 0.121148 -11.172353
v 10.403012 0.121148 -11.072122
v 10.482556 0.121148 -10.992578
v 10.582787 0.121148 -10.941508
v 10.693894 0.121148 -10.923911
v 10.805001 0.121148 -10.941508
v 10.905232 0.121148 -10.992578
v 10.984776 0.121148 -11.072122
v 11.035846 0.121148 -11.172353
v 11.053444 0.121148 -11.283460
v 11.070502 0.180610 -11.405828
v 11.014256 0.180610 -11.516217
v 10.926650 0.180610 -11.603822
v 10.816261 0.180610 -11.660068
v 10.693894 0.180610 -11.679449
v 10.571527 0.180610 -11.660068
v 10.461138 0.180610 -11.603822
v 10.373533 0.180610 -11.516217
v 10.317287 0.180610 -11.405828
v 10.297906 0.180610 -11.283460
v 10.317287 0.180610 -11.161093
v 10.373533 0.180610 -11.050704
v 10.461138 0.180610 -10.963099
v 10.571527 0.180610 -10.906853
v 10.693894 0.180610 -10.887472
v 10.816261 0.180610 -10.906853
v 10.926650 0.180610 -10.963099
v 11.014255 0.180610 -11.050704
v 11.070501 0.180610 -11.161093
v 11.089882 0.180610 -11.283460
v 11.095883 0.245040 -11.414075
v 11.035847 0.245040 -11.531903
v 10.942337 0.245040 -11.625413
v 10.824508 0.245040 -11.685450
v 10.693894 0.245040 -11.706137
v 10.563280 0.245040 -11.685450
v 10.445451 0.245040 -11.625413
v 10.351942 0.245040 -11.531903
v 10.291905 0.245040 -11.414075
v 10.271218 0.245040 -11.283460
v 10.291905 0.245040 -11.152846
v 10.351942 0.245040 -11.035018
v 10.445451 0.245040 -10.941508
v 10.563280 0.245040 -10.881471
v 10.693894 0.245040 -10.860784
v 10.824508 0.245040 -10.881471
v 10.942337 0.245040 -10.941508
v 11.035846 0.245040 -11.035018
v 11.095883 0.245040 -11.152846
v 11.116570 0.245040 -11.283460
v 11.111367 0.312852 -11.419106
v 11.049017 0.312852 -11.541473
v 10.951906 0.312852 -11.638584
v 10.829539 0.312852 -11.700933
v 10.693894 0.312852 -11.722417
v 10.558249 0.312852 -11.700933
v 10.435882 0.312852 -11.638584
v 10.338771 0.312852 -11.541473
v 10.276422 0.312852 -11.419105
v 10.254938 0.312852 -11.283460
v 10.276422 0.312852 -11.147815
v 10.338771 0.312852 -11.025448
v 10.435882 0.312852 -10.928337
v 10.558249 0.312852 -10.865988
v 10.693894 0.312852 -10.844504
v 10.829539 0.312852 -10.865988
v 10.951906 0.312852 -10.928337
v 11.049017 0.312852 -11.025448
v 11.111366 0.312852 -11.147815
v 11.132850 0.312852 -11.283460
v 11.116571 0.382376 -11.420796
v 11.053444 0.382376 -11.544689
v 10.955122 0.382376 -11.643010
v 10.831230 0.382376 -11.706137
v 10.693894 0.382376 -11.727889
v 10.556558 0.382376 -11.706137
v 10.432666 0.382376 -11.643010
v 10.334344 0.382376 -11.544689
v 10.271218 0.382376 -11.420796
v 10.249466 0.382376 -11.283460
v 10.271218 0.382376 -11.146125
v 10.334344 0.382376 -11.022232
v 10.432666 0.382376 -10.923911
v 10.556558 0.382376 -10.860784
v 10.693894 0.382376 -10.839032
v 10.831230 0.382376 -10.860784
v 10.955122 0.382376 -10.923911
v 11.053444 0.382376 -11.022232
v 11.116570 0.382376 -11.146125
v 11.138322 0.382376 -11.283460
v 11.111367 0.451900 -11.419106
v 11.049017 0.451900 -11.541473
v 10.951906 0.451900 -11.638584
v 10.829539 0.451900 -11.700933
v 10.693894 0.451900 -11.722417
v 10.558249 0.451900 -11.700933
v 10.435882 0.451900 -11.638584
v 10.338771 0.451900 -11.541473
v 10.276422 0.451900 -11.419105
v 10.254938 0.451900 -11.283460
v 10.276422 0.451900 -11.147815
v 10.338771 0.451900 -11.025448
v 10.435882 0.451900 -10.928337
v 10.558249 0.451900 -10.865988
v 10.693894 0.451900 -10.844504
v 10.829539 0.451900 -10.865988
v 10.951906 0.451900 -10.928337
v 11.049017 0.451900 -11.025448
v 11.111366 0.451900 -11.147815
v 11.132850 0.451900 -11.283460
v 11.095883 0.519712 -11.414075
v 11.035847 0.519712 -11.531903
v 10.942337 0.519712 -11.625413
v 10.824508 0.519712 -11.685450
v 10.693894 0.519712 -11.706137
v 10.563280 0.519712 -11.685450
v 10.445451 0.519712 -11.625413
v 10.351942 0.519712 -11.531903
v 10.291905 0.519712 -11.414075
v 10.271218 0.519712 -11.283460
v 10.291905 0.519712 -11.152846
v 10.351942 0.519712 -11.035018
v 10.445451 0.519712 -10.941508
v 10.563280 0.519712 -10.881471
v 10.693894 0.519712 -10.860784
v 10.824508 0.519712 -10.881471
v 10.942337 0.519712 -10.941508
v 11.035846 0.519712 -11.035018
v 11.095883 0.519712 -11.152846
v 11.116570 0.519712 -11.283460
v 11.070502 0.584142 -11.405828
v 11.014256 0.584142 -11.516217
v 10.926650 0.584142 -11.603822
v 10.816261 0.584142 -11.660068
v 10.693894 0.584142 -11.679449
v 10.571527 0.584142 -11.660068
v 10.461138 0.584142 -11.603822
v 10.373533 0.584142 -11.516217
v 10.317287 0.584142 -11.405828
v 10.297906 0.584142 -11.283460
v 10.317287 0.584142 -11.161093
v 10.373533 0.584142 -11.050704
v 10.461138 0.584142 -10.963099
v 10.571527 0.584142 -10.906853
v 10.693894 0.584142 -10.887472
v 10.816261 0.584142 -10.906853
v 10.926650 0.584142 -10.963099
v 11.014255 0.584142 -11.050704
v 11.070501 0.584142 -11.161093
v 11.089882 0.584142 -11.283460
v 11.035847 0.643604 -11.394568
v 10.984776 0.643604 -11.494799
v 10.905232 0.643604 -11.574343
v 10.805001 0.643604 -11.625413
v 10.693894 0.643604 -11.643010
v 10.582787 0.643604 -11.625413
v 10.482556 0.643604 -11.574342
v 10.403012 0.643604 -11.494799
v 10.351942 0.643604 -11.394567
v 10.334344 0.643604 -11.283460
v 10.351942 0.643604 -11.172353
v 10.403012 0.643604 -11.072122
v 10.482556 0.643604 -10.992578
v 10.582787 0.643604 -10.941508
v 10.693894 0.643604 -10.923911
v 10.805001 0.643604 -10.941508
v 10.905232 0.643604 -10.992578
v 10.984776 0.643604 -11.072122
v 11.035846 0.643604 -11.172353
v 11.053444 0.643604 -11.283460
v 10.992771 0.696634 -11.380572
v 10.948134 0.696634 -11.468177
v 10.878610 0.696634 -11.537701
v 10.791005 0.696634 -11.582338
v 10.693894 0.696634 -11.597719
v 10.596783 0.696634 -11.582338
v 10.509178 0.696634 -11.537701
v 10.439654 0.696634 -11.468177
v 10.395017 0.696634 -11.380572
v 10.379636 0.696634 -11.283460
v 10.395017 0.696634 -11.186349
v 10.439654 0.696634 -11.098744
v 10.509178 0.696634 -11.029220
v 10.596783 0.696634 -10.984583
v 10.693894 0.696634 -10.969202
v 10.791005 0.696634 -10.984583
v 10.878610 0.696634 -11.029220
v 10.948134 0.696634 -11.098744
v 10.992771 0.696634 -11.186349
v 11.008152 0.696634 -11.283460
v 10.942337 0.741926 -11.364184
v 10.905232 0.741926 -11.437007
v 10.847440 0.741926 -11.494799
v 10.774618 0.741926 -11.531903
v 10.693894 0.741926 -11.544689
v 10.613170 0.741926 -11.531903
v 10.540348 0.741926 -11.494799
v 10.482556 0.741926 -11.437007
v 10.445451 0.741926 -11.364184
v 10.432666 0.741926 -11.283460
v 10.445451 0.741926 -11.202736
v 10.482556 0.741926 -11.129914
v 10.540348 0.741926 -11.072122
v 10.613170 0.741926 -11.035018
v 10.693894 0.741926 -11.022232
v 10.774618 0.741926 -11.035018
v 10.847440 0.741926 -11.072122
v 10.905232 0.741926 -11.129914
v 10.942337 0.741926 -11.202736
v 10.955122 0.741926 -11.283460
v 10.885785 0.778364 -11.345810
v 10.857126 0.778364 -11.402056
v 10.812489 0.778364 -11.446693
v 10.756243 0.778364 -11.475352
v 10.693894 0.778364 -11.485227
v 10.631545 0.778364 -11.475351
v 10.575299 0.778364 -11.446693
v 10.530662 0.778364 -11.402056
v 10.502003 0.778364 -11.345810
v 10.492128 0.778364 -11.283460
v 10.502003 0.778364 -11.221111
v 10.530662 0.778364 -11.164865
v 10.575299 0.778364 -11.120228
v 10.631545 0.778364 -11.091569
v 10.693894 0.778364 -11.081694
v 10.756243 0.778364 -11.091569
v 10.812489 0.778364 -11.120228
v 10.857126 0.778364 -11.164865
v 10.885785 0.778364 -11.221111
v 10.895660 0.778364 -11.283460
v 10.824508 0.805052 -11.325900
v 10.805001 0.805052 -11.364184
v 10.774618 0.805052 -11.394568
v 10.736333 0.805052 -11.414075
v 10.693894 0.805052 -11.420796
v 10.651455 0.805052 -11.414075
v 10.613170 0.805052 -11.394567
v 10.582787 0.805052 -11.364184
v 10.563280 0.805052 -11.325900
v 10.556558 0.805052 -11.283460
v 10.563280 0.805052 -11.241021
v 10.582787 0.805052 -11.202736
v 10.613170 0.805052 -11.172353
v 10.651455 0.805052 -11.152846
v 10.693894 0.805052 -11.146125
v 10.736333 0.805052 -11.152846
v 10.774618 0.805052 -11.172353
v 10.805001 0.805052 -11.202736
v 10.824508 0.805052 -11.241021
v 10.831230 0.805052 -11.283460
v 10.760015 0.821332 -11.304945
v 10.750140 0.821332 -11.324326
v 10.734759 0.821332 -11.339706
v 10.715378 0.821332 -11.349582
v 10.693894 0.821332 -11.352984
v 10.672410 0.821332 -11.349582
v 10.653029 0.821332 -11.339706
v 10.637648 0.821332 -11.324326
v 10.627773 0.821332 -11.304944
v 10.624370 0.821332 -11.283460
v 10.627773 0.821332 -11.261976
v 10.637648 0.821332 -11.242595
v 10.653029 0.821332 -11.227214
v 10.672410 0.821332 -11.217339
v 10.693894 0.821332 -11.213937
v 10.715378 0.821332 -11.217339
v 10.734759 0.821332 -11.227214
v 10.750140 0.821332 -11.242595
v 10.760015 0.821332 -11.261976
v 10.763418 0.821332 -11.283460
v 10.693894 -0.062052 -11.283460
v 10.693894 0.826804 -11.283460
vt 0.845177 0.536451
vt 0.904565 0.536451
vt 0.913005 0.571114
vt 0.849614 0.571114
vt 0.839119 0.504461
vt 0.893043 0.504461
vt 0.951697 0.536451
vt 0.963312 0.571114
vt 0.918153 0.607597
vt 0.852320 0.607597
vt 0.779344 0.536451
vt 0.779344 0.571114
vt 0.831589 0.475931
vt 0.878720 0.475931
vt 0.935837 0.504461
vt 0.779344 0.504461
vt 0.970398 0.607597
vt 0.919883 0.645000
vt 0.853230 0.645000
vt 0.779344 0.607597
vt 0.713511 0.536451
vt 0.709074 0.571114
vt 0.822773 0.451564
vt 0.861951 0.451564
vt 0.916124 0.475931
vt 0.779344 0.475931
vt 0.719569 0.504461
vt 0.972780 0.645000
vt 0.918153 0.682404
vt 0.852320 0.682404
vt 0.779344 0.645000
vt 0.706367 0.607597
vt 0.654123 0.536451
vt 0.645683 0.571114
vt 0.779344 0.451564
vt 0.727099 0.475931
vt 0.665645 0.504461
vt 0.970398 0.682404
vt 0.913005 0.718886
vt 0.849614 0.718886
vt 0.779344 0.682404
vt 0.705458 0.645000
vt 0.640535 0.607597
vt 0.606991 0.536451
vt 0.595376 0.571114
vt 0.779344 0.431961
vt 0.812888 0.431961
vt 0.735915 0.451564
vt 0.679968 0.475931
vt 0.622851 0.504461
vt 0.963312 0.718886
vt 0.904565 0.753549
vt 0.845177 0.753549
vt 0.779344 0.718886
vt 0.706367 0.682404
vt 0.638805 0.645000
vt 0.588290 0.607597
vt 0.745800 0.431961
vt 0.696737 0.451564
vt 0.642564 0.475931
vt 0.951697 0.753549
vt 0.893043 0.785539
vt 0.839119 0.785539
vt 0.779344 0.753549
vt 0.709074 0.718886
vt 0.640535 0.682404
vt 0.585908 0.645000
vt 0.935837 0.785539
vt 0.878720 0.814069
vt 0.831589 0.814069
vt 0.779344 0.785539
vt 0.713511 0.753549
vt 0.645683 0.718886
vt 0.588290 0.682404
vt 0.916124 0.814069
vt 0.861951 0.838435
vt 0.822773 0.838435
vt 0.779344 0.814069
vt 0.719569 0.785539
vt 0.654123 0.753549
vt 0.595376 0.718886
vt 0.779344 0.838435
vt 0.727099 0.814069
vt 0.665645 0.785539
vt 0.606991 0.753549
vt 0.812888 0.858039
vt 0.779344 0.858039
vt 0.735915 0.838435
vt 0.679968 0.814069
vt 0.622851 0.785539
vt 0.745800 0.858039
vt 0.696737 0.838435
vt 0.642564 0.814069
vt 0.351500 0.106482
vt 0.410888 0.106482
vt 0.406451 0.141145
vt 0.343060 0.141145
vt 0.363022 0.074492
vt 0.416946 0.074492
vt 0.476721 0.106482
vt 0.476721 0.141145
vt 0.403745 0.177628
vt 0.337912 0.177628
vt 0.304369 0.106482
vt 0.292753 0.141145
vt 0.377345 0.045962
vt 0.424476 0.045962
vt 0.476721 0.074492
vt 0.320228 0.074492
vt 0.542554 0.106482
vt 0.546990 0.141145
vt 0.476721 0.177628
vt 0.402835 0.215031
vt 0.336182 0.215031
vt 0.285667 0.177628
vt 0.394114 0.021596
vt 0.433292 0.021596
vt 0.476721 0.045962
vt 0.339941 0.045962
vt 0.536496 0.074492
vt 0.601942 0.106482
vt 0.610382 0.141145
vt 0.549697 0.177628
vt 0.476721 0.215031
vt 0.403745 0.252435
vt 0.337912 0.252435
vt 0.283285 0.215031
vt 0.476721 0.021596
vt 0.528966 0.045962
vt 0.590420 0.074492
vt 0.649073 0.106482
vt 0.660689 0.141145
vt 0.615530 0.177628
vt 0.550607 0.215031
vt 0.476721 0.252435
vt 0.406451 0.288917
vt 0.343060 0.288917
vt 0.285667 0.252435
vt 0.443178 0.001992
vt 0.476721 0.001992
vt 0.520150 0.021596
vt 0.576097 0.045962
vt 0.633214 0.074492
vt 0.667775 0.177628
vt 0.617260 0.215031
vt 0.549697 0.252435
vt 0.476721 0.288917
vt 0.410888 0.323580
vt 0.351500 0.323580
vt 0.292753 0.288917
vt 0.510264 0.001992
vt 0.559328 0.021596
vt 0.613500 0.045962
vt 0.670156 0.215031
vt 0.615530 0.252435
vt 0.546990 0.288917
vt 0.476721 0.323580
vt 0.416946 0.355570
vt 0.363022 0.355570
vt 0.304369 0.323580
vt 0.667775 0.252435
vt 0.610382 0.288917
vt 0.542554 0.323580
vt 0.476721 0.355570
vt 0.424476 0.384100
vt 0.377345 0.384100
vt 0.320228 0.355570
vt 0.660689 0.288917
vt 0.601942 0.323580
vt 0.536496 0.355570
vt 0.476721 0.384100
vt 0.433292 0.408467
vt 0.394114 0.408467
vt 0.339941 0.384100
vt 0.649073 0.323580
vt 0.590420 0.355570
vt 0.528966 0.384100
vt 0.476721 0.408467
vt 0.633214 0.355570
vt 0.576097 0.384100
vt 0.520150 0.408467
vt 0.476721 0.428070
vt 0.443178 0.428070
vt 0.613500 0.384100
vt 0.559328 0.408467
vt 0.510264 0.428070
vt 0.174294 0.203473
vt 0.168982 0.193046
vt 0.198496 0.171603
vt 0.208991 0.192199
vt 0.138721 0.215031
vt 0.160707 0.184771
vt 0.182150 0.155257
vt 0.226539 0.151228
vt 0.241958 0.181488
vt 0.176125 0.215031
vt 0.212607 0.215031
vt 0.150280 0.179458
vt 0.161553 0.144762
vt 0.202525 0.127213
vt 0.252420 0.132425
vt 0.272382 0.171603
vt 0.247270 0.215031
vt 0.174294 0.226590
vt 0.208991 0.237863
vt 0.138721 0.177628
vt 0.138721 0.141146
vt 0.172265 0.111795
vt 0.221328 0.101333
vt 0.241957 0.248575
vt 0.168981 0.237017
vt 0.198496 0.258460
vt 0.127163 0.179458
vt 0.115889 0.144762
vt 0.138721 0.106482
vt 0.182150 0.081371
vt 0.238098 0.078252
vt 0.275501 0.115655
vt 0.226539 0.278835
vt 0.160707 0.245291
vt 0.182150 0.274806
vt 0.116736 0.184772
vt 0.095292 0.155257
vt 0.105178 0.111795
vt 0.138721 0.074492
vt 0.190967 0.054237
vt 0.272382 0.258460
vt 0.252420 0.297638
vt 0.202525 0.302849
vt 0.150280 0.250604
vt 0.161553 0.285301
vt 0.108461 0.193046
vt 0.078947 0.171603
vt 0.074918 0.127213
vt 0.095292 0.081371
vt 0.138721 0.045962
vt 0.198496 0.031063
vt 0.252420 0.058539
vt 0.221328 0.328730
vt 0.172265 0.318268
vt 0.138721 0.252435
vt 0.138721 0.288917
vt 0.103149 0.203473
vt 0.068452 0.192199
vt 0.050903 0.151228
vt 0.056114 0.101333
vt 0.086476 0.054237
vt 0.138721 0.021596
vt 0.204554 0.012419
vt 0.263943 0.042679
vt 0.275501 0.314408
vt 0.238098 0.351811
vt 0.182150 0.348692
vt 0.138721 0.323580
vt 0.127163 0.250604
vt 0.115889 0.285301
vt 0.101318 0.215031
vt 0.064836 0.215031
vt 0.035485 0.181488
vt 0.025023 0.132425
vt 0.039345 0.078252
vt 0.078947 0.031063
vt 0.138721 0.001992
vt 0.190967 0.375825
vt 0.138721 0.355570
vt 0.105178 0.318268
vt 0.116736 0.245291
vt 0.095292 0.274806
vt 0.103149 0.226590
vt 0.068452 0.237863
vt 0.030172 0.215031
vt 0.005061 0.171603
vt 0.001942 0.115655
vt 0.025023 0.058539
vt 0.072889 0.012419
vt 0.252420 0.371524
vt 0.198496 0.399000
vt 0.138721 0.384100
vt 0.095292 0.348692
vt 0.074918 0.302849
vt 0.108461 0.237017
vt 0.078947 0.258460
vt 0.035485 0.248575
vt 0.013500 0.042679
vt 0.263943 0.387384
vt 0.204554 0.417644
vt 0.138721 0.408467
vt 0.086476 0.375825
vt 0.056114 0.328730
vt 0.050903 0.278835
vt 0.138721 0.428071
vt 0.078947 0.399000
vt 0.039345 0.351811
vt 0.025023 0.297638
vt 0.005061 0.258460
vt 0.072889 0.417644
vt 0.025023 0.371524
vt 0.001942 0.314408
vt 0.013500 0.387384
vt 0.579928 0.744376
vt 0.542524 0.781779
vt 0.525755 0.758698
vt 0.556847 0.727607
vt 0.495393 0.805794
vt 0.486577 0.778661
vt 0.506952 0.732817
vt 0.530966 0.708803
vt 0.556847 0.801493
vt 0.502923 0.828968
vt 0.443148 0.814069
vt 0.443148 0.785539
vt 0.476692 0.748236
vt 0.486577 0.704774
vt 0.502923 0.688429
vt 0.576809 0.688429
vt 0.546385 0.678543
vt 0.568370 0.817352
vt 0.508981 0.847612
vt 0.443148 0.838435
vt 0.390903 0.805794
vt 0.399719 0.778661
vt 0.443148 0.753548
vt 0.465980 0.715270
vt 0.465134 0.675260
vt 0.473408 0.666985
vt 0.513418 0.667832
vt 0.443148 0.858039
vt 0.383373 0.828968
vt 0.343772 0.781779
vt 0.360541 0.758698
vt 0.409605 0.748236
vt 0.443148 0.718886
vt 0.454707 0.680573
vt 0.443148 0.645000
vt 0.478721 0.656558
vt 0.551697 0.645000
vt 0.517034 0.645000
vt 0.377316 0.847612
vt 0.329450 0.801493
vt 0.306369 0.744376
vt 0.329450 0.727607
vt 0.379345 0.732817
vt 0.420316 0.715270
vt 0.443148 0.682403
vt 0.480552 0.645000
vt 0.546384 0.611456
vt 0.513418 0.622168
vt 0.317927 0.817352
vt 0.355330 0.708803
vt 0.399719 0.704774
vt 0.431590 0.680573
vt 0.478721 0.633441
vt 0.530966 0.581196
vt 0.502923 0.601571
vt 0.309488 0.688429
vt 0.339912 0.678543
vt 0.383373 0.688429
vt 0.421163 0.675260
vt 0.473408 0.623014
vt 0.556847 0.562393
vt 0.576809 0.601571
vt 0.506952 0.557182
vt 0.486577 0.585225
vt 0.372879 0.667832
vt 0.412888 0.666985
vt 0.465134 0.614739
vt 0.525755 0.531301
vt 0.476692 0.541764
vt 0.465980 0.574730
vt 0.334599 0.645000
vt 0.369262 0.645000
vt 0.407576 0.656558
vt 0.454707 0.609427
vt 0.542524 0.508220
vt 0.579928 0.545623
vt 0.486577 0.511339
vt 0.443148 0.536451
vt 0.443148 0.571114
vt 0.339912 0.611456
vt 0.372879 0.622168
vt 0.405745 0.645000
vt 0.443148 0.607596
vt 0.495393 0.484205
vt 0.443148 0.504461
vt 0.409605 0.541764
vt 0.420316 0.574730
vt 0.355330 0.581196
vt 0.383373 0.601571
vt 0.407576 0.633441
vt 0.431590 0.609427
vt 0.502923 0.461032
vt 0.556847 0.488507
vt 0.443148 0.475931
vt 0.399719 0.511339
vt 0.379345 0.557182
vt 0.399719 0.585225
vt 0.309488 0.601571
vt 0.329450 0.562393
vt 0.412888 0.623014
vt 0.421163 0.614739
vt 0.508981 0.442388
vt 0.568370 0.472647
vt 0.443148 0.451564
vt 0.390903 0.484205
vt 0.360541 0.531301
vt 0.443148 0.431961
vt 0.383373 0.461032
vt 0.343772 0.508220
vt 0.306369 0.545623
vt 0.377316 0.442388
vt 0.329450 0.488507
vt 0.317927 0.472647
vt 0.300389 0.447277
vt 0.300389 0.506666
vt 0.265725 0.502230
vt 0.265725 0.438838
vt 0.300389 0.572499
vt 0.265725 0.572499
vt 0.229243 0.499523
vt 0.229243 0.433690
vt 0.300389 0.638332
vt 0.265725 0.642768
vt 0.229243 0.572499
vt 0.191839 0.498614
vt 0.191839 0.431961
vt 0.300389 0.697721
vt 0.265725 0.706160
vt 0.229243 0.645475
vt 0.191839 0.572499
vt 0.154436 0.499523
vt 0.154436 0.433690
vt 0.229243 0.711308
vt 0.191839 0.646384
vt 0.154436 0.572499
vt 0.117954 0.502230
vt 0.117954 0.438838
vt 0.191839 0.713039
vt 0.154436 0.645475
vt 0.117954 0.572499
vt 0.083290 0.506666
vt 0.083290 0.447277
vt 0.154436 0.711308
vt 0.117954 0.642768
vt 0.083290 0.572499
vt 0.117954 0.706160
vt 0.083290 0.638332
vt 0.083290 0.697721
vt 0.001942 0.982690
vt 0.001942 0.923302
vt 0.036605 0.927738
vt 0.036605 0.991130
vt 0.001942 0.857469
vt 0.036605 0.857469
vt 0.073087 0.930445
vt 0.073087 0.996278
vt 0.001942 0.791636
vt 0.036605 0.787199
vt 0.073087 0.857469
vt 0.110491 0.931355
vt 0.110491 0.998008
vt 0.001942 0.732248
vt 0.036605 0.723808
vt 0.073087 0.784493
vt 0.110491 0.857469
vt 0.147894 0.930445
vt 0.147894 0.996278
vt 0.073087 0.718660
vt 0.110491 0.783583
vt 0.147894 0.857469
vt 0.184376 0.927738
vt 0.184376 0.991130
vt 0.110491 0.716930
vt 0.147894 0.784493
vt 0.184376 0.857469
vt 0.219040 0.923302
vt 0.219040 0.982690
vt 0.147894 0.718660
vt 0.184376 0.787199
vt 0.219040 0.857469
vt 0.184376 0.723808
vt 0.219040 0.791636
vt 0.219040 0.732248
vn 0.190555 -0.979722 -0.061915
vn 0.162096 -0.979722 -0.117769
vn 0.269870 -0.942722 -0.196072
vn 0.317252 -0.942722 -0.103081
vn 0.117769 -0.979722 -0.162095
vn 0.196072 -0.942722 -0.269870
vn 0.061915 -0.979722 -0.190555
vn 0.103081 -0.942722 -0.317251
vn -0.000000 -0.979722 -0.200361
vn -0.000000 -0.942722 -0.333578
vn -0.061915 -0.979722 -0.190555
vn -0.103081 -0.942722 -0.317252
vn -0.117769 -0.979722 -0.162096
vn -0.196072 -0.942722 -0.269871
vn -0.162096 -0.979722 -0.117770
vn -0.269870 -0.942722 -0.196072
vn -0.190555 -0.979722 -0.061915
vn -0.317252 -0.942722 -0.103081
vn -0.200361 -0.979722 0.000000
vn -0.333578 -0.942722 -0.000000
vn -0.190555 -0.979722 0.061915
vn -0.317252 -0.942722 0.103081
vn -0.162096 -0.979722 0.117769
vn -0.269870 -0.942723 0.196072
vn -0.117769 -0.979722 0.162095
vn -0.196072 -0.942722 0.269870
vn -0.061915 -0.979722 0.190555
vn -0.103081 -0.942722 0.317252
vn 0.000000 -0.979722 0.200361
vn 0.000000 -0.942722 0.333578
vn 0.061915 -0.979722 0.190555
vn 0.103081 -0.942722 0.317252
vn 0.117769 -0.979722 0.162096
vn 0.196072 -0.942722 0.269870
vn 0.162096 -0.979722 0.117769
vn 0.269870 -0.942722 0.196072
vn 0.190555 -0.979722 0.061915
vn 0.317252 -0.942722 0.103081
vn 0.200361 -0.979722 0.000001
vn 0.333578 -0.942722 0.000000
vn 0.380846 -0.882266 -0.276701
vn 0.447712 -0.882266 -0.145470
vn 0.276701 -0.882266 -0.380846
vn 0.145470 -0.882266 -0.447711
vn -0.000000 -0.882266 -0.470752
vn -0.145470 -0.882266 -0.447711
vn -0.276701 -0.882266 -0.380846
vn -0.380846 -0.882266 -0.276701
vn -0.447712 -0.882266 -0.145470
vn -0.470752 -0.882266 0.000000
vn -0.447712 -0.882266 0.145470
vn -0.380846 -0.882266 0.276701
vn -0.276701 -0.882266 0.380846
vn -0.145470 -0.882266 0.447712
vn 0.000000 -0.882266 0.470752
vn 0.145470 -0.882266 0.447712
vn 0.276701 -0.882266 0.380846
vn 0.380846 -0.882266 0.276701
vn 0.447712 -0.882266 0.145470
vn 0.470752 -0.882266 0.000000
vn 0.485138 -0.800252 -0.352474
vn 0.570314 -0.800252 -0.185306
vn 0.352473 -0.800252 -0.485138
vn 0.185306 -0.800252 -0.570314
vn -0.000000 -0.800252 -0.599664
vn -0.185307 -0.800252 -0.570314
vn -0.352474 -0.800252 -0.485138
vn -0.485138 -0.800252 -0.352474
vn -0.570314 -0.800252 -0.185306
vn -0.599664 -0.800252 0.000000
vn -0.570314 -0.800252 0.185306
vn -0.485138 -0.800252 0.352474
vn -0.352474 -0.800252 0.485138
vn -0.185306 -0.800252 0.570314
vn 0.000000 -0.800252 0.599664
vn 0.185306 -0.800252 0.570314
vn 0.352474 -0.800252 0.485139
vn 0.485138 -0.800252 0.352474
vn 0.570314 -0.800252 0.185306
vn 0.599664 -0.800252 0.000001
vn 0.578713 -0.698789 -0.420459
vn 0.680318 -0.698789 -0.221048
vn 0.420459 -0.698789 -0.578713
vn 0.221049 -0.698789 -0.680318
vn -0.000000 -0.698789 -0.715328
vn -0.221049 -0.698789 -0.680318
vn -0.420460 -0.698789 -0.578713
vn -0.578713 -0.698789 -0.420459
vn -0.680318 -0.698788 -0.221049
vn -0.715328 -0.698788 -0.000000
vn -0.680318 -0.698789 0.221049
vn -0.578713 -0.698788 0.420460
vn -0.420459 -0.698788 0.578713
vn -0.221049 -0.698788 0.680318
vn -0.000000 -0.698788 0.715328
vn 0.221049 -0.698789 0.680318
vn 0.420460 -0.698788 0.578713
vn 0.578713 -0.698788 0.420459
vn 0.680318 -0.698789 0.221049
vn 0.715328 -0.698788 0.000001
vn 0.658808 -0.580401 -0.478652
vn 0.774475 -0.580401 -0.251641
vn 0.478652 -0.580401 -0.658808
vn 0.251642 -0.580401 -0.774475
vn -0.000000 -0.580401 -0.814331
vn -0.251642 -0.580401 -0.774475
vn -0.478652 -0.580401 -0.658808
vn -0.658808 -0.580401 -0.478652
vn -0.774475 -0.580401 -0.251642
vn -0.814331 -0.580401 -0.000000
vn -0.774475 -0.580401 0.251642
vn -0.658808 -0.580401 0.478652
vn -0.478652 -0.580401 0.658808
vn -0.251642 -0.580401 0.774475
vn 0.000000 -0.580401 0.814331
vn 0.251642 -0.580401 0.774475
vn 0.478652 -0.580401 0.658808
vn 0.658808 -0.580401 0.478652
vn 0.774475 -0.580401 0.251642
vn 0.814331 -0.580401 0.000001
vn 0.723291 -0.447994 -0.525502
vn 0.850280 -0.447994 -0.276272
vn 0.525501 -0.447994 -0.723291
vn 0.276272 -0.447994 -0.850279
vn -0.000000 -0.447994 -0.894037
vn -0.276273 -0.447994 -0.850279
vn -0.525502 -0.447994 -0.723291
vn -0.723291 -0.447994 -0.525501
vn -0.850280 -0.447994 -0.276272
vn -0.894037 -0.447994 -0.000000
vn -0.850279 -0.447994 0.276272
vn -0.723291 -0.447994 0.525502
vn -0.525502 -0.447994 0.723291
vn -0.276273 -0.447994 0.850279
vn 0.000000 -0.447994 0.894037
vn 0.276273 -0.447994 0.850279
vn 0.525502 -0.447994 0.723291
vn 0.723291 -0.447994 0.525502
vn 0.850280 -0.447994 0.276273
vn 0.894037 -0.447994 0.000001
vn 0.770524 -0.304789 -0.559819
vn 0.905806 -0.304789 -0.294313
vn 0.559818 -0.304789 -0.770524
vn 0.294314 -0.304789 -0.905805
vn -0.000000 -0.304789 -0.952420
vn -0.294314 -0.304789 -0.905805
vn -0.559819 -0.304789 -0.770524
vn -0.770524 -0.304789 -0.559818
vn -0.905805 -0.304789 -0.294314
vn -0.952420 -0.304789 -0.000000
vn -0.905805 -0.304789 0.294314
vn -0.770524 -0.304788 0.559819
vn -0.559818 -0.304788 0.770524
vn -0.294314 -0.304789 0.905805
vn 0.000000 -0.304789 0.952420
vn 0.294314 -0.304789 0.905805
vn 0.559818 -0.304789 0.770524
vn 0.770524 -0.304789 0.559818
vn 0.905805 -0.304789 0.294314
vn 0.952420 -0.304788 0.000001
vn 0.799335 -0.154249 -0.580751
vn 0.939675 -0.154249 -0.305318
vn 0.580751 -0.154249 -0.799335
vn 0.305319 -0.154249 -0.939674
vn 0.000000 -0.154249 -0.988032
vn -0.305319 -0.154249 -0.939674
vn -0.580751 -0.154249 -0.799335
vn -0.799335 -0.154249 -0.580751
vn -0.939674 -0.154248 -0.305319
vn -0.988032 -0.154248 0.000000
vn -0.939674 -0.154248 0.305319
vn -0.799335 -0.154248 0.580751
vn -0.580751 -0.154249 0.799335
vn -0.305319 -0.154249 0.939674
vn 0.000000 -0.154249 0.988032
vn 0.305319 -0.154249 0.939674
vn 0.580751 -0.154249 0.799335
vn 0.799335 -0.154249 0.580751
vn 0.939674 -0.154249 0.305319
vn 0.988032 -0.154249 0.000001
vn 0.809017 0.000000 -0.587785
vn 0.951057 -0.000000 -0.309016
vn 0.587785 -0.000000 -0.809017
vn 0.309017 -0.000000 -0.951057
vn 0.000000 0.000000 -1.000000
vn -0.309017 -0.000000 -0.951056
vn -0.587785 -0.000000 -0.809017
vn -0.809017 0.000000 -0.587785
vn -0.951057 0.000000 -0.309017
vn -1.000000 -0.000000 0.000000
vn -0.951056 -0.000000 0.309017
vn -0.809017 0.000000 0.587785
vn -0.587785 -0.000000 0.809017
vn -0.309017 -0.000000 0.951057
vn 0.000000 0.000000 1.000000
vn 0.309017 -0.000000 0.951057
vn 0.587785 -0.000000 0.809017
vn 0.809017 -0.000000 0.587785
vn 0.951057 0.000000 0.309017
vn 1.000000 0.000000 0.000001
vn 0.799335 0.154249 -0.580751
vn 0.939675 0.154249 -0.305318
vn 0.580751 0.154249 -0.799335
vn 0.305319 0.154249 -0.939674
vn 0.000000 0.154249 -0.988032
vn -0.305319 0.154249 -0.939674
vn -0.580751 0.154249 -0.799335
vn -0.799335 0.154249 -0.580751
vn -0.939674 0.154248 -0.305319
vn -0.988032 0.154248 0.000000
vn -0.939674 0.154248 0.305319
vn -0.799335 0.154248 0.580751
vn -0.580751 0.154249 0.799335
vn -0.305319 0.154249 0.939674
vn 0.000000 0.154249 0.988032
vn 0.305319 0.154249 0.939674
vn 0.580751 0.154249 0.799335
vn 0.799335 0.154249 0.580751
vn 0.939674 0.154249 0.305319
vn 0.988032 0.154249 0.000001
vn 0.770524 0.304789 -0.559819
vn 0.905806 0.304789 -0.294313
vn 0.559818 0.304789 -0.770524
vn 0.294314 0.304789 -0.905805
vn -0.000000 0.304789 -0.952420
vn -0.294314 0.304789 -0.905805
vn -0.559819 0.304789 -0.770524
vn -0.770524 0.304789 -0.559818
vn -0.905805 0.304789 -0.294314
vn -0.952420 0.304789 -0.000000
vn -0.905805 0.304789 0.294314
vn -0.770524 0.304788 0.559819
vn -0.559818 0.304788 0.770524
vn -0.294314 0.304789 0.905805
vn 0.000000 0.304789 0.952420
vn 0.294314 0.304789 0.905805
vn 0.559818 0.304789 0.770524
vn 0.770524 0.304789 0.559818
vn 0.905805 0.304789 0.294314
vn 0.952420 0.304789 0.000001
vn 0.723291 0.447994 -0.525502
vn 0.850280 0.447994 -0.276272
vn 0.525501 0.447994 -0.723291
vn 0.276272 0.447994 -0.850280
vn -0.000000 0.447994 -0.894037
vn -0.276273 0.447994 -0.850279
vn -0.525502 0.447994 -0.723291
vn -0.723291 0.447994 -0.525501
vn -0.850280 0.447994 -0.276273
vn -0.894037 0.447994 -0.000000
vn -0.850279 0.447994 0.276272
vn -0.723291 0.447994 0.525502
vn -0.525502 0.447994 0.723291
vn -0.276273 0.447994 0.850279
vn 0.000000 0.447994 0.894037
vn 0.276273 0.447994 0.850280
vn 0.525502 0.447994 0.723291
vn 0.723291 0.447994 0.525502
vn 0.850280 0.447994 0.276273
vn 0.894037 0.447994 0.000001
vn 0.658808 0.580401 -0.478652
vn 0.774475 0.580401 -0.251641
vn 0.478652 0.580401 -0.658808
vn 0.251642 0.580401 -0.774475
vn -0.000000 0.580401 -0.814331
vn -0.251642 0.580401 -0.774475
vn -0.478652 0.580401 -0.658808
vn -0.658808 0.580401 -0.478652
vn -0.774475 0.580401 -0.251642
vn -0.814331 0.580401 -0.000000
vn -0.774475 0.580401 0.251642
vn -0.658808 0.580401 0.478652
vn -0.478652 0.580401 0.658808
vn -0.251642 0.580401 0.774475
vn 0.000000 0.580401 0.814331
vn 0.251642 0.580401 0.774475
vn 0.478652 0.580401 0.658808
vn 0.658808 0.580401 0.478652
vn 0.774475 0.580401 0.251642
vn 0.814331 0.580401 0.000001
vn 0.578712 0.698789 -0.420459
vn 0.680318 0.698789 -0.221048
vn 0.420459 0.698789 -0.578713
vn 0.221049 0.698789 -0.680318
vn -0.000000 0.698789 -0.715328
vn -0.221049 0.698789 -0.680318
vn -0.420460 0.698789 -0.578713
vn -0.578713 0.698789 -0.420459
vn -0.680318 0.698789 -0.221049
vn -0.715328 0.698788 0.000000
vn -0.680318 0.698789 0.221049
vn -0.578713 0.698788 0.420460
vn -0.420459 0.698788 0.578713
vn -0.221049 0.698788 0.680318
vn -0.000000 0.698788 0.715328
vn 0.221049 0.698789 0.680318
vn 0.420460 0.698788 0.578713
vn 0.578713 0.698788 0.420460
vn 0.680318 0.698789 0.221049
vn 0.715328 0.698788 0.000001
vn 0.485138 0.800252 -0.352474
vn 0.570314 0.800252 -0.185306
vn 0.352473 0.800252 -0.485138
vn 0.185306 0.800252 -0.570314
vn -0.000000 0.800252 -0.599664
vn -0.185307 0.800252 -0.570314
vn -0.352474 0.800252 -0.485138
vn -0.485138 0.800252 -0.352474
vn -0.570314 0.800252 -0.185306
vn -0.599664 0.800252 0.000000
vn -0.570314 0.800252 0.185306
vn -0.485138 0.800252 0.352474
vn -0.352474 0.800252 0.485138
vn -0.185306 0.800252 0.570314
vn 0.000000 0.800252 0.599664
vn 0.185306 0.800252 0.570315
vn 0.352474 0.800252 0.485139
vn 0.485139 0.800252 0.352474
vn 0.570314 0.800252 0.185306
vn 0.599664 0.800252 0.000001
vn 0.380846 0.882266 -0.276701
vn 0.447711 0.882266 -0.145470
vn 0.276701 0.882266 -0.380846
vn 0.145470 0.882266 -0.447712
vn -0.000000 0.882266 -0.470752
vn -0.145470 0.882266 -0.447711
vn -0.276701 0.882266 -0.380846
vn -0.380846 0.882266 -0.276701
vn -0.447712 0.882266 -0.145470
vn -0.470752 0.882266 0.000000
vn -0.447712 0.882266 0.145471
vn -0.380846 0.882266 0.276701
vn -0.276701 0.882266 0.380846
vn -0.145470 0.882266 0.447712
vn 0.000000 0.882266 0.470752
vn 0.145470 0.882266 0.447712
vn 0.276701 0.882266 0.380846
vn 0.380846 0.882266 0.276701
vn 0.447712 0.882266 0.145470
vn 0.470752 0.882266 0.000000
vn 0.269870 0.942722 -0.196073
vn 0.317252 0.942722 -0.103081
vn 0.196072 0.942722 -0.269871
vn 0.103081 0.942722 -0.317252
vn -0.000000 0.942722 -0.333578
vn -0.103081 0.942722 -0.317251
vn -0.196072 0.942722 -0.269870
vn -0.269870 0.942722 -0.196072
vn -0.317252 0.942722 -0.103081
vn -0.333578 0.942722 0.000000
vn -0.317252 0.942722 0.103082
vn -0.269870 0.942722 0.196072
vn -0.196072 0.942722 0.269870
vn -0.103081 0.942722 0.317252
vn 0.000000 0.942722 0.333578
vn 0.103081 0.942722 0.317252
vn 0.196072 0.942722 0.269870
vn 0.269870 0.942722 0.196072
vn 0.317252 0.942722 0.103081
vn 0.333578 0.942722 0.000000
vn 0.162096 0.979722 -0.117769
vn 0.190555 0.979722 -0.061915
vn 0.117769 0.979722 -0.162096
vn 0.061915 0.979722 -0.190555
vn -0.000000 0.979722 -0.200361
vn -0.061915 0.979722 -0.190555
vn -0.117769 0.979722 -0.162095
vn -0.162096 0.979722 -0.117769
vn -0.190555 0.979722 -0.061915
vn -0.200361 0.979722 0.000000
vn -0.190555 0.979722 0.061915
vn -0.162096 0.979722 0.117769
vn -0.117769 0.979722 0.162096
vn -0.061915 0.979722 0.190555
vn 0.000000 0.979722 0.200361
vn 0.061915 0.979722 0.190555
vn 0.117769 0.979722 0.162096
vn 0.162096 0.979722 0.117769
vn 0.190555 0.979722 0.061915
vn 0.200361 0.979722 0.000001
vn -0.000000 -1.000000 -0.000000
vn -0.000000 1.000000 0.000000
s 1
g pasted__pSphere8
usemtl pasted__standardSurface3SG3
f 481/1627/1441 482/1628/1442 502/1629/1443 501/1630/1444
f 482/1628/1442 483/1632/1445 503/1633/1446 502/1629/1443
f 483/1632/1445 484/1638/1447 504/1639/1448 503/1633/1446
f 484/1638/1447 485/1646/1449 505/1647/1450 504/1639/1448
f 485/1646/1449 486/1653/1451 506/1654/1452 505/1647/1450
f 486/1653/1451 487/1662/1453 507/1663/1454 506/1654/1452
f 487/1662/1453 488/1672/1455 508/1673/1456 507/1663/1454
f 488/1672/1455 489/1683/1457 509/1684/1458 508/1673/1456
f 489/1683/1457 490/1697/1459 510/1698/1460 509/1684/1458
f 490/1697/1459 491/1709/1461 511/1710/1462 510/1698/1460
f 491/1709/1461 492/1721/1463 512/1722/1464 511/1710/1462
f 492/1721/1463 493/1707/1465 513/1708/1466 512/1722/1464
f 493/1707/1465 494/1695/1467 514/1696/1468 513/1708/1466
f 494/1695/1467 495/1681/1469 515/1682/1470 514/1696/1468
f 495/1681/1469 496/1670/1471 516/1671/1472 515/1682/1470
f 496/1670/1471 497/1660/1473 517/1661/1474 516/1671/1472
f 497/1660/1473 498/1651/1475 518/1652/1476 517/1661/1474
f 498/1651/1475 499/1644/1477 519/1645/1478 518/1652/1476
f 499/1644/1477 500/1636/1479 520/1637/1480 519/1645/1478
f 500/1636/1479 481/1627/1441 501/1630/1444 520/1637/1480
f 501/1630/1444 502/1629/1443 522/1634/1481 521/1635/1482
f 502/1629/1443 503/1633/1446 523/1640/1483 522/1634/1481
f 503/1633/1446 504/1639/1448 524/1648/1484 523/1640/1483
f 504/1639/1448 505/1647/1450 525/1655/1485 524/1648/1484
f 505/1647/1450 506/1654/1452 526/1664/1486 525/1655/1485
f 506/1654/1452 507/1663/1454 527/1674/1487 526/1664/1486
f 507/1663/1454 508/1673/1456 528/1685/1488 527/1674/1487
f 508/1673/1456 509/1684/1458 529/1699/1489 528/1685/1488
f 509/1684/1458 510/1698/1460 530/1711/1490 529/1699/1489
f 510/1698/1460 511/1710/1462 531/1723/1491 530/1711/1490
f 511/1710/1462 512/1722/1464 532/1730/1492 531/1723/1491
f 512/1722/1464 513/1708/1466 533/1720/1493 532/1730/1492
f 513/1708/1466 514/1696/1468 534/1706/1494 533/1720/1493
f 514/1696/1468 515/1682/1470 535/1694/1495 534/1706/1494
f 515/1682/1470 516/1671/1472 536/1680/1496 535/1694/1495
f 516/1671/1472 517/1661/1474 537/1669/1497 536/1680/1496
f 517/1661/1474 518/1652/1476 538/1659/1498 537/1669/1497
f 518/1652/1476 519/1645/1478 539/1650/1499 538/1659/1498
f 519/1645/1478 520/1637/1480 540/1643/1500 539/1650/1499
f 520/1637/1480 501/1630/1444 521/1635/1482 540/1643/1500
f 521/1635/1482 522/1634/1481 542/1641/1501 541/1642/1502
f 522/1634/1481 523/1640/1483 543/1649/1503 542/1641/1501
f 523/1640/1483 524/1648/1484 544/1656/1504 543/1649/1503
f 524/1648/1484 525/1655/1485 545/1665/1505 544/1656/1504
f 525/1655/1485 526/1664/1486 546/1675/1506 545/1665/1505
f 526/1664/1486 527/1674/1487 547/1686/1507 546/1675/1506
f 527/1674/1487 528/1685/1488 548/1700/1508 547/1686/1507
f 528/1685/1488 529/1699/1489 549/1712/1509 548/1700/1508
f 529/1579/1489 530/1580/1490 550/1568/1510 549/1557/1509
f 530/1580/1490 531/1591/1491 551/1581/1511 550/1568/1510
f 531/1723/1491 532/1730/1492 552/1734/1512 551/1735/1511
f 532/1730/1492 533/1720/1493 553/1729/1513 552/1734/1512
f 533/1720/1493 534/1706/1494 554/1719/1514 553/1729/1513
f 534/1706/1494 535/1694/1495 555/1705/1515 554/1719/1514
f 535/1694/1495 536/1680/1496 556/1693/1516 555/1705/1515
f 536/1680/1496 537/1669/1497 557/1679/1517 556/1693/1516
f 537/1669/1497 538/1659/1498 558/1668/1518 557/1679/1517
f 538/1659/1498 539/1650/1499 559/1667/1519 558/1668/1518
f 539/1498/1499 540/1486/1500 560/1475/1520 559/1488/1519
f 540/1486/1500 521/1487/1482 541/1463/1502 560/1475/1520
f 541/1463/1502 542/1464/1501 562/1454/1521 561/1453/1522
f 542/1641/1501 543/1649/1503 563/1657/1523 562/1658/1521
f 543/1649/1503 544/1656/1504 564/1666/1524 563/1657/1523
f 544/1656/1504 545/1665/1505 565/1676/1525 564/1666/1524
f 545/1665/1505 546/1675/1506 566/1687/1526 565/1676/1525
f 546/1675/1506 547/1686/1507 567/1701/1527 566/1687/1526
f 547/1686/1507 548/1700/1508 568/1713/1528 567/1701/1527
f 548/1556/1508 549/1557/1509 569/1547/1529 568/1546/1528
f 549/1557/1509 550/1568/1510 570/1558/1530 569/1547/1529
f 550/1568/1510 551/1581/1511 571/1569/1531 570/1558/1530
f 551/1581/1511 552/1592/1512 572/1582/1532 571/1569/1531
f 552/1734/1512 553/1729/1513 573/1733/1533 572/1738/1532
f 553/1729/1513 554/1719/1514 574/1728/1534 573/1733/1533
f 554/1719/1514 555/1705/1515 575/1718/1535 574/1728/1534
f 555/1705/1515 556/1693/1516 576/1704/1536 575/1718/1535
f 556/1693/1516 557/1679/1517 577/1692/1537 576/1704/1536
f 557/1679/1517 558/1668/1518 578/1691/1538 577/1692/1537
f 558/1499/1518 559/1488/1519 579/1476/1539 578/1489/1538
f 559/1488/1519 560/1475/1520 580/1466/1540 579/1476/1539
f 560/1475/1520 541/1463/1502 561/1453/1522 580/1466/1540
f 561/1453/1522 562/1454/1521 582/1446/1541 581/1445/1542
f 562/1454/1521 563/1465/1523 583/1455/1543 582/1446/1541
f 563/1657/1523 564/1666/1524 584/1677/1544 583/1678/1543
f 564/1666/1524 565/1676/1525 585/1688/1545 584/1677/1544
f 565/1676/1525 566/1687/1526 586/1702/1546 585/1688/1545
f 566/1687/1526 567/1701/1527 587/1714/1547 586/1702/1546
f 567/1559/1527 568/1546/1528 588/1538/1548 587/1549/1547
f 568/1546/1528 569/1547/1529 589/1539/1549 588/1538/1548
f 569/1547/1529 570/1558/1530 590/1548/1550 589/1539/1549
f 570/1558/1530 571/1569/1531 591/1560/1551 590/1548/1550
f 571/1569/1531 572/1582/1532 592/1570/1552 591/1560/1551
f 572/1582/1532 573/1593/1533 593/1583/1553 592/1570/1552
f 573/1733/1533 574/1728/1534 594/1732/1554 593/1737/1553
f 574/1728/1534 575/1718/1535 595/1727/1555 594/1732/1554
f 575/1718/1535 576/1704/1536 596/1717/1556 595/1727/1555
f 576/1704/1536 577/1692/1537 597/1716/1557 596/1717/1556
f 577/1500/1537 578/1489/1538 598/1477/1558 597/1490/1557
f 578/1489/1538 579/1476/1539 599/1467/1559 598/1477/1558
f 579/1476/1539 580/1466/1540 600/1456/1560 599/1467/1559
f 580/1466/1540 561/1453/1522 581/1445/1542 600/1456/1560
f 581/1445/1542 582/1446/1541 602/1442/1561 601/1441/1562
f 582/1446/1541 583/1455/1543 603/1447/1563 602/1442/1561
f 583/1678/1543 584/1677/1544 604/1689/1564 603/1690/1563
f 584/1677/1544 585/1688/1545 605/1703/1565 604/1689/1564
f 585/1688/1545 586/1702/1546 606/1715/1566 605/1703/1565
f 586/1702/1546 587/1714/1547 607/1724/1567 606/1715/1566
f 587/1549/1547 588/1538/1548 608/1534/1568 607/1544/1567
f 588/1538/1548 589/1539/1549 609/1535/1569 608/1534/1568
f 589/1539/1549 590/1548/1550 610/1540/1570 609/1535/1569
f 590/1548/1550 591/1560/1551 611/1550/1571 610/1540/1570
f 591/1560/1551 592/1570/1552 612/1561/1572 611/1550/1571
f 592/1570/1552 593/1583/1553 613/1571/1573 612/1561/1572
f 593/1737/1553 594/1732/1554 614/1736/1574 613/1739/1573
f 594/1732/1554 595/1727/1555 615/1731/1575 614/1736/1574
f 595/1727/1555 596/1717/1556 616/1726/1576 615/1731/1575
f 596/1717/1556 597/1716/1557 617/1725/1577 616/1726/1576
f 597/1490/1557 598/1477/1558 618/1473/1578 617/1484/1577
f 598/1477/1558 599/1467/1559 619/1461/1579 618/1473/1578
f 599/1467/1559 600/1456/1560 620/1451/1580 619/1461/1579
f 600/1456/1560 581/1445/1542 601/1441/1562 620/1451/1580
f 601/1441/1562 602/1442/1561 622/1443/1581 621/1444/1582
f 602/1442/1561 603/1447/1563 623/1448/1583 622/1443/1581
f 603/1853/1563 604/1854/1564 624/1855/1584 623/1856/1583
f 604/1854/1564 605/1857/1565 625/1858/1585 624/1855/1584
f 605/1857/1565 606/1861/1566 626/1862/1586 625/1858/1585
f 606/1861/1566 607/1866/1567 627/1867/1587 626/1862/1586
f 607/1544/1567 608/1534/1568 628/1537/1588 627/1545/1587
f 608/1534/1568 609/1535/1569 629/1536/1589 628/1537/1588
f 609/1535/1569 610/1540/1570 630/1541/1590 629/1536/1589
f 610/1540/1570 611/1550/1571 631/1551/1591 630/1541/1590
f 611/1550/1571 612/1561/1572 632/1562/1592 631/1551/1591
f 612/1561/1572 613/1571/1573 633/1572/1593 632/1562/1592
f 613/1888/1573 614/1889/1574 634/1890/1594 633/1891/1593
f 614/1889/1574 615/1892/1575 635/1893/1595 634/1890/1594
f 615/1892/1575 616/1896/1576 636/1897/1596 635/1893/1595
f 616/1896/1576 617/1901/1577 637/1902/1597 636/1897/1596
f 617/1484/1577 618/1473/1578 638/1474/1598 637/1485/1597
f 618/1473/1578 619/1461/1579 639/1462/1599 638/1474/1598
f 619/1461/1579 620/1451/1580 640/1452/1600 639/1462/1599
f 620/1451/1580 601/1441/1562 621/1444/1582 640/1452/1600
f 621/1444/1582 622/1443/1581 642/1449/1601 641/1450/1602
f 622/1443/1581 623/1448/1583 643/1457/1603 642/1449/1601
f 623/1856/1583 624/1855/1584 644/1859/1604 643/1860/1603
f 624/1855/1584 625/1858/1585 645/1863/1605 644/1859/1604
f 625/1858/1585 626/1862/1586 646/1868/1606 645/1863/1605
f 626/1862/1586 627/1867/1587 647/1872/1607 646/1868/1606
f 627/1545/1587 628/1537/1588 648/1543/1608 647/1555/1607
f 628/1537/1588 629/1536/1589 649/1542/1609 648/1543/1608
f 629/1536/1589 630/1541/1590 650/1552/1610 649/1542/1609
f 630/1541/1590 631/1551/1591 651/1563/1611 650/1552/1610
f 631/1551/1591 632/1562/1592 652/1573/1612 651/1563/1611
f 632/1562/1592 633/1572/1593 653/1584/1613 652/1573/1612
f 633/1891/1593 634/1890/1594 654/1894/1614 653/1895/1613
f 634/1890/1594 635/1893/1595 655/1898/1615 654/1894/1614
f 635/1893/1595 636/1897/1596 656/1903/1616 655/1898/1615
f 636/1897/1596 637/1902/1597 657/1907/1617 656/1903/1616
f 637/1485/1597 638/1474/1598 658/1483/1618 657/1497/1617
f 638/1474/1598 639/1462/1599 659/1472/1619 658/1483/1618
f 639/1462/1599 640/1452/1600 660/1460/1620 659/1472/1619
f 640/1452/1600 621/1444/1582 641/1450/1602 660/1460/1620
f 641/1450/1602 642/1449/1601 662/1458/1621 661/1459/1622
f 642/1449/1601 643/1457/1603 663/1468/1623 662/1458/1621
f 643/1860/1603 644/1859/1604 664/1864/1624 663/1865/1623
f 644/1859/1604 645/1863/1605 665/1869/1625 664/1864/1624
f 645/1863/1605 646/1868/1606 666/1873/1626 665/1869/1625
f 646/1868/1606 647/1872/1607 667/1877/1627 666/1873/1626
f 647/1555/1607 648/1543/1608 668/1554/1628 667/1567/1627
f 648/1543/1608 649/1542/1609 669/1553/1629 668/1554/1628
f 649/1542/1609 650/1552/1610 670/1564/1630 669/1553/1629
f 650/1552/1610 651/1563/1611 671/1574/1631 670/1564/1630
f 651/1563/1611 652/1573/1612 672/1585/1632 671/1574/1631
f 652/1573/1612 653/1584/1613 673/1594/1633 672/1585/1632
f 653/1895/1613 654/1894/1614 674/1899/1634 673/1900/1633
f 654/1894/1614 655/1898/1615 675/1904/1635 674/1899/1634
f 655/1898/1615 656/1903/1616 676/1908/1636 675/1904/1635
f 656/1903/1616 657/1907/1617 677/1912/1637 676/1908/1636
f 657/1497/1617 658/1483/1618 678/1496/1638 677/1507/1637
f 658/1483/1618 659/1472/1619 679/1482/1639 678/1496/1638
f 659/1472/1619 660/1460/1620 680/1471/1640 679/1482/1639
f 660/1460/1620 641/1450/1602 661/1459/1622 680/1471/1640
f 661/1459/1622 662/1458/1621 682/1469/1641 681/1470/1642
f 662/1458/1621 663/1468/1623 683/1478/1643 682/1469/1641
f 663/1865/1623 664/1864/1624 684/1870/1644 683/1871/1643
f 664/1864/1624 665/1869/1625 685/1874/1645 684/1870/1644
f 665/1869/1625 666/1873/1626 686/1878/1646 685/1874/1645
f 666/1873/1626 667/1877/1627 687/1882/1647 686/1878/1646
f 667/1567/1627 668/1554/1628 688/1566/1648 687/1578/1647
f 668/1554/1628 669/1553/1629 689/1565/1649 688/1566/1648
f 669/1553/1629 670/1564/1630 690/1575/1650 689/1565/1649
f 670/1564/1630 671/1574/1631 691/1586/1651 690/1575/1650
f 671/1574/1631 672/1585/1632 692/1595/1652 691/1586/1651
f 672/1585/1632 673/1594/1633 693/1601/1653 692/1595/1652
f 673/1900/1633 674/1899/1634 694/1905/1654 693/1906/1653
f 674/1899/1634 675/1904/1635 695/1909/1655 694/1905/1654
f 675/1904/1635 676/1908/1636 696/1913/1656 695/1909/1655
f 676/1908/1636 677/1912/1637 697/1917/1657 696/1913/1656
f 677/1507/1637 678/1496/1638 698/1506/1658 697/1514/1657
f 678/1496/1638 679/1482/1639 699/1495/1659 698/1506/1658
f 679/1482/1639 680/1471/1640 700/1481/1660 699/1495/1659
f 680/1471/1640 661/1459/1622 681/1470/1642 700/1481/1660
f 681/1470/1642 682/1469/1641 702/1479/1661 701/1480/1662
f 682/1469/1641 683/1478/1643 703/1491/1663 702/1479/1661
f 683/1871/1643 684/1870/1644 704/1875/1664 703/1876/1663
f 684/1870/1644 685/1874/1645 705/1879/1665 704/1875/1664
f 685/1874/1645 686/1878/1646 706/1883/1666 705/1879/1665
f 686/1878/1646 687/1882/1647 707/1885/1667 706/1883/1666
f 687/1578/1647 688/1566/1648 708/1577/1668 707/1590/1667
f 688/1566/1648 689/1565/1649 709/1576/1669 708/1577/1668
f 689/1565/1649 690/1575/1650 710/1587/1670 709/1576/1669
f 690/1575/1650 691/1586/1651 711/1596/1671 710/1587/1670
f 691/1586/1651 692/1595/1652 712/1602/1672 711/1596/1671
f 692/1595/1652 693/1601/1653 713/1608/1673 712/1602/1672
f 693/1906/1653 694/1905/1654 714/1910/1674 713/1911/1673
f 694/1905/1654 695/1909/1655 715/1914/1675 714/1910/1674
f 695/1909/1655 696/1913/1656 716/1918/1676 715/1914/1675
f 696/1913/1656 697/1917/1657 717/1920/1677 716/1918/1676
f 697/1514/1657 698/1506/1658 718/1513/1678 717/1521/1677
f 698/1506/1658 699/1495/1659 719/1505/1679 718/1513/1678
f 699/1495/1659 700/1481/1660 720/1494/1680 719/1505/1679
f 700/1481/1660 681/1470/1642 701/1480/1662 720/1494/1680
f 701/1480/1662 702/1479/1661 722/1492/1681 721/1493/1682
f 702/1479/1661 703/1491/1663 723/1501/1683 722/1492/1681
f 703/1876/1663 704/1875/1664 724/1880/1684 723/1881/1683
f 704/1875/1664 705/1879/1665 725/1884/1685 724/1880/1684
f 705/1879/1665 706/1883/1666 726/1886/1686 725/1884/1685
f 706/1883/1666 707/1885/1667 727/1887/1687 726/1886/1686
f 707/1590/1667 708/1577/1668 728/1589/1688 727/1600/1687
f 708/1577/1668 709/1576/1669 729/1588/1689 728/1589/1688
f 709/1576/1669 710/1587/1670 730/1597/1690 729/1588/1689
f 710/1587/1670 711/1596/1671 731/1603/1691 730/1597/1690
f 711/1596/1671 712/1602/1672 732/1609/1692 731/1603/1691
f 712/1602/1672 713/1608/1673 733/1615/1693 732/1609/1692
f 713/1911/1673 714/1910/1674 734/1915/1694 733/1916/1693
f 714/1910/1674 715/1914/1675 735/1919/1695 734/1915/1694
f 715/1914/1675 716/1918/1676 736/1921/1696 735/1919/1695
f 716/1918/1676 717/1920/1677 737/1922/1697 736/1921/1696
f 717/1521/1677 718/1513/1678 738/1520/1698 737/1525/1697
f 718/1513/1678 719/1505/1679 739/1512/1699 738/1520/1698
f 719/1505/1679 720/1494/1680 740/1504/1700 739/1512/1699
f 720/1494/1680 701/1480/1662 721/1493/1682 740/1504/1700
f 721/1493/1682 722/1492/1681 742/1502/1701 741/1503/1702
f 722/1492/1681 723/1501/1683 743/1508/1703 742/1502/1701
f 723/1757/1683 724/1758/1684 744/1749/1704 743/1748/1703
f 724/1758/1684 725/1767/1685 745/1759/1705 744/1749/1704
f 725/1767/1685 726/1778/1686 746/1768/1706 745/1759/1705
f 726/1778/1686 727/1788/1687 747/1779/1707 746/1768/1706
f 727/1600/1687 728/1589/1688 748/1599/1708 747/1607/1707
f 728/1589/1688 729/1588/1689 749/1598/1709 748/1599/1708
f 729/1588/1689 730/1597/1690 750/1604/1710 749/1598/1709
f 730/1597/1690 731/1603/1691 751/1610/1711 750/1604/1710
f 731/1603/1691 732/1609/1692 752/1616/1712 751/1610/1711
f 732/1609/1692 733/1615/1693 753/1619/1713 752/1616/1712
f 733/1852/1693 734/1850/1694 754/1847/1714 753/1851/1713
f 734/1850/1694 735/1846/1695 755/1843/1715 754/1847/1714
f 735/1846/1695 736/1841/1696 756/1831/1716 755/1843/1715
f 736/1841/1696 737/1842/1697 757/1832/1717 756/1831/1716
f 737/1525/1697 738/1520/1698 758/1524/1718 757/1530/1717
f 738/1520/1698 739/1512/1699 759/1519/1719 758/1524/1718
f 739/1512/1699 740/1504/1700 760/1511/1720 759/1519/1719
f 740/1504/1700 721/1493/1682 741/1503/1702 760/1511/1720
f 741/1503/1702 742/1502/1701 762/1509/1721 761/1510/1722
f 742/1502/1701 743/1508/1703 763/1515/1723 762/1509/1721
f 743/1748/1703 744/1749/1704 764/1744/1724 763/1741/1723
f 744/1749/1704 745/1759/1705 765/1750/1725 764/1744/1724
f 745/1759/1705 746/1768/1706 766/1760/1726 765/1750/1725
f 746/1768/1706 747/1779/1707 767/1769/1727 766/1760/1726
f 747/1607/1707 748/1599/1708 768/1606/1728 767/1614/1727
f 748/1599/1708 749/1598/1709 769/1605/1729 768/1606/1728
f 749/1598/1709 750/1604/1710 770/1611/1730 769/1605/1729
f 750/1604/1710 751/1610/1711 771/1617/1731 770/1611/1730
f 751/1610/1711 752/1616/1712 772/1620/1732 771/1617/1731
f 752/1616/1712 753/1619/1713 773/1624/1733 772/1620/1732
f 753/1851/1713 754/1847/1714 774/1844/1734 773/1848/1733
f 754/1847/1714 755/1843/1715 775/1833/1735 774/1844/1734
f 755/1843/1715 756/1831/1716 776/1823/1736 775/1833/1735
f 756/1831/1716 757/1832/1717 777/1814/1737 776/1823/1736
f 757/1530/1717 758/1524/1718 778/1529/1738 777/1533/1737
f 758/1524/1718 759/1519/1719 779/1523/1739 778/1529/1738
f 759/1519/1719 760/1511/1720 780/1518/1740 779/1523/1739
f 760/1511/1720 741/1503/1702 761/1510/1722 780/1518/1740
f 761/1510/1722 762/1509/1721 782/1516/1741 781/1517/1742
f 762/1740/1721 763/1741/1723 783/1742/1743 782/1743/1741
f 763/1741/1723 764/1744/1724 784/1745/1744 783/1742/1743
f 764/1744/1724 765/1750/1725 785/1751/1745 784/1745/1744
f 765/1750/1725 766/1760/1726 786/1761/1746 785/1751/1745
f 766/1760/1726 767/1769/1727 787/1770/1747 786/1761/1746
f 767/1769/1727 768/1780/1728 788/1781/1748 787/1770/1747
f 768/1606/1728 769/1605/1729 789/1612/1749 788/1613/1748
f 769/1605/1729 770/1611/1730 790/1618/1750 789/1612/1749
f 770/1611/1730 771/1617/1731 791/1621/1751 790/1618/1750
f 771/1617/1731 772/1620/1732 792/1625/1752 791/1621/1751
f 772/1849/1732 773/1848/1733 793/1845/1753 792/1838/1752
f 773/1848/1733 774/1844/1734 794/1834/1754 793/1845/1753
f 774/1844/1734 775/1833/1735 795/1824/1755 794/1834/1754
f 775/1833/1735 776/1823/1736 796/1816/1756 795/1824/1755
f 776/1823/1736 777/1814/1737 797/1807/1757 796/1816/1756
f 777/1814/1737 778/1815/1738 798/1800/1758 797/1807/1757
f 778/1529/1738 779/1523/1739 799/1528/1759 798/1532/1758
f 779/1523/1739 780/1518/1740 800/1522/1760 799/1528/1759
f 780/1518/1740 761/1510/1722 781/1517/1742 800/1522/1760
f 781/1755/1742 782/1743/1741 802/1747/1761 801/1756/1762
f 782/1743/1741 783/1742/1743 803/1746/1763 802/1747/1761
f 783/1742/1743 784/1745/1744 804/1752/1764 803/1746/1763
f 784/1745/1744 785/1751/1745 805/1762/1765 804/1752/1764
f 785/1751/1745 786/1761/1746 806/1771/1766 805/1762/1765
f 786/1761/1746 787/1770/1747 807/1782/1767 806/1771/1766
f 787/1770/1747 788/1781/1748 808/1789/1768 807/1782/1767
f 788/1781/1748 789/1795/1749 809/1796/1769 808/1789/1768
f 789/1612/1749 790/1618/1750 810/1622/1770 809/1623/1769
f 790/1618/1750 791/1621/1751 811/1626/1771 810/1622/1770
f 791/1837/1751 792/1838/1752 812/1827/1772 811/1819/1771
f 792/1838/1752 793/1845/1753 813/1835/1773 812/1827/1772
f 793/1845/1753 794/1834/1754 814/1825/1774 813/1835/1773
f 794/1834/1754 795/1824/1755 815/1817/1775 814/1825/1774
f 795/1824/1755 796/1816/1756 816/1808/1776 815/1817/1775
f 796/1816/1756 797/1807/1757 817/1802/1777 816/1808/1776
f 797/1807/1757 798/1800/1758 818/1793/1778 817/1802/1777
f 798/1800/1758 799/1801/1759 819/1786/1779 818/1793/1778
f 799/1528/1759 800/1522/1760 820/1527/1780 819/1531/1779
f 800/1522/1760 781/1517/1742 801/1526/1762 820/1527/1780
f 801/1756/1762 802/1747/1761 822/1754/1781 821/1766/1782
f 802/1747/1761 803/1746/1763 823/1753/1783 822/1754/1781
f 803/1746/1763 804/1752/1764 824/1763/1784 823/1753/1783
f 804/1752/1764 805/1762/1765 825/1772/1785 824/1763/1784
f 805/1762/1765 806/1771/1766 826/1783/1786 825/1772/1785
f 806/1771/1766 807/1782/1767 827/1790/1787 826/1783/1786
f 807/1782/1767 808/1789/1768 828/1797/1788 827/1790/1787
f 808/1789/1768 809/1796/1769 829/1804/1789 828/1797/1788
f 809/1796/1769 810/1810/1770 830/1811/1790 829/1804/1789
f 810/1810/1770 811/1819/1771 831/1820/1791 830/1811/1790
f 811/1819/1771 812/1827/1772 832/1828/1792 831/1820/1791
f 812/1827/1772 813/1835/1773 833/1836/1793 832/1828/1792
f 813/1835/1773 814/1825/1774 834/1826/1794 833/1836/1793
f 814/1825/1774 815/1817/1775 835/1818/1795 834/1826/1794
f 815/1817/1775 816/1808/1776 836/1809/1796 835/1818/1795
f 816/1808/1776 817/1802/1777 837/1803/1797 836/1809/1796
f 817/1802/1777 818/1793/1778 838/1794/1798 837/1803/1797
f 818/1793/1778 819/1786/1779 839/1787/1799 838/1794/1798
f 819/1786/1779 820/1776/1780 840/1777/1800 839/1787/1799
f 820/1776/1780 801/1756/1762 821/1766/1782 840/1777/1800
f 821/1766/1782 822/1754/1781 842/1765/1801 841/1775/1802
f 822/1754/1781 823/1753/1783 843/1764/1803 842/1765/1801
f 823/1753/1783 824/1763/1784 844/1773/1804 843/1764/1803
f 824/1763/1784 825/1772/1785 845/1784/1805 844/1773/1804
f 825/1772/1785 826/1783/1786 846/1791/1806 845/1784/1805
f 826/1783/1786 827/1790/1787 847/1798/1807 846/1791/1806
f 827/1790/1787 828/1797/1788 848/1805/1808 847/1798/1807
f 828/1797/1788 829/1804/1789 849/1812/1809 848/1805/1808
f 829/1804/1789 830/1811/1790 850/1821/1810 849/1812/1809
f 830/1811/1790 831/1820/1791 851/1829/1811 850/1821/1810
f 831/1820/1791 832/1828/1792 852/1839/1812 851/1829/1811
f 832/1828/1792 833/1836/1793 853/1840/1813 852/1839/1812
f 833/1836/1793 834/1826/1794 854/1830/1814 853/1840/1813
f 834/1826/1794 835/1818/1795 855/1822/1815 854/1830/1814
f 835/1818/1795 836/1809/1796 856/1813/1816 855/1822/1815
f 836/1809/1796 837/1803/1797 857/1806/1817 856/1813/1816
f 837/1803/1797 838/1794/1798 858/1799/1818 857/1806/1817
f 838/1794/1798 839/1787/1799 859/1792/1819 858/1799/1818
f 839/1787/1799 840/1777/1800 860/1785/1820 859/1792/1819
f 840/1777/1800 821/1766/1782 841/1775/1802 860/1785/1820
f 482/1628/1442 481/1627/1441 861/1631/1821
f 483/1632/1445 482/1628/1442 861/1631/1821
f 484/1638/1447 483/1632/1445 861/1631/1821
f 485/1646/1449 484/1638/1447 861/1631/1821
f 486/1653/1451 485/1646/1449 861/1631/1821
f 487/1662/1453 486/1653/1451 861/1631/1821
f 488/1672/1455 487/1662/1453 861/1631/1821
f 489/1683/1457 488/1672/1455 861/1631/1821
f 490/1697/1459 489/1683/1457 861/1631/1821
f 491/1709/1461 490/1697/1459 861/1631/1821
f 492/1721/1463 491/1709/1461 861/1631/1821
f 493/1707/1465 492/1721/1463 861/1631/1821
f 494/1695/1467 493/1707/1465 861/1631/1821
f 495/1681/1469 494/1695/1467 861/1631/1821
f 496/1670/1471 495/1681/1469 861/1631/1821
f 497/1660/1473 496/1670/1471 861/1631/1821
f 498/1651/1475 497/1660/1473 861/1631/1821
f 499/1644/1477 498/1651/1475 861/1631/1821
f 500/1636/1479 499/1644/1477 861/1631/1821
f 481/1627/1441 500/1636/1479 861/1631/1821
f 841/1775/1802 842/1765/1801 862/1774/1822
f 842/1765/1801 843/1764/1803 862/1774/1822
f 843/1764/1803 844/1773/1804 862/1774/1822
f 844/1773/1804 845/1784/1805 862/1774/1822
f 845/1784/1805 846/1791/1806 862/1774/1822
f 846/1791/1806 847/1798/1807 862/1774/1822
f 847/1798/1807 848/1805/1808 862/1774/1822
f 848/1805/1808 849/1812/1809 862/1774/1822
f 849/1812/1809 850/1821/1810 862/1774/1822
f 850/1821/1810 851/1829/1811 862/1774/1822
f 851/1829/1811 852/1839/1812 862/1774/1822
f 852/1839/1812 853/1840/1813 862/1774/1822
f 853/1840/1813 854/1830/1814 862/1774/1822
f 854/1830/1814 855/1822/1815 862/1774/1822
f 855/1822/1815 856/1813/1816 862/1774/1822
f 856/1813/1816 857/1806/1817 862/1774/1822
f 857/1806/1817 858/1799/1818 862/1774/1822
f 858/1799/1818 859/1792/1819 862/1774/1822
f 859/1792/1819 860/1785/1820 862/1774/1822
f 860/1785/1820 841/1775/1802 862/1774/1822
g default
v -11.354105 -0.056581 9.376235
v -11.363981 -0.056581 9.356854
v -11.379361 -0.056581 9.341473
v -11.398742 -0.056581 9.331598
v -11.420227 -0.056581 9.328195
v -11.441711 -0.056581 9.331598
v -11.461092 -0.056581 9.341473
v -11.476473 -0.056581 9.356854
v -11.486348 -0.056581 9.376235
v -11.489750 -0.056581 9.397719
v -11.486348 -0.056581 9.419203
v -11.476473 -0.056581 9.438584
v -11.461092 -0.056581 9.453965
v -11.441711 -0.056581 9.463840
v -11.420227 -0.056581 9.467243
v -11.398743 -0.056581 9.463840
v -11.379361 -0.056581 9.453965
v -11.363981 -0.056581 9.438584
v -11.354105 -0.056581 9.419203
v -11.350703 -0.056581 9.397719
v -11.289612 -0.040300 9.355280
v -11.309119 -0.040300 9.316995
v -11.339503 -0.040300 9.286612
v -11.377787 -0.040300 9.267105
v -11.420227 -0.040300 9.260383
v -11.462666 -0.040300 9.267105
v -11.500951 -0.040300 9.286612
v -11.531334 -0.040300 9.316995
v -11.550841 -0.040300 9.355280
v -11.557562 -0.040300 9.397719
v -11.550841 -0.040300 9.440158
v -11.531334 -0.040300 9.478443
v -11.500951 -0.040300 9.508826
v -11.462666 -0.040300 9.528333
v -11.420227 -0.040300 9.535055
v -11.377787 -0.040300 9.528333
v -11.339503 -0.040300 9.508826
v -11.309120 -0.040300 9.478443
v -11.289612 -0.040300 9.440158
v -11.282891 -0.040300 9.397719
v -11.228335 -0.013612 9.335370
v -11.256994 -0.013612 9.279124
v -11.301631 -0.013612 9.234487
v -11.357877 -0.013612 9.205828
v -11.420227 -0.013612 9.195953
v -11.482576 -0.013612 9.205828
v -11.538822 -0.013612 9.234487
v -11.583459 -0.013612 9.279124
v -11.612118 -0.013612 9.335370
v -11.621993 -0.013612 9.397719
v -11.612118 -0.013612 9.460068
v -11.583459 -0.013612 9.516314
v -11.538822 -0.013612 9.560951
v -11.482576 -0.013612 9.589610
v -11.420227 -0.013612 9.599485
v -11.357877 -0.013612 9.589610
v -11.301631 -0.013612 9.560951
v -11.256994 -0.013612 9.516314
v -11.228336 -0.013612 9.460068
v -11.218460 -0.013612 9.397719
v -11.171784 0.022826 9.316995
v -11.208888 0.022826 9.244173
v -11.266680 0.022826 9.186381
v -11.339503 0.022826 9.149276
v -11.420227 0.022826 9.136491
v -11.500951 0.022826 9.149276
v -11.573773 0.022826 9.186381
v -11.631565 0.022826 9.244173
v -11.668669 0.022826 9.316995
v -11.681455 0.022826 9.397719
v -11.668669 0.022826 9.478443
v -11.631565 0.022826 9.551265
v -11.573773 0.022826 9.609057
v -11.500951 0.022826 9.646162
v -11.420227 0.022826 9.658947
v -11.339503 0.022826 9.646162
v -11.266680 0.022826 9.609057
v -11.208888 0.022826 9.551265
v -11.171784 0.022826 9.478443
v -11.158998 0.022826 9.397719
v -11.121349 0.068118 9.300608
v -11.165986 0.068118 9.213003
v -11.235510 0.068118 9.143479
v -11.323115 0.068118 9.098842
v -11.420227 0.068118 9.083461
v -11.517338 0.068118 9.098842
v -11.604943 0.068118 9.143479
v -11.674467 0.068118 9.213003
v -11.719104 0.068118 9.300608
v -11.734485 0.068118 9.397719
v -11.719104 0.068118 9.494830
v -11.674467 0.068118 9.582435
v -11.604943 0.068118 9.651959
v -11.517338 0.068118 9.696596
v -11.420227 0.068118 9.711977
v -11.323115 0.068118 9.696596
v -11.235510 0.068118 9.651959
v -11.165986 0.068118 9.582435
v -11.121349 0.068118 9.494830
v -11.105968 0.068118 9.397719
v -11.078274 0.121148 9.286612
v -11.129344 0.121148 9.186381
v -11.208888 0.121148 9.106837
v -11.309119 0.121148 9.055766
v -11.420227 0.121148 9.038169
v -11.531334 0.121148 9.055767
v -11.631565 0.121148 9.106837
v -11.711109 0.121148 9.186381
v -11.762179 0.121148 9.286612
v -11.779776 0.121148 9.397719
v -11.762179 0.121148 9.508826
v -11.711109 0.121148 9.609057
v -11.631565 0.121148 9.688601
v -11.531334 0.121148 9.739671
v -11.420227 0.121148 9.757269
v -11.309120 0.121148 9.739671
v -11.208888 0.121148 9.688601
v -11.129345 0.121148 9.609057
v -11.078274 0.121148 9.508826
v -11.060677 0.121148 9.397719
v -11.043619 0.180610 9.275352
v -11.099865 0.180610 9.164963
v -11.187470 0.180610 9.077357
v -11.297859 0.180610 9.021111
v -11.420227 0.180610 9.001730
v -11.542594 0.180610 9.021111
v -11.652983 0.180610 9.077358
v -11.740588 0.180610 9.164963
v -11.796834 0.180610 9.275352
v -11.816215 0.180610 9.397719
v -11.796834 0.180610 9.520086
v -11.740588 0.180610 9.630475
v -11.652983 0.180610 9.718080
v -11.542594 0.180610 9.774326
v -11.420227 0.180610 9.793707
v -11.297859 0.180610 9.774326
v -11.187470 0.180610 9.718080
v -11.099865 0.180610 9.630475
v -11.043619 0.180610 9.520086
v -11.024238 0.180610 9.397719
v -11.018237 0.245040 9.267105
v -11.078274 0.245040 9.149276
v -11.171784 0.245040 9.055766
v -11.289612 0.245040 8.995730
v -11.420227 0.245040 8.975042
v -11.550841 0.245040 8.995730
v -11.668669 0.245040 9.055767
v -11.762179 0.245040 9.149276
v -11.822216 0.245040 9.267105
v -11.842903 0.245040 9.397719
v -11.822216 0.245040 9.528333
v -11.762179 0.245040 9.646162
v -11.668669 0.245040 9.739671
v -11.550841 0.245040 9.799708
v -11.420227 0.245040 9.820395
v -11.289612 0.245040 9.799708
v -11.171784 0.245040 9.739671
v -11.078274 0.245040 9.646162
v -11.018238 0.245040 9.528333
v -10.997550 0.245040 9.397719
v -11.002754 0.312852 9.262074
v -11.065103 0.312852 9.139707
v -11.162214 0.312852 9.042595
v -11.284582 0.312852 8.980246
v -11.420227 0.312852 8.958762
v -11.555872 0.312852 8.980246
v -11.678239 0.312852 9.042596
v -11.775350 0.312852 9.139707
v -11.837699 0.312852 9.262074
v -11.859183 0.312852 9.397719
v -11.837699 0.312852 9.533364
v -11.775350 0.312852 9.655731
v -11.678239 0.312852 9.752842
v -11.555872 0.312852 9.815191
v -11.420227 0.312852 9.836675
v -11.284582 0.312852 9.815191
v -11.162214 0.312852 9.752842
v -11.065103 0.312852 9.655731
v -11.002754 0.312852 9.533364
v -10.981270 0.312852 9.397719
v -10.997550 0.382376 9.260383
v -11.060676 0.382376 9.136490
v -11.158998 0.382376 9.038169
v -11.282891 0.382376 8.975042
v -11.420227 0.382376 8.953291
v -11.557562 0.382376 8.975042
v -11.681455 0.382376 9.038169
v -11.779777 0.382376 9.136491
v -11.842903 0.382376 9.260383
v -11.864655 0.382376 9.397719
v -11.842903 0.382376 9.535055
v -11.779776 0.382376 9.658947
v -11.681455 0.382376 9.757269
v -11.557562 0.382376 9.820395
v -11.420227 0.382376 9.842147
v -11.282891 0.382376 9.820395
v -11.158998 0.382376 9.757269
v -11.060677 0.382376 9.658947
v -10.997550 0.382376 9.535055
v -10.975799 0.382376 9.397719
v -11.002754 0.451900 9.262074
v -11.065103 0.451900 9.139707
v -11.162214 0.451900 9.042595
v -11.284582 0.451900 8.980246
v -11.420227 0.451900 8.958762
v -11.555872 0.451900 8.980246
v -11.678239 0.451900 9.042596
v -11.775350 0.451900 9.139707
v -11.837699 0.451900 9.262074
v -11.859183 0.451900 9.397719
v -11.837699 0.451900 9.533364
v -11.775350 0.451900 9.655731
v -11.678239 0.451900 9.752842
v -11.555872 0.451900 9.815191
v -11.420227 0.451900 9.836675
v -11.284582 0.451900 9.815191
v -11.162214 0.451900 9.752842
v -11.065103 0.451900 9.655731
v -11.002754 0.451900 9.533364
v -10.981270 0.451900 9.397719
v -11.018237 0.519712 9.267105
v -11.078274 0.519712 9.149276
v -11.171784 0.519712 9.055766
v -11.289612 0.519712 8.995730
v -11.420227 0.519712 8.975042
v -11.550841 0.519712 8.995730
v -11.668669 0.519712 9.055767
v -11.762179 0.519712 9.149276
v -11.822216 0.519712 9.267105
v -11.842903 0.519712 9.397719
v -11.822216 0.519712 9.528333
v -11.762179 0.519712 9.646162
v -11.668669 0.519712 9.739671
v -11.550841 0.519712 9.799708
v -11.420227 0.519712 9.820395
v -11.289612 0.519712 9.799708
v -11.171784 0.519712 9.739671
v -11.078274 0.519712 9.646162
v -11.018238 0.519712 9.528333
v -10.997550 0.519712 9.397719
v -11.043619 0.584142 9.275352
v -11.099865 0.584142 9.164963
v -11.187470 0.584142 9.077357
v -11.297859 0.584142 9.021111
v -11.420227 0.584142 9.001730
v -11.542594 0.584142 9.021111
v -11.652983 0.584142 9.077358
v -11.740588 0.584142 9.164963
v -11.796834 0.584142 9.275352
v -11.816215 0.584142 9.397719
v -11.796834 0.584142 9.520086
v -11.740588 0.584142 9.630475
v -11.652983 0.584142 9.718080
v -11.542594 0.584142 9.774326
v -11.420227 0.584142 9.793707
v -11.297859 0.584142 9.774326
v -11.187470 0.584142 9.718080
v -11.099865 0.584142 9.630475
v -11.043619 0.584142 9.520086
v -11.024238 0.584142 9.397719
v -11.078274 0.643604 9.286612
v -11.129344 0.643604 9.186381
v -11.208888 0.643604 9.106837
v -11.309119 0.643604 9.055766
v -11.420227 0.643604 9.038169
v -11.531334 0.643604 9.055767
v -11.631565 0.643604 9.106837
v -11.711109 0.643604 9.186381
v -11.762179 0.643604 9.286612
v -11.779776 0.643604 9.397719
v -11.762179 0.643604 9.508826
v -11.711109 0.643604 9.609057
v -11.631565 0.643604 9.688601
v -11.531334 0.643604 9.739671
v -11.420227 0.643604 9.757269
v -11.309120 0.643604 9.739671
v -11.208888 0.643604 9.688601
v -11.129345 0.643604 9.609057
v -11.078274 0.643604 9.508826
v -11.060677 0.643604 9.397719
v -11.121349 0.696634 9.300608
v -11.165986 0.696634 9.213003
v -11.235510 0.696634 9.143479
v -11.323115 0.696634 9.098842
v -11.420227 0.696634 9.083461
v -11.517338 0.696634 9.098842
v -11.604943 0.696634 9.143479
v -11.674467 0.696634 9.213003
v -11.719104 0.696634 9.300608
v -11.734485 0.696634 9.397719
v -11.719104 0.696634 9.494830
v -11.674467 0.696634 9.582435
v -11.604943 0.696634 9.651959
v -11.517338 0.696634 9.696596
v -11.420227 0.696634 9.711977
v -11.323115 0.696634 9.696596
v -11.235510 0.696634 9.651959
v -11.165986 0.696634 9.582435
v -11.121349 0.696634 9.494830
v -11.105968 0.696634 9.397719
v -11.171784 0.741926 9.316995
v -11.208888 0.741926 9.244173
v -11.266680 0.741926 9.186381
v -11.339503 0.741926 9.149276
v -11.420227 0.741926 9.136491
v -11.500951 0.741926 9.149276
v -11.573773 0.741926 9.186381
v -11.631565 0.741926 9.244173
v -11.668669 0.741926 9.316995
v -11.681455 0.741926 9.397719
v -11.668669 0.741926 9.478443
v -11.631565 0.741926 9.551265
v -11.573773 0.741926 9.609057
v -11.500951 0.741926 9.646162
v -11.420227 0.741926 9.658947
v -11.339503 0.741926 9.646162
v -11.266680 0.741926 9.609057
v -11.208888 0.741926 9.551265
v -11.171784 0.741926 9.478443
v -11.158998 0.741926 9.397719
v -11.228335 0.778364 9.335370
v -11.256994 0.778364 9.279124
v -11.301631 0.778364 9.234487
v -11.357877 0.778364 9.205828
v -11.420227 0.778364 9.195953
v -11.482576 0.778364 9.205828
v -11.538822 0.778364 9.234487
v -11.583459 0.778364 9.279124
v -11.612118 0.778364 9.335370
v -11.621993 0.778364 9.397719
v -11.612118 0.778364 9.460068
v -11.583459 0.778364 9.516314
v -11.538822 0.778364 9.560951
v -11.482576 0.778364 9.589610
v -11.420227 0.778364 9.599485
v -11.357877 0.778364 9.589610
v -11.301631 0.778364 9.560951
v -11.256994 0.778364 9.516314
v -11.228336 0.778364 9.460068
v -11.218460 0.778364 9.397719
v -11.289612 0.805052 9.355280
v -11.309119 0.805052 9.316995
v -11.339503 0.805052 9.286612
v -11.377787 0.805052 9.267105
v -11.420227 0.805052 9.260383
v -11.462666 0.805052 9.267105
v -11.500951 0.805052 9.286612
v -11.531334 0.805052 9.316995
v -11.550841 0.805052 9.355280
v -11.557562 0.805052 9.397719
v -11.550841 0.805052 9.440158
v -11.531334 0.805052 9.478443
v -11.500951 0.805052 9.508826
v -11.462666 0.805052 9.528333
v -11.420227 0.805052 9.535055
v -11.377787 0.805052 9.528333
v -11.339503 0.805052 9.508826
v -11.309120 0.805052 9.478443
v -11.289612 0.805052 9.440158
v -11.282891 0.805052 9.397719
v -11.354105 0.821332 9.376235
v -11.363981 0.821332 9.356854
v -11.379361 0.821332 9.341473
v -11.398742 0.821332 9.331598
v -11.420227 0.821332 9.328195
v -11.441711 0.821332 9.331598
v -11.461092 0.821332 9.341473
v -11.476473 0.821332 9.356854
v -11.486348 0.821332 9.376235
v -11.489750 0.821332 9.397719
v -11.486348 0.821332 9.419203
v -11.476473 0.821332 9.438584
v -11.461092 0.821332 9.453965
v -11.441711 0.821332 9.463840
v -11.420227 0.821332 9.467243
v -11.398743 0.821332 9.463840
v -11.379361 0.821332 9.453965
v -11.363981 0.821332 9.438584
v -11.354105 0.821332 9.419203
v -11.350703 0.821332 9.397719
v -11.420227 -0.062052 9.397719
v -11.420227 0.826804 9.397719
vt 0.845177 0.536451
vt 0.904565 0.536451
vt 0.913005 0.571114
vt 0.849614 0.571114
vt 0.839119 0.504461
vt 0.893043 0.504461
vt 0.951697 0.536451
vt 0.963312 0.571114
vt 0.918153 0.607597
vt 0.852320 0.607597
vt 0.779344 0.536451
vt 0.779344 0.571114
vt 0.831589 0.475931
vt 0.878720 0.475931
vt 0.935837 0.504461
vt 0.779344 0.504461
vt 0.970398 0.607597
vt 0.919883 0.645000
vt 0.853230 0.645000
vt 0.779344 0.607597
vt 0.713511 0.536451
vt 0.709074 0.571114
vt 0.822773 0.451564
vt 0.861951 0.451564
vt 0.916124 0.475931
vt 0.779344 0.475931
vt 0.719569 0.504461
vt 0.972780 0.645000
vt 0.918153 0.682404
vt 0.852320 0.682404
vt 0.779344 0.645000
vt 0.706367 0.607597
vt 0.654123 0.536451
vt 0.645683 0.571114
vt 0.779344 0.451564
vt 0.727099 0.475931
vt 0.665645 0.504461
vt 0.970398 0.682404
vt 0.913005 0.718886
vt 0.849614 0.718886
vt 0.779344 0.682404
vt 0.705458 0.645000
vt 0.640535 0.607597
vt 0.606991 0.536451
vt 0.595376 0.571114
vt 0.779344 0.431961
vt 0.812888 0.431961
vt 0.735915 0.451564
vt 0.679968 0.475931
vt 0.622851 0.504461
vt 0.963312 0.718886
vt 0.904565 0.753549
vt 0.845177 0.753549
vt 0.779344 0.718886
vt 0.706367 0.682404
vt 0.638805 0.645000
vt 0.588290 0.607597
vt 0.745800 0.431961
vt 0.696737 0.451564
vt 0.642564 0.475931
vt 0.951697 0.753549
vt 0.893043 0.785539
vt 0.839119 0.785539
vt 0.779344 0.753549
vt 0.709074 0.718886
vt 0.640535 0.682404
vt 0.585908 0.645000
vt 0.935837 0.785539
vt 0.878720 0.814069
vt 0.831589 0.814069
vt 0.779344 0.785539
vt 0.713511 0.753549
vt 0.645683 0.718886
vt 0.588290 0.682404
vt 0.916124 0.814069
vt 0.861951 0.838435
vt 0.822773 0.838435
vt 0.779344 0.814069
vt 0.719569 0.785539
vt 0.654123 0.753549
vt 0.595376 0.718886
vt 0.779344 0.838435
vt 0.727099 0.814069
vt 0.665645 0.785539
vt 0.606991 0.753549
vt 0.812888 0.858039
vt 0.779344 0.858039
vt 0.735915 0.838435
vt 0.679968 0.814069
vt 0.622851 0.785539
vt 0.745800 0.858039
vt 0.696737 0.838435
vt 0.642564 0.814069
vt 0.351500 0.106482
vt 0.410888 0.106482
vt 0.406451 0.141145
vt 0.343060 0.141145
vt 0.363022 0.074492
vt 0.416946 0.074492
vt 0.476721 0.106482
vt 0.476721 0.141145
vt 0.403745 0.177628
vt 0.337912 0.177628
vt 0.304369 0.106482
vt 0.292753 0.141145
vt 0.377345 0.045962
vt 0.424476 0.045962
vt 0.476721 0.074492
vt 0.320228 0.074492
vt 0.542554 0.106482
vt 0.546990 0.141145
vt 0.476721 0.177628
vt 0.402835 0.215031
vt 0.336182 0.215031
vt 0.285667 0.177628
vt 0.394114 0.021596
vt 0.433292 0.021596
vt 0.476721 0.045962
vt 0.339941 0.045962
vt 0.536496 0.074492
vt 0.601942 0.106482
vt 0.610382 0.141145
vt 0.549697 0.177628
vt 0.476721 0.215031
vt 0.403745 0.252435
vt 0.337912 0.252435
vt 0.283285 0.215031
vt 0.476721 0.021596
vt 0.528966 0.045962
vt 0.590420 0.074492
vt 0.649073 0.106482
vt 0.660689 0.141145
vt 0.615530 0.177628
vt 0.550607 0.215031
vt 0.476721 0.252435
vt 0.406451 0.288917
vt 0.343060 0.288917
vt 0.285667 0.252435
vt 0.443178 0.001992
vt 0.476721 0.001992
vt 0.520150 0.021596
vt 0.576097 0.045962
vt 0.633214 0.074492
vt 0.667775 0.177628
vt 0.617260 0.215031
vt 0.549697 0.252435
vt 0.476721 0.288917
vt 0.410888 0.323580
vt 0.351500 0.323580
vt 0.292753 0.288917
vt 0.510264 0.001992
vt 0.559328 0.021596
vt 0.613500 0.045962
vt 0.670156 0.215031
vt 0.615530 0.252435
vt 0.546990 0.288917
vt 0.476721 0.323580
vt 0.416946 0.355570
vt 0.363022 0.355570
vt 0.304369 0.323580
vt 0.667775 0.252435
vt 0.610382 0.288917
vt 0.542554 0.323580
vt 0.476721 0.355570
vt 0.424476 0.384100
vt 0.377345 0.384100
vt 0.320228 0.355570
vt 0.660689 0.288917
vt 0.601942 0.323580
vt 0.536496 0.355570
vt 0.476721 0.384100
vt 0.433292 0.408467
vt 0.394114 0.408467
vt 0.339941 0.384100
vt 0.649073 0.323580
vt 0.590420 0.355570
vt 0.528966 0.384100
vt 0.476721 0.408467
vt 0.633214 0.355570
vt 0.576097 0.384100
vt 0.520150 0.408467
vt 0.476721 0.428070
vt 0.443178 0.428070
vt 0.613500 0.384100
vt 0.559328 0.408467
vt 0.510264 0.428070
vt 0.174294 0.203473
vt 0.168982 0.193046
vt 0.198496 0.171603
vt 0.208991 0.192199
vt 0.138721 0.215031
vt 0.160707 0.184771
vt 0.182150 0.155257
vt 0.226539 0.151228
vt 0.241958 0.181488
vt 0.176125 0.215031
vt 0.212607 0.215031
vt 0.150280 0.179458
vt 0.161553 0.144762
vt 0.202525 0.127213
vt 0.252420 0.132425
vt 0.272382 0.171603
vt 0.247270 0.215031
vt 0.174294 0.226590
vt 0.208991 0.237863
vt 0.138721 0.177628
vt 0.138721 0.141146
vt 0.172265 0.111795
vt 0.221328 0.101333
vt 0.241957 0.248575
vt 0.168981 0.237017
vt 0.198496 0.258460
vt 0.127163 0.179458
vt 0.115889 0.144762
vt 0.138721 0.106482
vt 0.182150 0.081371
vt 0.238098 0.078252
vt 0.275501 0.115655
vt 0.226539 0.278835
vt 0.160707 0.245291
vt 0.182150 0.274806
vt 0.116736 0.184772
vt 0.095292 0.155257
vt 0.105178 0.111795
vt 0.138721 0.074492
vt 0.190967 0.054237
vt 0.272382 0.258460
vt 0.252420 0.297638
vt 0.202525 0.302849
vt 0.150280 0.250604
vt 0.161553 0.285301
vt 0.108461 0.193046
vt 0.078947 0.171603
vt 0.074918 0.127213
vt 0.095292 0.081371
vt 0.138721 0.045962
vt 0.198496 0.031063
vt 0.252420 0.058539
vt 0.221328 0.328730
vt 0.172265 0.318268
vt 0.138721 0.252435
vt 0.138721 0.288917
vt 0.103149 0.203473
vt 0.068452 0.192199
vt 0.050903 0.151228
vt 0.056114 0.101333
vt 0.086476 0.054237
vt 0.138721 0.021596
vt 0.204554 0.012419
vt 0.263943 0.042679
vt 0.275501 0.314408
vt 0.238098 0.351811
vt 0.182150 0.348692
vt 0.138721 0.323580
vt 0.127163 0.250604
vt 0.115889 0.285301
vt 0.101318 0.215031
vt 0.064836 0.215031
vt 0.035485 0.181488
vt 0.025023 0.132425
vt 0.039345 0.078252
vt 0.078947 0.031063
vt 0.138721 0.001992
vt 0.190967 0.375825
vt 0.138721 0.355570
vt 0.105178 0.318268
vt 0.116736 0.245291
vt 0.095292 0.274806
vt 0.103149 0.226590
vt 0.068452 0.237863
vt 0.030172 0.215031
vt 0.005061 0.171603
vt 0.001942 0.115655
vt 0.025023 0.058539
vt 0.072889 0.012419
vt 0.252420 0.371524
vt 0.198496 0.399000
vt 0.138721 0.384100
vt 0.095292 0.348692
vt 0.074918 0.302849
vt 0.108461 0.237017
vt 0.078947 0.258460
vt 0.035485 0.248575
vt 0.013500 0.042679
vt 0.263943 0.387384
vt 0.204554 0.417644
vt 0.138721 0.408467
vt 0.086476 0.375825
vt 0.056114 0.328730
vt 0.050903 0.278835
vt 0.138721 0.428071
vt 0.078947 0.399000
vt 0.039345 0.351811
vt 0.025023 0.297638
vt 0.005061 0.258460
vt 0.072889 0.417644
vt 0.025023 0.371524
vt 0.001942 0.314408
vt 0.013500 0.387384
vt 0.579928 0.744376
vt 0.542524 0.781779
vt 0.525755 0.758698
vt 0.556847 0.727607
vt 0.495393 0.805794
vt 0.486577 0.778661
vt 0.506952 0.732817
vt 0.530966 0.708803
vt 0.556847 0.801493
vt 0.502923 0.828968
vt 0.443148 0.814069
vt 0.443148 0.785539
vt 0.476692 0.748236
vt 0.486577 0.704774
vt 0.502923 0.688429
vt 0.576809 0.688429
vt 0.546385 0.678543
vt 0.568370 0.817352
vt 0.508981 0.847612
vt 0.443148 0.838435
vt 0.390903 0.805794
vt 0.399719 0.778661
vt 0.443148 0.753548
vt 0.465980 0.715270
vt 0.465134 0.675260
vt 0.473408 0.666985
vt 0.513418 0.667832
vt 0.443148 0.858039
vt 0.383373 0.828968
vt 0.343772 0.781779
vt 0.360541 0.758698
vt 0.409605 0.748236
vt 0.443148 0.718886
vt 0.454707 0.680573
vt 0.443148 0.645000
vt 0.478721 0.656558
vt 0.551697 0.645000
vt 0.517034 0.645000
vt 0.377316 0.847612
vt 0.329450 0.801493
vt 0.306369 0.744376
vt 0.329450 0.727607
vt 0.379345 0.732817
vt 0.420316 0.715270
vt 0.443148 0.682403
vt 0.480552 0.645000
vt 0.546384 0.611456
vt 0.513418 0.622168
vt 0.317927 0.817352
vt 0.355330 0.708803
vt 0.399719 0.704774
vt 0.431590 0.680573
vt 0.478721 0.633441
vt 0.530966 0.581196
vt 0.502923 0.601571
vt 0.309488 0.688429
vt 0.339912 0.678543
vt 0.383373 0.688429
vt 0.421163 0.675260
vt 0.473408 0.623014
vt 0.556847 0.562393
vt 0.576809 0.601571
vt 0.506952 0.557182
vt 0.486577 0.585225
vt 0.372879 0.667832
vt 0.412888 0.666985
vt 0.465134 0.614739
vt 0.525755 0.531301
vt 0.476692 0.541764
vt 0.465980 0.574730
vt 0.334599 0.645000
vt 0.369262 0.645000
vt 0.407576 0.656558
vt 0.454707 0.609427
vt 0.542524 0.508220
vt 0.579928 0.545623
vt 0.486577 0.511339
vt 0.443148 0.536451
vt 0.443148 0.571114
vt 0.339912 0.611456
vt 0.372879 0.622168
vt 0.405745 0.645000
vt 0.443148 0.607596
vt 0.495393 0.484205
vt 0.443148 0.504461
vt 0.409605 0.541764
vt 0.420316 0.574730
vt 0.355330 0.581196
vt 0.383373 0.601571
vt 0.407576 0.633441
vt 0.431590 0.609427
vt 0.502923 0.461032
vt 0.556847 0.488507
vt 0.443148 0.475931
vt 0.399719 0.511339
vt 0.379345 0.557182
vt 0.399719 0.585225
vt 0.309488 0.601571
vt 0.329450 0.562393
vt 0.412888 0.623014
vt 0.421163 0.614739
vt 0.508981 0.442388
vt 0.568370 0.472647
vt 0.443148 0.451564
vt 0.390903 0.484205
vt 0.360541 0.531301
vt 0.443148 0.431961
vt 0.383373 0.461032
vt 0.343772 0.508220
vt 0.306369 0.545623
vt 0.377316 0.442388
vt 0.329450 0.488507
vt 0.317927 0.472647
vt 0.300389 0.447277
vt 0.300389 0.506666
vt 0.265725 0.502230
vt 0.265725 0.438838
vt 0.300389 0.572499
vt 0.265725 0.572499
vt 0.229243 0.499523
vt 0.229243 0.433690
vt 0.300389 0.638332
vt 0.265725 0.642768
vt 0.229243 0.572499
vt 0.191839 0.498614
vt 0.191839 0.431961
vt 0.300389 0.697721
vt 0.265725 0.706160
vt 0.229243 0.645475
vt 0.191839 0.572499
vt 0.154436 0.499523
vt 0.154436 0.433690
vt 0.229243 0.711308
vt 0.191839 0.646384
vt 0.154436 0.572499
vt 0.117954 0.502230
vt 0.117954 0.438838
vt 0.191839 0.713039
vt 0.154436 0.645475
vt 0.117954 0.572499
vt 0.083290 0.506666
vt 0.083290 0.447277
vt 0.154436 0.711308
vt 0.117954 0.642768
vt 0.083290 0.572499
vt 0.117954 0.706160
vt 0.083290 0.638332
vt 0.083290 0.697721
vt 0.001942 0.982690
vt 0.001942 0.923302
vt 0.036605 0.927738
vt 0.036605 0.991130
vt 0.001942 0.857469
vt 0.036605 0.857469
vt 0.073087 0.930445
vt 0.073087 0.996278
vt 0.001942 0.791636
vt 0.036605 0.787199
vt 0.073087 0.857469
vt 0.110491 0.931355
vt 0.110491 0.998008
vt 0.001942 0.732248
vt 0.036605 0.723808
vt 0.073087 0.784493
vt 0.110491 0.857469
vt 0.147894 0.930445
vt 0.147894 0.996278
vt 0.073087 0.718660
vt 0.110491 0.783583
vt 0.147894 0.857469
vt 0.184376 0.927738
vt 0.184376 0.991130
vt 0.110491 0.716930
vt 0.147894 0.784493
vt 0.184376 0.857469
vt 0.219040 0.923302
vt 0.219040 0.982690
vt 0.147894 0.718660
vt 0.184376 0.787199
vt 0.219040 0.857469
vt 0.184376 0.723808
vt 0.219040 0.791636
vt 0.219040 0.732248
vn 0.190555 -0.979722 -0.061915
vn 0.162096 -0.979722 -0.117769
vn 0.269870 -0.942722 -0.196072
vn 0.317252 -0.942722 -0.103081
vn 0.117769 -0.979722 -0.162095
vn 0.196072 -0.942722 -0.269870
vn 0.061915 -0.979722 -0.190555
vn 0.103081 -0.942722 -0.317251
vn -0.000000 -0.979722 -0.200361
vn -0.000000 -0.942722 -0.333578
vn -0.061915 -0.979722 -0.190555
vn -0.103081 -0.942722 -0.317252
vn -0.117769 -0.979722 -0.162096
vn -0.196072 -0.942722 -0.269871
vn -0.162096 -0.979722 -0.117770
vn -0.269870 -0.942722 -0.196072
vn -0.190555 -0.979722 -0.061915
vn -0.317252 -0.942722 -0.103081
vn -0.200361 -0.979722 0.000000
vn -0.333578 -0.942722 -0.000000
vn -0.190555 -0.979722 0.061915
vn -0.317252 -0.942722 0.103081
vn -0.162096 -0.979722 0.117769
vn -0.269870 -0.942723 0.196072
vn -0.117769 -0.979722 0.162095
vn -0.196072 -0.942722 0.269870
vn -0.061915 -0.979722 0.190555
vn -0.103081 -0.942722 0.317252
vn 0.000000 -0.979722 0.200361
vn 0.000000 -0.942722 0.333578
vn 0.061915 -0.979722 0.190555
vn 0.103081 -0.942722 0.317252
vn 0.117769 -0.979722 0.162096
vn 0.196072 -0.942722 0.269870
vn 0.162096 -0.979722 0.117769
vn 0.269870 -0.942722 0.196072
vn 0.190555 -0.979722 0.061915
vn 0.317252 -0.942722 0.103081
vn 0.200361 -0.979722 0.000001
vn 0.333578 -0.942722 0.000000
vn 0.380846 -0.882266 -0.276701
vn 0.447712 -0.882266 -0.145470
vn 0.276701 -0.882266 -0.380846
vn 0.145470 -0.882266 -0.447711
vn -0.000000 -0.882266 -0.470752
vn -0.145470 -0.882266 -0.447711
vn -0.276701 -0.882266 -0.380846
vn -0.380846 -0.882266 -0.276701
vn -0.447712 -0.882266 -0.145470
vn -0.470752 -0.882266 0.000000
vn -0.447712 -0.882266 0.145470
vn -0.380846 -0.882266 0.276701
vn -0.276701 -0.882266 0.380846
vn -0.145470 -0.882266 0.447712
vn 0.000000 -0.882266 0.470752
vn 0.145470 -0.882266 0.447712
vn 0.276701 -0.882266 0.380846
vn 0.380846 -0.882266 0.276701
vn 0.447712 -0.882266 0.145470
vn 0.470752 -0.882266 0.000000
vn 0.485138 -0.800252 -0.352474
vn 0.570314 -0.800252 -0.185306
vn 0.352473 -0.800252 -0.485138
vn 0.185306 -0.800252 -0.570314
vn -0.000000 -0.800252 -0.599664
vn -0.185307 -0.800252 -0.570314
vn -0.352474 -0.800252 -0.485138
vn -0.485138 -0.800252 -0.352474
vn -0.570314 -0.800252 -0.185306
vn -0.599664 -0.800252 0.000000
vn -0.570314 -0.800252 0.185306
vn -0.485138 -0.800252 0.352474
vn -0.352474 -0.800252 0.485138
vn -0.185306 -0.800252 0.570314
vn 0.000000 -0.800252 0.599664
vn 0.185306 -0.800252 0.570314
vn 0.352474 -0.800252 0.485139
vn 0.485138 -0.800252 0.352474
vn 0.570314 -0.800252 0.185306
vn 0.599664 -0.800252 0.000001
vn 0.578713 -0.698789 -0.420459
vn 0.680318 -0.698789 -0.221048
vn 0.420459 -0.698789 -0.578713
vn 0.221049 -0.698789 -0.680318
vn -0.000000 -0.698789 -0.715328
vn -0.221049 -0.698789 -0.680318
vn -0.420460 -0.698789 -0.578713
vn -0.578713 -0.698789 -0.420459
vn -0.680318 -0.698788 -0.221049
vn -0.715328 -0.698788 -0.000000
vn -0.680318 -0.698789 0.221049
vn -0.578713 -0.698788 0.420460
vn -0.420459 -0.698788 0.578713
vn -0.221049 -0.698788 0.680318
vn -0.000000 -0.698788 0.715328
vn 0.221049 -0.698789 0.680318
vn 0.420460 -0.698788 0.578713
vn 0.578713 -0.698788 0.420459
vn 0.680318 -0.698789 0.221049
vn 0.715328 -0.698788 0.000001
vn 0.658808 -0.580401 -0.478652
vn 0.774475 -0.580401 -0.251641
vn 0.478652 -0.580401 -0.658808
vn 0.251642 -0.580401 -0.774475
vn -0.000000 -0.580401 -0.814331
vn -0.251642 -0.580401 -0.774475
vn -0.478652 -0.580401 -0.658808
vn -0.658808 -0.580401 -0.478652
vn -0.774475 -0.580401 -0.251642
vn -0.814331 -0.580401 -0.000000
vn -0.774475 -0.580401 0.251642
vn -0.658808 -0.580401 0.478652
vn -0.478652 -0.580401 0.658808
vn -0.251642 -0.580401 0.774475
vn 0.000000 -0.580401 0.814331
vn 0.251642 -0.580401 0.774475
vn 0.478652 -0.580401 0.658808
vn 0.658808 -0.580401 0.478652
vn 0.774475 -0.580401 0.251642
vn 0.814331 -0.580401 0.000001
vn 0.723291 -0.447994 -0.525502
vn 0.850280 -0.447994 -0.276272
vn 0.525501 -0.447994 -0.723291
vn 0.276272 -0.447994 -0.850279
vn -0.000000 -0.447994 -0.894037
vn -0.276273 -0.447994 -0.850279
vn -0.525502 -0.447994 -0.723291
vn -0.723291 -0.447994 -0.525501
vn -0.850280 -0.447994 -0.276272
vn -0.894037 -0.447994 -0.000000
vn -0.850279 -0.447994 0.276272
vn -0.723291 -0.447994 0.525502
vn -0.525502 -0.447994 0.723291
vn -0.276273 -0.447994 0.850279
vn 0.000000 -0.447994 0.894037
vn 0.276273 -0.447994 0.850279
vn 0.525502 -0.447994 0.723291
vn 0.723291 -0.447994 0.525502
vn 0.850280 -0.447994 0.276273
vn 0.894037 -0.447994 0.000001
vn 0.770524 -0.304789 -0.559819
vn 0.905806 -0.304789 -0.294313
vn 0.559818 -0.304789 -0.770524
vn 0.294314 -0.304789 -0.905805
vn -0.000000 -0.304789 -0.952420
vn -0.294314 -0.304789 -0.905805
vn -0.559819 -0.304789 -0.770524
vn -0.770524 -0.304789 -0.559818
vn -0.905805 -0.304789 -0.294314
vn -0.952420 -0.304789 -0.000000
vn -0.905805 -0.304789 0.294314
vn -0.770524 -0.304788 0.559819
vn -0.559818 -0.304788 0.770524
vn -0.294314 -0.304789 0.905805
vn 0.000000 -0.304789 0.952420
vn 0.294314 -0.304789 0.905805
vn 0.559818 -0.304789 0.770524
vn 0.770524 -0.304789 0.559818
vn 0.905805 -0.304789 0.294314
vn 0.952420 -0.304788 0.000001
vn 0.799335 -0.154249 -0.580751
vn 0.939675 -0.154249 -0.305318
vn 0.580751 -0.154249 -0.799335
vn 0.305319 -0.154249 -0.939674
vn 0.000000 -0.154249 -0.988032
vn -0.305319 -0.154249 -0.939674
vn -0.580751 -0.154249 -0.799335
vn -0.799335 -0.154249 -0.580751
vn -0.939674 -0.154248 -0.305319
vn -0.988032 -0.154248 0.000000
vn -0.939674 -0.154248 0.305319
vn -0.799335 -0.154248 0.580751
vn -0.580751 -0.154249 0.799335
vn -0.305319 -0.154249 0.939674
vn 0.000000 -0.154249 0.988032
vn 0.305319 -0.154249 0.939674
vn 0.580751 -0.154249 0.799335
vn 0.799335 -0.154249 0.580751
vn 0.939674 -0.154249 0.305319
vn 0.988032 -0.154249 0.000001
vn 0.809017 0.000000 -0.587785
vn 0.951057 -0.000000 -0.309016
vn 0.587785 -0.000000 -0.809017
vn 0.309017 -0.000000 -0.951057
vn 0.000000 0.000000 -1.000000
vn -0.309017 -0.000000 -0.951056
vn -0.587785 -0.000000 -0.809017
vn -0.809017 0.000000 -0.587785
vn -0.951057 0.000000 -0.309017
vn -1.000000 -0.000000 0.000000
vn -0.951056 -0.000000 0.309017
vn -0.809017 0.000000 0.587785
vn -0.587785 -0.000000 0.809017
vn -0.309017 -0.000000 0.951057
vn 0.000000 0.000000 1.000000
vn 0.309017 -0.000000 0.951057
vn 0.587785 -0.000000 0.809017
vn 0.809017 -0.000000 0.587785
vn 0.951057 0.000000 0.309017
vn 1.000000 0.000000 0.000001
vn 0.799335 0.154249 -0.580751
vn 0.939675 0.154249 -0.305318
vn 0.580751 0.154249 -0.799335
vn 0.305319 0.154249 -0.939674
vn 0.000000 0.154249 -0.988032
vn -0.305319 0.154249 -0.939674
vn -0.580751 0.154249 -0.799335
vn -0.799335 0.154249 -0.580751
vn -0.939674 0.154248 -0.305319
vn -0.988032 0.154248 0.000000
vn -0.939674 0.154248 0.305319
vn -0.799335 0.154248 0.580751
vn -0.580751 0.154249 0.799335
vn -0.305319 0.154249 0.939674
vn 0.000000 0.154249 0.988032
vn 0.305319 0.154249 0.939674
vn 0.580751 0.154249 0.799335
vn 0.799335 0.154249 0.580751
vn 0.939674 0.154249 0.305319
vn 0.988032 0.154249 0.000001
vn 0.770524 0.304789 -0.559819
vn 0.905806 0.304789 -0.294313
vn 0.559818 0.304789 -0.770524
vn 0.294314 0.304789 -0.905805
vn -0.000000 0.304789 -0.952420
vn -0.294314 0.304789 -0.905805
vn -0.559819 0.304789 -0.770524
vn -0.770524 0.304789 -0.559818
vn -0.905805 0.304789 -0.294314
vn -0.952420 0.304789 -0.000000
vn -0.905805 0.304789 0.294314
vn -0.770524 0.304788 0.559819
vn -0.559818 0.304788 0.770524
vn -0.294314 0.304789 0.905805
vn 0.000000 0.304789 0.952420
vn 0.294314 0.304789 0.905805
vn 0.559818 0.304789 0.770524
vn 0.770524 0.304789 0.559818
vn 0.905805 0.304789 0.294314
vn 0.952420 0.304789 0.000001
vn 0.723291 0.447994 -0.525502
vn 0.850280 0.447994 -0.276272
vn 0.525501 0.447994 -0.723291
vn 0.276272 0.447994 -0.850280
vn -0.000000 0.447994 -0.894037
vn -0.276273 0.447994 -0.850279
vn -0.525502 0.447994 -0.723291
vn -0.723291 0.447994 -0.525501
vn -0.850280 0.447994 -0.276273
vn -0.894037 0.447994 -0.000000
vn -0.850279 0.447994 0.276272
vn -0.723291 0.447994 0.525502
vn -0.525502 0.447994 0.723291
vn -0.276273 0.447994 0.850279
vn 0.000000 0.447994 0.894037
vn 0.276273 0.447994 0.850280
vn 0.525502 0.447994 0.723291
vn 0.723291 0.447994 0.525502
vn 0.850280 0.447994 0.276273
vn 0.894037 0.447994 0.000001
vn 0.658808 0.580401 -0.478652
vn 0.774475 0.580401 -0.251641
vn 0.478652 0.580401 -0.658808
vn 0.251642 0.580401 -0.774475
vn -0.000000 0.580401 -0.814331
vn -0.251642 0.580401 -0.774475
vn -0.478652 0.580401 -0.658808
vn -0.658808 0.580401 -0.478652
vn -0.774475 0.580401 -0.251642
vn -0.814331 0.580401 -0.000000
vn -0.774475 0.580401 0.251642
vn -0.658808 0.580401 0.478652
vn -0.478652 0.580401 0.658808
vn -0.251642 0.580401 0.774475
vn 0.000000 0.580401 0.814331
vn 0.251642 0.580401 0.774475
vn 0.478652 0.580401 0.658808
vn 0.658808 0.580401 0.478652
vn 0.774475 0.580401 0.251642
vn 0.814331 0.580401 0.000001
vn 0.578712 0.698789 -0.420459
vn 0.680318 0.698789 -0.221048
vn 0.420459 0.698789 -0.578713
vn 0.221049 0.698789 -0.680318
vn -0.000000 0.698789 -0.715328
vn -0.221049 0.698789 -0.680318
vn -0.420460 0.698789 -0.578713
vn -0.578713 0.698789 -0.420459
vn -0.680318 0.698789 -0.221049
vn -0.715328 0.698788 0.000000
vn -0.680318 0.698789 0.221049
vn -0.578713 0.698788 0.420460
vn -0.420459 0.698788 0.578713
vn -0.221049 0.698788 0.680318
vn -0.000000 0.698788 0.715328
vn 0.221049 0.698789 0.680318
vn 0.420460 0.698788 0.578713
vn 0.578713 0.698788 0.420460
vn 0.680318 0.698789 0.221049
vn 0.715328 0.698788 0.000001
vn 0.485138 0.800252 -0.352474
vn 0.570314 0.800252 -0.185306
vn 0.352473 0.800252 -0.485138
vn 0.185306 0.800252 -0.570314
vn -0.000000 0.800252 -0.599664
vn -0.185307 0.800252 -0.570314
vn -0.352474 0.800252 -0.485138
vn -0.485138 0.800252 -0.352474
vn -0.570314 0.800252 -0.185306
vn -0.599664 0.800252 0.000000
vn -0.570314 0.800252 0.185306
vn -0.485138 0.800252 0.352474
vn -0.352474 0.800252 0.485138
vn -0.185306 0.800252 0.570314
vn 0.000000 0.800252 0.599664
vn 0.185306 0.800252 0.570315
vn 0.352474 0.800252 0.485139
vn 0.485139 0.800252 0.352474
vn 0.570314 0.800252 0.185306
vn 0.599664 0.800252 0.000001
vn 0.380846 0.882266 -0.276701
vn 0.447711 0.882266 -0.145470
vn 0.276701 0.882266 -0.380846
vn 0.145470 0.882266 -0.447712
vn -0.000000 0.882266 -0.470752
vn -0.145470 0.882266 -0.447711
vn -0.276701 0.882266 -0.380846
vn -0.380846 0.882266 -0.276701
vn -0.447712 0.882266 -0.145470
vn -0.470752 0.882266 0.000000
vn -0.447712 0.882266 0.145471
vn -0.380846 0.882266 0.276701
vn -0.276701 0.882266 0.380846
vn -0.145470 0.882266 0.447712
vn 0.000000 0.882266 0.470752
vn 0.145470 0.882266 0.447712
vn 0.276701 0.882266 0.380846
vn 0.380846 0.882266 0.276701
vn 0.447712 0.882266 0.145470
vn 0.470752 0.882266 0.000000
vn 0.269870 0.942722 -0.196073
vn 0.317252 0.942722 -0.103081
vn 0.196072 0.942722 -0.269871
vn 0.103081 0.942722 -0.317252
vn -0.000000 0.942722 -0.333578
vn -0.103081 0.942722 -0.317251
vn -0.196072 0.942722 -0.269870
vn -0.269870 0.942722 -0.196072
vn -0.317252 0.942722 -0.103081
vn -0.333578 0.942722 0.000000
vn -0.317252 0.942722 0.103082
vn -0.269870 0.942722 0.196072
vn -0.196072 0.942722 0.269870
vn -0.103081 0.942722 0.317252
vn 0.000000 0.942722 0.333578
vn 0.103081 0.942722 0.317252
vn 0.196072 0.942722 0.269870
vn 0.269870 0.942722 0.196072
vn 0.317252 0.942722 0.103081
vn 0.333578 0.942722 0.000000
vn 0.162096 0.979722 -0.117769
vn 0.190555 0.979722 -0.061915
vn 0.117769 0.979722 -0.162096
vn 0.061915 0.979722 -0.190555
vn -0.000000 0.979722 -0.200361
vn -0.061915 0.979722 -0.190555
vn -0.117769 0.979722 -0.162095
vn -0.162096 0.979722 -0.117769
vn -0.190555 0.979722 -0.061915
vn -0.200361 0.979722 0.000000
vn -0.190555 0.979722 0.061915
vn -0.162096 0.979722 0.117769
vn -0.117769 0.979722 0.162096
vn -0.061915 0.979722 0.190555
vn 0.000000 0.979722 0.200361
vn 0.061915 0.979722 0.190555
vn 0.117769 0.979722 0.162096
vn 0.162096 0.979722 0.117769
vn 0.190555 0.979722 0.061915
vn 0.200361 0.979722 0.000001
vn -0.000000 -1.000000 -0.000000
vn -0.000000 1.000000 0.000000
s 1
g pasted__pSphere7
usemtl pasted__standardSurface4SG3
f 863/2109/1823 864/2110/1824 884/2111/1825 883/2112/1826
f 864/2110/1824 865/2114/1827 885/2115/1828 884/2111/1825
f 865/2114/1827 866/2120/1829 886/2121/1830 885/2115/1828
f 866/2120/1829 867/2128/1831 887/2129/1832 886/2121/1830
f 867/2128/1831 868/2135/1833 888/2136/1834 887/2129/1832
f 868/2135/1833 869/2144/1835 889/2145/1836 888/2136/1834
f 869/2144/1835 870/2154/1837 890/2155/1838 889/2145/1836
f 870/2154/1837 871/2165/1839 891/2166/1840 890/2155/1838
f 871/2165/1839 872/2179/1841 892/2180/1842 891/2166/1840
f 872/2179/1841 873/2191/1843 893/2192/1844 892/2180/1842
f 873/2191/1843 874/2203/1845 894/2204/1846 893/2192/1844
f 874/2203/1845 875/2189/1847 895/2190/1848 894/2204/1846
f 875/2189/1847 876/2177/1849 896/2178/1850 895/2190/1848
f 876/2177/1849 877/2163/1851 897/2164/1852 896/2178/1850
f 877/2163/1851 878/2152/1853 898/2153/1854 897/2164/1852
f 878/2152/1853 879/2142/1855 899/2143/1856 898/2153/1854
f 879/2142/1855 880/2133/1857 900/2134/1858 899/2143/1856
f 880/2133/1857 881/2126/1859 901/2127/1860 900/2134/1858
f 881/2126/1859 882/2118/1861 902/2119/1862 901/2127/1860
f 882/2118/1861 863/2109/1823 883/2112/1826 902/2119/1862
f 883/2112/1826 884/2111/1825 904/2116/1863 903/2117/1864
f 884/2111/1825 885/2115/1828 905/2122/1865 904/2116/1863
f 885/2115/1828 886/2121/1830 906/2130/1866 905/2122/1865
f 886/2121/1830 887/2129/1832 907/2137/1867 906/2130/1866
f 887/2129/1832 888/2136/1834 908/2146/1868 907/2137/1867
f 888/2136/1834 889/2145/1836 909/2156/1869 908/2146/1868
f 889/2145/1836 890/2155/1838 910/2167/1870 909/2156/1869
f 890/2155/1838 891/2166/1840 911/2181/1871 910/2167/1870
f 891/2166/1840 892/2180/1842 912/2193/1872 911/2181/1871
f 892/2180/1842 893/2192/1844 913/2205/1873 912/2193/1872
f 893/2192/1844 894/2204/1846 914/2212/1874 913/2205/1873
f 894/2204/1846 895/2190/1848 915/2202/1875 914/2212/1874
f 895/2190/1848 896/2178/1850 916/2188/1876 915/2202/1875
f 896/2178/1850 897/2164/1852 917/2176/1877 916/2188/1876
f 897/2164/1852 898/2153/1854 918/2162/1878 917/2176/1877
f 898/2153/1854 899/2143/1856 919/2151/1879 918/2162/1878
f 899/2143/1856 900/2134/1858 920/2141/1880 919/2151/1879
f 900/2134/1858 901/2127/1860 921/2132/1881 920/2141/1880
f 901/2127/1860 902/2119/1862 922/2125/1882 921/2132/1881
f 902/2119/1862 883/2112/1826 903/2117/1864 922/2125/1882
f 903/2117/1864 904/2116/1863 924/2123/1883 923/2124/1884
f 904/2116/1863 905/2122/1865 925/2131/1885 924/2123/1883
f 905/2122/1865 906/2130/1866 926/2138/1886 925/2131/1885
f 906/2130/1866 907/2137/1867 927/2147/1887 926/2138/1886
f 907/2137/1867 908/2146/1868 928/2157/1888 927/2147/1887
f 908/2146/1868 909/2156/1869 929/2168/1889 928/2157/1888
f 909/2156/1869 910/2167/1870 930/2182/1890 929/2168/1889
f 910/2167/1870 911/2181/1871 931/2194/1891 930/2182/1890
f 911/2061/1871 912/2062/1872 932/2050/1892 931/2039/1891
f 912/2062/1872 913/2073/1873 933/2063/1893 932/2050/1892
f 913/2205/1873 914/2212/1874 934/2216/1894 933/2217/1893
f 914/2212/1874 915/2202/1875 935/2211/1895 934/2216/1894
f 915/2202/1875 916/2188/1876 936/2201/1896 935/2211/1895
f 916/2188/1876 917/2176/1877 937/2187/1897 936/2201/1896
f 917/2176/1877 918/2162/1878 938/2175/1898 937/2187/1897
f 918/2162/1878 919/2151/1879 939/2161/1899 938/2175/1898
f 919/2151/1879 920/2141/1880 940/2150/1900 939/2161/1899
f 920/2141/1880 921/2132/1881 941/2149/1901 940/2150/1900
f 921/1980/1881 922/1968/1882 942/1957/1902 941/1970/1901
f 922/1968/1882 903/1969/1864 923/1945/1884 942/1957/1902
f 923/1945/1884 924/1946/1883 944/1936/1903 943/1935/1904
f 924/2123/1883 925/2131/1885 945/2139/1905 944/2140/1903
f 925/2131/1885 926/2138/1886 946/2148/1906 945/2139/1905
f 926/2138/1886 927/2147/1887 947/2158/1907 946/2148/1906
f 927/2147/1887 928/2157/1888 948/2169/1908 947/2158/1907
f 928/2157/1888 929/2168/1889 949/2183/1909 948/2169/1908
f 929/2168/1889 930/2182/1890 950/2195/1910 949/2183/1909
f 930/2038/1890 931/2039/1891 951/2029/1911 950/2028/1910
f 931/2039/1891 932/2050/1892 952/2040/1912 951/2029/1911
f 932/2050/1892 933/2063/1893 953/2051/1913 952/2040/1912
f 933/2063/1893 934/2074/1894 954/2064/1914 953/2051/1913
f 934/2216/1894 935/2211/1895 955/2215/1915 954/2220/1914
f 935/2211/1895 936/2201/1896 956/2210/1916 955/2215/1915
f 936/2201/1896 937/2187/1897 957/2200/1917 956/2210/1916
f 937/2187/1897 938/2175/1898 958/2186/1918 957/2200/1917
f 938/2175/1898 939/2161/1899 959/2174/1919 958/2186/1918
f 939/2161/1899 940/2150/1900 960/2173/1920 959/2174/1919
f 940/1981/1900 941/1970/1901 961/1958/1921 960/1971/1920
f 941/1970/1901 942/1957/1902 962/1948/1922 961/1958/1921
f 942/1957/1902 923/1945/1884 943/1935/1904 962/1948/1922
f 943/1935/1904 944/1936/1903 964/1928/1923 963/1927/1924
f 944/1936/1903 945/1947/1905 965/1937/1925 964/1928/1923
f 945/2139/1905 946/2148/1906 966/2159/1926 965/2160/1925
f 946/2148/1906 947/2158/1907 967/2170/1927 966/2159/1926
f 947/2158/1907 948/2169/1908 968/2184/1928 967/2170/1927
f 948/2169/1908 949/2183/1909 969/2196/1929 968/2184/1928
f 949/2041/1909 950/2028/1910 970/2020/1930 969/2031/1929
f 950/2028/1910 951/2029/1911 971/2021/1931 970/2020/1930
f 951/2029/1911 952/2040/1912 972/2030/1932 971/2021/1931
f 952/2040/1912 953/2051/1913 973/2042/1933 972/2030/1932
f 953/2051/1913 954/2064/1914 974/2052/1934 973/2042/1933
f 954/2064/1914 955/2075/1915 975/2065/1935 974/2052/1934
f 955/2215/1915 956/2210/1916 976/2214/1936 975/2219/1935
f 956/2210/1916 957/2200/1917 977/2209/1937 976/2214/1936
f 957/2200/1917 958/2186/1918 978/2199/1938 977/2209/1937
f 958/2186/1918 959/2174/1919 979/2198/1939 978/2199/1938
f 959/1982/1919 960/1971/1920 980/1959/1940 979/1972/1939
f 960/1971/1920 961/1958/1921 981/1949/1941 980/1959/1940
f 961/1958/1921 962/1948/1922 982/1938/1942 981/1949/1941
f 962/1948/1922 943/1935/1904 963/1927/1924 982/1938/1942
f 963/1927/1924 964/1928/1923 984/1924/1943 983/1923/1944
f 964/1928/1923 965/1937/1925 985/1929/1945 984/1924/1943
f 965/2160/1925 966/2159/1926 986/2171/1946 985/2172/1945
f 966/2159/1926 967/2170/1927 987/2185/1947 986/2171/1946
f 967/2170/1927 968/2184/1928 988/2197/1948 987/2185/1947
f 968/2184/1928 969/2196/1929 989/2206/1949 988/2197/1948
f 969/2031/1929 970/2020/1930 990/2016/1950 989/2026/1949
f 970/2020/1930 971/2021/1931 991/2017/1951 990/2016/1950
f 971/2021/1931 972/2030/1932 992/2022/1952 991/2017/1951
f 972/2030/1932 973/2042/1933 993/2032/1953 992/2022/1952
f 973/2042/1933 974/2052/1934 994/2043/1954 993/2032/1953
f 974/2052/1934 975/2065/1935 995/2053/1955 994/2043/1954
f 975/2219/1935 976/2214/1936 996/2218/1956 995/2221/1955
f 976/2214/1936 977/2209/1937 997/2213/1957 996/2218/1956
f 977/2209/1937 978/2199/1938 998/2208/1958 997/2213/1957
f 978/2199/1938 979/2198/1939 999/2207/1959 998/2208/1958
f 979/1972/1939 980/1959/1940 1000/1955/1960 999/1966/1959
f 980/1959/1940 981/1949/1941 1001/1943/1961 1000/1955/1960
f 981/1949/1941 982/1938/1942 1002/1933/1962 1001/1943/1961
f 982/1938/1942 963/1927/1924 983/1923/1944 1002/1933/1962
f 983/1923/1944 984/1924/1943 1004/1925/1963 1003/1926/1964
f 984/1924/1943 985/1929/1945 1005/1930/1965 1004/1925/1963
f 985/2335/1945 986/2336/1946 1006/2337/1966 1005/2338/1965
f 986/2336/1946 987/2339/1947 1007/2340/1967 1006/2337/1966
f 987/2339/1947 988/2343/1948 1008/2344/1968 1007/2340/1967
f 988/2343/1948 989/2348/1949 1009/2349/1969 1008/2344/1968
f 989/2026/1949 990/2016/1950 1010/2019/1970 1009/2027/1969
f 990/2016/1950 991/2017/1951 1011/2018/1971 1010/2019/1970
f 991/2017/1951 992/2022/1952 1012/2023/1972 1011/2018/1971
f 992/2022/1952 993/2032/1953 1013/2033/1973 1012/2023/1972
f 993/2032/1953 994/2043/1954 1014/2044/1974 1013/2033/1973
f 994/2043/1954 995/2053/1955 1015/2054/1975 1014/2044/1974
f 995/2370/1955 996/2371/1956 1016/2372/1976 1015/2373/1975
f 996/2371/1956 997/2374/1957 1017/2375/1977 1016/2372/1976
f 997/2374/1957 998/2378/1958 1018/2379/1978 1017/2375/1977
f 998/2378/1958 999/2383/1959 1019/2384/1979 1018/2379/1978
f 999/1966/1959 1000/1955/1960 1020/1956/1980 1019/1967/1979
f 1000/1955/1960 1001/1943/1961 1021/1944/1981 1020/1956/1980
f 1001/1943/1961 1002/1933/1962 1022/1934/1982 1021/1944/1981
f 1002/1933/1962 983/1923/1944 1003/1926/1964 1022/1934/1982
f 1003/1926/1964 1004/1925/1963 1024/1931/1983 1023/1932/1984
f 1004/1925/1963 1005/1930/1965 1025/1939/1985 1024/1931/1983
f 1005/2338/1965 1006/2337/1966 1026/2341/1986 1025/2342/1985
f 1006/2337/1966 1007/2340/1967 1027/2345/1987 1026/2341/1986
f 1007/2340/1967 1008/2344/1968 1028/2350/1988 1027/2345/1987
f 1008/2344/1968 1009/2349/1969 1029/2354/1989 1028/2350/1988
f 1009/2027/1969 1010/2019/1970 1030/2025/1990 1029/2037/1989
f 1010/2019/1970 1011/2018/1971 1031/2024/1991 1030/2025/1990
f 1011/2018/1971 1012/2023/1972 1032/2034/1992 1031/2024/1991
f 1012/2023/1972 1013/2033/1973 1033/2045/1993 1032/2034/1992
f 1013/2033/1973 1014/2044/1974 1034/2055/1994 1033/2045/1993
f 1014/2044/1974 1015/2054/1975 1035/2066/1995 1034/2055/1994
f 1015/2373/1975 1016/2372/1976 1036/2376/1996 1035/2377/1995
f 1016/2372/1976 1017/2375/1977 1037/2380/1997 1036/2376/1996
f 1017/2375/1977 1018/2379/1978 1038/2385/1998 1037/2380/1997
f 1018/2379/1978 1019/2384/1979 1039/2389/1999 1038/2385/1998
f 1019/1967/1979 1020/1956/1980 1040/1965/2000 1039/1979/1999
f 1020/1956/1980 1021/1944/1981 1041/1954/2001 1040/1965/2000
f 1021/1944/1981 1022/1934/1982 1042/1942/2002 1041/1954/2001
f 1022/1934/1982 1003/1926/1964 1023/1932/1984 1042/1942/2002
f 1023/1932/1984 1024/1931/1983 1044/1940/2003 1043/1941/2004
f 1024/1931/1983 1025/1939/1985 1045/1950/2005 1044/1940/2003
f 1025/2342/1985 1026/2341/1986 1046/2346/2006 1045/2347/2005
f 1026/2341/1986 1027/2345/1987 1047/2351/2007 1046/2346/2006
f 1027/2345/1987 1028/2350/1988 1048/2355/2008 1047/2351/2007
f 1028/2350/1988 1029/2354/1989 1049/2359/2009 1048/2355/2008
f 1029/2037/1989 1030/2025/1990 1050/2036/2010 1049/2049/2009
f 1030/2025/1990 1031/2024/1991 1051/2035/2011 1050/2036/2010
f 1031/2024/1991 1032/2034/1992 1052/2046/2012 1051/2035/2011
f 1032/2034/1992 1033/2045/1993 1053/2056/2013 1052/2046/2012
f 1033/2045/1993 1034/2055/1994 1054/2067/2014 1053/2056/2013
f 1034/2055/1994 1035/2066/1995 1055/2076/2015 1054/2067/2014
f 1035/2377/1995 1036/2376/1996 1056/2381/2016 1055/2382/2015
f 1036/2376/1996 1037/2380/1997 1057/2386/2017 1056/2381/2016
f 1037/2380/1997 1038/2385/1998 1058/2390/2018 1057/2386/2017
f 1038/2385/1998 1039/2389/1999 1059/2394/2019 1058/2390/2018
f 1039/1979/1999 1040/1965/2000 1060/1978/2020 1059/1989/2019
f 1040/1965/2000 1041/1954/2001 1061/1964/2021 1060/1978/2020
f 1041/1954/2001 1042/1942/2002 1062/1953/2022 1061/1964/2021
f 1042/1942/2002 1023/1932/1984 1043/1941/2004 1062/1953/2022
f 1043/1941/2004 1044/1940/2003 1064/1951/2023 1063/1952/2024
f 1044/1940/2003 1045/1950/2005 1065/1960/2025 1064/1951/2023
f 1045/2347/2005 1046/2346/2006 1066/2352/2026 1065/2353/2025
f 1046/2346/2006 1047/2351/2007 1067/2356/2027 1066/2352/2026
f 1047/2351/2007 1048/2355/2008 1068/2360/2028 1067/2356/2027
f 1048/2355/2008 1049/2359/2009 1069/2364/2029 1068/2360/2028
f 1049/2049/2009 1050/2036/2010 1070/2048/2030 1069/2060/2029
f 1050/2036/2010 1051/2035/2011 1071/2047/2031 1070/2048/2030
f 1051/2035/2011 1052/2046/2012 1072/2057/2032 1071/2047/2031
f 1052/2046/2012 1053/2056/2013 1073/2068/2033 1072/2057/2032
f 1053/2056/2013 1054/2067/2014 1074/2077/2034 1073/2068/2033
f 1054/2067/2014 1055/2076/2015 1075/2083/2035 1074/2077/2034
f 1055/2382/2015 1056/2381/2016 1076/2387/2036 1075/2388/2035
f 1056/2381/2016 1057/2386/2017 1077/2391/2037 1076/2387/2036
f 1057/2386/2017 1058/2390/2018 1078/2395/2038 1077/2391/2037
f 1058/2390/2018 1059/2394/2019 1079/2399/2039 1078/2395/2038
f 1059/1989/2019 1060/1978/2020 1080/1988/2040 1079/1996/2039
f 1060/1978/2020 1061/1964/2021 1081/1977/2041 1080/1988/2040
f 1061/1964/2021 1062/1953/2022 1082/1963/2042 1081/1977/2041
f 1062/1953/2022 1043/1941/2004 1063/1952/2024 1082/1963/2042
f 1063/1952/2024 1064/1951/2023 1084/1961/2043 1083/1962/2044
f 1064/1951/2023 1065/1960/2025 1085/1973/2045 1084/1961/2043
f 1065/2353/2025 1066/2352/2026 1086/2357/2046 1085/2358/2045
f 1066/2352/2026 1067/2356/2027 1087/2361/2047 1086/2357/2046
f 1067/2356/2027 1068/2360/2028 1088/2365/2048 1087/2361/2047
f 1068/2360/2028 1069/2364/2029 1089/2367/2049 1088/2365/2048
f 1069/2060/2029 1070/2048/2030 1090/2059/2050 1089/2072/2049
f 1070/2048/2030 1071/2047/2031 1091/2058/2051 1090/2059/2050
f 1071/2047/2031 1072/2057/2032 1092/2069/2052 1091/2058/2051
f 1072/2057/2032 1073/2068/2033 1093/2078/2053 1092/2069/2052
f 1073/2068/2033 1074/2077/2034 1094/2084/2054 1093/2078/2053
f 1074/2077/2034 1075/2083/2035 1095/2090/2055 1094/2084/2054
f 1075/2388/2035 1076/2387/2036 1096/2392/2056 1095/2393/2055
f 1076/2387/2036 1077/2391/2037 1097/2396/2057 1096/2392/2056
f 1077/2391/2037 1078/2395/2038 1098/2400/2058 1097/2396/2057
f 1078/2395/2038 1079/2399/2039 1099/2402/2059 1098/2400/2058
f 1079/1996/2039 1080/1988/2040 1100/1995/2060 1099/2003/2059
f 1080/1988/2040 1081/1977/2041 1101/1987/2061 1100/1995/2060
f 1081/1977/2041 1082/1963/2042 1102/1976/2062 1101/1987/2061
f 1082/1963/2042 1063/1952/2024 1083/1962/2044 1102/1976/2062
f 1083/1962/2044 1084/1961/2043 1104/1974/2063 1103/1975/2064
f 1084/1961/2043 1085/1973/2045 1105/1983/2065 1104/1974/2063
f 1085/2358/2045 1086/2357/2046 1106/2362/2066 1105/2363/2065
f 1086/2357/2046 1087/2361/2047 1107/2366/2067 1106/2362/2066
f 1087/2361/2047 1088/2365/2048 1108/2368/2068 1107/2366/2067
f 1088/2365/2048 1089/2367/2049 1109/2369/2069 1108/2368/2068
f 1089/2072/2049 1090/2059/2050 1110/2071/2070 1109/2082/2069
f 1090/2059/2050 1091/2058/2051 1111/2070/2071 1110/2071/2070
f 1091/2058/2051 1092/2069/2052 1112/2079/2072 1111/2070/2071
f 1092/2069/2052 1093/2078/2053 1113/2085/2073 1112/2079/2072
f 1093/2078/2053 1094/2084/2054 1114/2091/2074 1113/2085/2073
f 1094/2084/2054 1095/2090/2055 1115/2097/2075 1114/2091/2074
f 1095/2393/2055 1096/2392/2056 1116/2397/2076 1115/2398/2075
f 1096/2392/2056 1097/2396/2057 1117/2401/2077 1116/2397/2076
f 1097/2396/2057 1098/2400/2058 1118/2403/2078 1117/2401/2077
f 1098/2400/2058 1099/2402/2059 1119/2404/2079 1118/2403/2078
f 1099/2003/2059 1100/1995/2060 1120/2002/2080 1119/2007/2079
f 1100/1995/2060 1101/1987/2061 1121/1994/2081 1120/2002/2080
f 1101/1987/2061 1102/1976/2062 1122/1986/2082 1121/1994/2081
f 1102/1976/2062 1083/1962/2044 1103/1975/2064 1122/1986/2082
f 1103/1975/2064 1104/1974/2063 1124/1984/2083 1123/1985/2084
f 1104/1974/2063 1105/1983/2065 1125/1990/2085 1124/1984/2083
f 1105/2239/2065 1106/2240/2066 1126/2231/2086 1125/2230/2085
f 1106/2240/2066 1107/2249/2067 1127/2241/2087 1126/2231/2086
f 1107/2249/2067 1108/2260/2068 1128/2250/2088 1127/2241/2087
f 1108/2260/2068 1109/2270/2069 1129/2261/2089 1128/2250/2088
f 1109/2082/2069 1110/2071/2070 1130/2081/2090 1129/2089/2089
f 1110/2071/2070 1111/2070/2071 1131/2080/2091 1130/2081/2090
f 1111/2070/2071 1112/2079/2072 1132/2086/2092 1131/2080/2091
f 1112/2079/2072 1113/2085/2073 1133/2092/2093 1132/2086/2092
f 1113/2085/2073 1114/2091/2074 1134/2098/2094 1133/2092/2093
f 1114/2091/2074 1115/2097/2075 1135/2101/2095 1134/2098/2094
f 1115/2334/2075 1116/2332/2076 1136/2329/2096 1135/2333/2095
f 1116/2332/2076 1117/2328/2077 1137/2325/2097 1136/2329/2096
f 1117/2328/2077 1118/2323/2078 1138/2313/2098 1137/2325/2097
f 1118/2323/2078 1119/2324/2079 1139/2314/2099 1138/2313/2098
f 1119/2007/2079 1120/2002/2080 1140/2006/2100 1139/2012/2099
f 1120/2002/2080 1121/1994/2081 1141/2001/2101 1140/2006/2100
f 1121/1994/2081 1122/1986/2082 1142/1993/2102 1141/2001/2101
f 1122/1986/2082 1103/1975/2064 1123/1985/2084 1142/1993/2102
f 1123/1985/2084 1124/1984/2083 1144/1991/2103 1143/1992/2104
f 1124/1984/2083 1125/1990/2085 1145/1997/2105 1144/1991/2103
f 1125/2230/2085 1126/2231/2086 1146/2226/2106 1145/2223/2105
f 1126/2231/2086 1127/2241/2087 1147/2232/2107 1146/2226/2106
f 1127/2241/2087 1128/2250/2088 1148/2242/2108 1147/2232/2107
f 1128/2250/2088 1129/2261/2089 1149/2251/2109 1148/2242/2108
f 1129/2089/2089 1130/2081/2090 1150/2088/2110 1149/2096/2109
f 1130/2081/2090 1131/2080/2091 1151/2087/2111 1150/2088/2110
f 1131/2080/2091 1132/2086/2092 1152/2093/2112 1151/2087/2111
f 1132/2086/2092 1133/2092/2093 1153/2099/2113 1152/2093/2112
f 1133/2092/2093 1134/2098/2094 1154/2102/2114 1153/2099/2113
f 1134/2098/2094 1135/2101/2095 1155/2106/2115 1154/2102/2114
f 1135/2333/2095 1136/2329/2096 1156/2326/2116 1155/2330/2115
f 1136/2329/2096 1137/2325/2097 1157/2315/2117 1156/2326/2116
f 1137/2325/2097 1138/2313/2098 1158/2305/2118 1157/2315/2117
f 1138/2313/2098 1139/2314/2099 1159/2296/2119 1158/2305/2118
f 1139/2012/2099 1140/2006/2100 1160/2011/2120 1159/2015/2119
f 1140/2006/2100 1141/2001/2101 1161/2005/2121 1160/2011/2120
f 1141/2001/2101 1142/1993/2102 1162/2000/2122 1161/2005/2121
f 1142/1993/2102 1123/1985/2084 1143/1992/2104 1162/2000/2122
f 1143/1992/2104 1144/1991/2103 1164/1998/2123 1163/1999/2124
f 1144/2222/2103 1145/2223/2105 1165/2224/2125 1164/2225/2123
f 1145/2223/2105 1146/2226/2106 1166/2227/2126 1165/2224/2125
f 1146/2226/2106 1147/2232/2107 1167/2233/2127 1166/2227/2126
f 1147/2232/2107 1148/2242/2108 1168/2243/2128 1167/2233/2127
f 1148/2242/2108 1149/2251/2109 1169/2252/2129 1168/2243/2128
f 1149/2251/2109 1150/2262/2110 1170/2263/2130 1169/2252/2129
f 1150/2088/2110 1151/2087/2111 1171/2094/2131 1170/2095/2130
f 1151/2087/2111 1152/2093/2112 1172/2100/2132 1171/2094/2131
f 1152/2093/2112 1153/2099/2113 1173/2103/2133 1172/2100/2132
f 1153/2099/2113 1154/2102/2114 1174/2107/2134 1173/2103/2133
f 1154/2331/2114 1155/2330/2115 1175/2327/2135 1174/2320/2134
f 1155/2330/2115 1156/2326/2116 1176/2316/2136 1175/2327/2135
f 1156/2326/2116 1157/2315/2117 1177/2306/2137 1176/2316/2136
f 1157/2315/2117 1158/2305/2118 1178/2298/2138 1177/2306/2137
f 1158/2305/2118 1159/2296/2119 1179/2289/2139 1178/2298/2138
f 1159/2296/2119 1160/2297/2120 1180/2282/2140 1179/2289/2139
f 1160/2011/2120 1161/2005/2121 1181/2010/2141 1180/2014/2140
f 1161/2005/2121 1162/2000/2122 1182/2004/2142 1181/2010/2141
f 1162/2000/2122 1143/1992/2104 1163/1999/2124 1182/2004/2142
f 1163/2237/2124 1164/2225/2123 1184/2229/2143 1183/2238/2144
f 1164/2225/2123 1165/2224/2125 1185/2228/2145 1184/2229/2143
f 1165/2224/2125 1166/2227/2126 1186/2234/2146 1185/2228/2145
f 1166/2227/2126 1167/2233/2127 1187/2244/2147 1186/2234/2146
f 1167/2233/2127 1168/2243/2128 1188/2253/2148 1187/2244/2147
f 1168/2243/2128 1169/2252/2129 1189/2264/2149 1188/2253/2148
f 1169/2252/2129 1170/2263/2130 1190/2271/2150 1189/2264/2149
f 1170/2263/2130 1171/2277/2131 1191/2278/2151 1190/2271/2150
f 1171/2094/2131 1172/2100/2132 1192/2104/2152 1191/2105/2151
f 1172/2100/2132 1173/2103/2133 1193/2108/2153 1192/2104/2152
f 1173/2319/2133 1174/2320/2134 1194/2309/2154 1193/2301/2153
f 1174/2320/2134 1175/2327/2135 1195/2317/2155 1194/2309/2154
f 1175/2327/2135 1176/2316/2136 1196/2307/2156 1195/2317/2155
f 1176/2316/2136 1177/2306/2137 1197/2299/2157 1196/2307/2156
f 1177/2306/2137 1178/2298/2138 1198/2290/2158 1197/2299/2157
f 1178/2298/2138 1179/2289/2139 1199/2284/2159 1198/2290/2158
f 1179/2289/2139 1180/2282/2140 1200/2275/2160 1199/2284/2159
f 1180/2282/2140 1181/2283/2141 1201/2268/2161 1200/2275/2160
f 1181/2010/2141 1182/2004/2142 1202/2009/2162 1201/2013/2161
f 1182/2004/2142 1163/1999/2124 1183/2008/2144 1202/2009/2162
f 1183/2238/2144 1184/2229/2143 1204/2236/2163 1203/2248/2164
f 1184/2229/2143 1185/2228/2145 1205/2235/2165 1204/2236/2163
f 1185/2228/2145 1186/2234/2146 1206/2245/2166 1205/2235/2165
f 1186/2234/2146 1187/2244/2147 1207/2254/2167 1206/2245/2166
f 1187/2244/2147 1188/2253/2148 1208/2265/2168 1207/2254/2167
f 1188/2253/2148 1189/2264/2149 1209/2272/2169 1208/2265/2168
f 1189/2264/2149 1190/2271/2150 1210/2279/2170 1209/2272/2169
f 1190/2271/2150 1191/2278/2151 1211/2286/2171 1210/2279/2170
f 1191/2278/2151 1192/2292/2152 1212/2293/2172 1211/2286/2171
f 1192/2292/2152 1193/2301/2153 1213/2302/2173 1212/2293/2172
f 1193/2301/2153 1194/2309/2154 1214/2310/2174 1213/2302/2173
f 1194/2309/2154 1195/2317/2155 1215/2318/2175 1214/2310/2174
f 1195/2317/2155 1196/2307/2156 1216/2308/2176 1215/2318/2175
f 1196/2307/2156 1197/2299/2157 1217/2300/2177 1216/2308/2176
f 1197/2299/2157 1198/2290/2158 1218/2291/2178 1217/2300/2177
f 1198/2290/2158 1199/2284/2159 1219/2285/2179 1218/2291/2178
f 1199/2284/2159 1200/2275/2160 1220/2276/2180 1219/2285/2179
f 1200/2275/2160 1201/2268/2161 1221/2269/2181 1220/2276/2180
f 1201/2268/2161 1202/2258/2162 1222/2259/2182 1221/2269/2181
f 1202/2258/2162 1183/2238/2144 1203/2248/2164 1222/2259/2182
f 1203/2248/2164 1204/2236/2163 1224/2247/2183 1223/2257/2184
f 1204/2236/2163 1205/2235/2165 1225/2246/2185 1224/2247/2183
f 1205/2235/2165 1206/2245/2166 1226/2255/2186 1225/2246/2185
f 1206/2245/2166 1207/2254/2167 1227/2266/2187 1226/2255/2186
f 1207/2254/2167 1208/2265/2168 1228/2273/2188 1227/2266/2187
f 1208/2265/2168 1209/2272/2169 1229/2280/2189 1228/2273/2188
f 1209/2272/2169 1210/2279/2170 1230/2287/2190 1229/2280/2189
f 1210/2279/2170 1211/2286/2171 1231/2294/2191 1230/2287/2190
f 1211/2286/2171 1212/2293/2172 1232/2303/2192 1231/2294/2191
f 1212/2293/2172 1213/2302/2173 1233/2311/2193 1232/2303/2192
f 1213/2302/2173 1214/2310/2174 1234/2321/2194 1233/2311/2193
f 1214/2310/2174 1215/2318/2175 1235/2322/2195 1234/2321/2194
f 1215/2318/2175 1216/2308/2176 1236/2312/2196 1235/2322/2195
f 1216/2308/2176 1217/2300/2177 1237/2304/2197 1236/2312/2196
f 1217/2300/2177 1218/2291/2178 1238/2295/2198 1237/2304/2197
f 1218/2291/2178 1219/2285/2179 1239/2288/2199 1238/2295/2198
f 1219/2285/2179 1220/2276/2180 1240/2281/2200 1239/2288/2199
f 1220/2276/2180 1221/2269/2181 1241/2274/2201 1240/2281/2200
f 1221/2269/2181 1222/2259/2182 1242/2267/2202 1241/2274/2201
f 1222/2259/2182 1203/2248/2164 1223/2257/2184 1242/2267/2202
f 864/2110/1824 863/2109/1823 1243/2113/2203
f 865/2114/1827 864/2110/1824 1243/2113/2203
f 866/2120/1829 865/2114/1827 1243/2113/2203
f 867/2128/1831 866/2120/1829 1243/2113/2203
f 868/2135/1833 867/2128/1831 1243/2113/2203
f 869/2144/1835 868/2135/1833 1243/2113/2203
f 870/2154/1837 869/2144/1835 1243/2113/2203
f 871/2165/1839 870/2154/1837 1243/2113/2203
f 872/2179/1841 871/2165/1839 1243/2113/2203
f 873/2191/1843 872/2179/1841 1243/2113/2203
f 874/2203/1845 873/2191/1843 1243/2113/2203
f 875/2189/1847 874/2203/1845 1243/2113/2203
f 876/2177/1849 875/2189/1847 1243/2113/2203
f 877/2163/1851 876/2177/1849 1243/2113/2203
f 878/2152/1853 877/2163/1851 1243/2113/2203
f 879/2142/1855 878/2152/1853 1243/2113/2203
f 880/2133/1857 879/2142/1855 1243/2113/2203
f 881/2126/1859 880/2133/1857 1243/2113/2203
f 882/2118/1861 881/2126/1859 1243/2113/2203
f 863/2109/1823 882/2118/1861 1243/2113/2203
f 1223/2257/2184 1224/2247/2183 1244/2256/2204
f 1224/2247/2183 1225/2246/2185 1244/2256/2204
f 1225/2246/2185 1226/2255/2186 1244/2256/2204
f 1226/2255/2186 1227/2266/2187 1244/2256/2204
f 1227/2266/2187 1228/2273/2188 1244/2256/2204
f 1228/2273/2188 1229/2280/2189 1244/2256/2204
f 1229/2280/2189 1230/2287/2190 1244/2256/2204
f 1230/2287/2190 1231/2294/2191 1244/2256/2204
f 1231/2294/2191 1232/2303/2192 1244/2256/2204
f 1232/2303/2192 1233/2311/2193 1244/2256/2204
f 1233/2311/2193 1234/2321/2194 1244/2256/2204
f 1234/2321/2194 1235/2322/2195 1244/2256/2204
f 1235/2322/2195 1236/2312/2196 1244/2256/2204
f 1236/2312/2196 1237/2304/2197 1244/2256/2204
f 1237/2304/2197 1238/2295/2198 1244/2256/2204
f 1238/2295/2198 1239/2288/2199 1244/2256/2204
f 1239/2288/2199 1240/2281/2200 1244/2256/2204
f 1240/2281/2200 1241/2274/2201 1244/2256/2204
f 1241/2274/2201 1242/2267/2202 1244/2256/2204
f 1242/2267/2202 1223/2257/2184 1244/2256/2204
