# This file uses centimeters as units for non-parametric coordinates.

mtllib laberinto3tex.mtl
g default
v -1.730393 -1.146423 -7.846205
v -1.730393 -1.146423 -0.857136
v -1.730393 0.854932 -7.846205
v -1.730393 0.854932 -0.857136
v -1.016551 0.854932 -7.846205
v -1.016551 0.854932 -0.857136
v -1.016551 -1.146423 -7.846205
v -1.016551 -1.146423 -0.857136
v -12.977626 -1.116763 -11.279897
v 11.395704 -1.116763 -11.279897
v -12.977626 0.884593 -11.279897
v 11.395704 0.884593 -11.279897
v -12.977626 0.884593 -12.286585
v 11.395704 0.884593 -12.286585
v -12.977626 -1.116763 -12.286585
v 11.395704 -1.116763 -12.286585
v 8.952290 -1.146423 -12.099800
v 8.952290 -1.146423 -5.110731
v 8.952290 0.854932 -12.099800
v 8.952290 0.854932 -5.110731
v 9.666130 0.854932 -12.099800
v 9.666130 0.854932 -5.110731
v 9.666130 -1.146423 -12.099800
v 9.666130 -1.146423 -5.110731
v -13.180937 -1.116763 -12.277123
v -13.180937 -1.116763 12.132317
v -13.180937 0.884593 -12.277123
v -13.180937 0.884593 12.132317
v -12.174250 0.884593 -12.277123
v -12.174250 0.884593 12.132317
v -12.174250 -1.116763 -12.277123
v -12.174250 -1.116763 12.132317
v 10.903284 -1.116763 -12.277123
v 10.903284 -1.116763 12.132317
v 10.903284 0.884593 -12.277123
v 10.903284 0.884593 12.132317
v 11.909969 0.884593 -12.277123
v 11.909969 0.884593 12.132317
v 11.909969 -1.116763 -12.277123
v 11.909969 -1.116763 12.132317
v -12.977626 -1.116763 12.156183
v 11.395704 -1.116763 12.156183
v -12.977626 0.884593 12.156183
v 11.395704 0.884593 12.156183
v -12.977626 0.884593 11.149498
v 11.395704 0.884593 11.149498
v -12.977626 -1.116763 11.149498
v 11.395704 -1.116763 11.149498
v 8.952290 -1.146423 -3.690655
v 8.952290 -1.146423 9.822945
v 8.952290 0.854932 -3.690655
v 8.952290 0.854932 9.822945
v 9.666130 0.854932 -3.690655
v 9.666130 0.854932 9.822945
v 9.666130 -1.146423 -3.690655
v 9.666130 -1.146423 9.822945
v -7.989675 -1.146423 -3.637506
v -7.989675 -1.146423 -0.847472
v -7.989675 0.854932 -3.637506
v -7.989675 0.854932 -0.847472
v -7.275834 0.854932 -3.637506
v -7.275834 0.854932 -0.847472
v -7.275834 -1.146423 -3.637506
v -7.275834 -1.146423 -0.847472
v 6.854860 -1.146423 -10.008531
v 6.854860 -1.146423 -7.218497
v 6.854860 0.854932 -10.008531
v 6.854860 0.854932 -7.218497
v 7.568701 0.854932 -10.008531
v 7.568701 0.854932 -7.218497
v 7.568701 -1.146423 -10.008531
v 7.568701 -1.146423 -7.218497
v -5.876994 -1.146423 -7.868001
v -5.876994 -1.146423 -2.986071
v -5.876994 0.854932 -7.868001
v -5.876994 0.854932 -2.986071
v -5.163152 0.854932 -7.868001
v -5.163152 0.854932 -2.986071
v -5.163152 -1.146423 -7.868001
v -5.163152 -1.146423 -2.986071
v -3.759055 -1.146423 -9.988282
v -3.759055 -1.146423 -2.739988
v -3.759055 0.854932 -9.988282
v -3.759055 0.854932 -2.739988
v -3.045214 0.854932 -9.988282
v -3.045214 0.854932 -2.739988
v -3.045214 -1.146423 -9.988282
v -3.045214 -1.146423 -2.739988
v -7.989675 -1.146423 6.831328
v -7.989675 -1.146423 11.233994
v -7.989675 0.854932 6.831328
v -7.989675 0.854932 11.233994
v -7.275834 0.854932 6.831328
v -7.275834 0.854932 11.233994
v -7.275834 -1.146423 6.831328
v -7.275834 -1.146423 11.233994
v 0.509157 -1.146423 -10.010511
v 0.509157 -1.146423 1.296736
v 0.509157 0.854932 -10.010511
v 0.509157 0.854932 1.296736
v 1.222999 0.854932 -10.010511
v 1.222999 0.854932 1.296736
v 1.222999 -1.146423 -10.010511
v 1.222999 -1.146423 1.296736
v 4.764983 -1.146423 8.927287
v 4.764983 -1.146423 11.594447
v 4.764983 0.854932 8.927287
v 4.764983 0.854932 11.594447
v 5.478824 0.854932 8.927287
v 5.478824 0.854932 11.594447
v 5.478824 -1.146423 8.927287
v 5.478824 -1.146423 11.594447
v 6.854860 -1.146423 -1.508167
v 6.854860 -1.146423 1.281868
v 6.854860 0.854932 -1.508167
v 6.854860 0.854932 1.281868
v 7.568701 0.854932 -1.508167
v 7.568701 0.854932 1.281868
v 7.568701 -1.146423 -1.508167
v 7.568701 -1.146423 1.281868
v 6.854860 -1.146423 -5.762804
v 6.854860 -1.146423 -2.972770
v 6.854860 0.854932 -5.762804
v 6.854860 0.854932 -2.972770
v 7.568701 0.854932 -5.762804
v 7.568701 0.854932 -2.972770
v 7.568701 -1.146423 -5.762804
v 7.568701 -1.146423 -2.972770
v -1.659763 -1.146423 0.607461
v -1.659763 -1.146423 3.397495
v -1.659763 0.854932 0.607461
v -1.659763 0.854932 3.397495
v -0.945922 0.854932 0.607461
v -0.945922 0.854932 3.397495
v -0.945922 -1.146423 0.607461
v -0.945922 -1.146423 3.397495
v -3.797578 -1.146423 -1.495417
v -3.797578 -1.146423 1.294617
v -3.797578 0.854932 -1.495417
v -3.797578 0.854932 1.294617
v -3.083737 0.854932 -1.495417
v -3.083737 0.854932 1.294617
v -3.083737 -1.146423 -1.495417
v -3.083737 -1.146423 1.294617
v -10.152373 -1.146423 4.872840
v -10.152373 -1.146423 10.009328
v -10.152373 0.854932 4.872840
v -10.152373 0.854932 10.009328
v -9.438533 0.854932 4.872840
v -9.438533 0.854932 10.009328
v -9.438533 -1.146423 4.872840
v -9.438533 -1.146423 10.009328
v -10.152373 -1.146423 -8.098203
v -10.152373 -1.146423 -2.961714
v -10.152373 0.854932 -8.098203
v -10.152373 0.854932 -2.961714
v -9.438533 0.854932 -8.098203
v -9.438533 0.854932 -2.961714
v -9.438533 -1.146423 -8.098203
v -9.438533 -1.146423 -2.961714
v -5.903872 -1.146423 2.628614
v -5.903872 -1.146423 7.815784
v -5.903872 0.854932 2.628614
v -5.903872 0.854932 7.815784
v -5.190031 0.854932 2.628614
v -5.190031 0.854932 7.815784
v -5.190031 -1.146423 2.628614
v -5.190031 -1.146423 7.815784
v 2.614206 -1.146423 0.498107
v 2.614206 -1.146423 9.788145
v 2.614206 0.854932 0.498107
v 2.614206 0.854932 9.788145
v 3.328048 0.854932 0.498107
v 3.328048 0.854932 9.788145
v 3.328048 -1.146423 0.498107
v 3.328048 -1.146423 9.788145
v -3.797578 -1.146423 7.018354
v -3.797578 -1.146423 9.808388
v -3.797578 0.854932 7.018354
v -3.797578 0.854932 9.808388
v -3.083737 0.854932 7.018354
v -3.083737 0.854932 9.808388
v -3.083737 -1.146423 7.018354
v -3.083737 -1.146423 9.808388
v 2.614206 -1.146423 -11.619881
v 2.614206 -1.146423 -4.924208
v 2.614206 0.854932 -11.619881
v 2.614206 0.854932 -4.924208
v 3.328048 0.854932 -11.619881
v 3.328048 0.854932 -4.924208
v 3.328048 -1.146423 -11.619881
v 3.328048 -1.146423 -4.924208
v 0.516019 -1.146423 2.765488
v 0.516019 -1.146423 5.555522
v 0.516019 0.854932 2.765488
v 0.516019 0.854932 5.555522
v 1.229861 0.854932 2.765488
v 1.229861 0.854932 5.555522
v 1.229861 -1.146423 2.765488
v 1.229861 -1.146423 5.555522
v -8.015781 -1.146423 0.625684
v -8.015781 -1.146423 5.507613
v -8.015781 0.854932 0.625684
v -8.015781 0.854932 5.507613
v -7.301940 0.854932 0.625684
v -7.301940 0.854932 5.507613
v -7.301940 -1.146423 0.625684
v -7.301940 -1.146423 5.507613
v 4.744758 -1.146423 -7.846205
v 4.744758 -1.146423 -0.857136
v 4.744758 0.854932 -7.846205
v 4.744758 0.854932 -0.857136
v 5.458599 0.854932 -7.846205
v 5.458599 0.854932 -0.857136
v 5.458599 -1.146423 -7.846205
v 5.458599 -1.146423 -0.857136
v -8.015781 -1.146423 -12.092576
v -8.015781 -1.146423 -7.210647
v -8.015781 0.854932 -12.092576
v -8.015781 0.854932 -7.210647
v -7.301940 0.854932 -12.092576
v -7.301940 0.854932 -7.210647
v -7.301940 -1.146423 -12.092576
v -7.301940 -1.146423 -7.210647
v 4.744758 -1.146423 0.414837
v 4.744758 -1.146423 5.515553
v 4.744758 0.854932 0.414837
v 4.744758 0.854932 5.515553
v 5.458599 0.854932 0.414837
v 5.458599 0.854932 5.515553
v 5.458599 -1.146423 0.414837
v 5.458599 -1.146423 5.515553
v 6.868114 -1.146423 7.060162
v 6.868114 -1.146423 11.713846
v 6.868114 0.854932 7.060162
v 6.868114 0.854932 11.713846
v 7.581955 0.854932 7.060162
v 7.581955 0.854932 11.713846
v 7.581955 -1.146423 7.060162
v 7.581955 -1.146423 11.713846
v -5.913996 -1.146423 -0.801060
v -1.010744 -1.146423 -0.801060
v -5.913996 0.854932 -0.801060
v -1.010744 0.854932 -0.801060
v -5.913996 0.854932 -1.514901
v -1.010744 0.854932 -1.514901
v -5.913996 -1.146423 -1.514901
v -1.010744 -1.146423 -1.514901
v -1.850132 -1.146423 9.793843
v 3.338213 -1.146423 9.793843
v -1.850132 0.854932 9.793843
v 3.338213 0.854932 9.793843
v -1.850132 0.854932 9.080003
v 3.338213 0.854932 9.080003
v -1.850132 -1.146423 9.080003
v 3.338213 -1.146423 9.080003
v -10.272807 -1.146423 1.321714
v -3.087450 -1.146423 1.321714
v -10.272807 0.854932 1.321714
v -3.087450 0.854932 1.321714
v -10.272807 0.854932 0.607873
v -3.087450 0.854932 0.607873
v -10.272807 -1.146423 0.607873
v -3.087450 -1.146423 0.607873
v 0.663809 -1.146423 -0.801060
v 7.580229 -1.146423 -0.801060
v 0.663809 0.854932 -0.801060
v 7.580229 0.854932 -0.801060
v 0.663809 0.854932 -1.514901
v 7.580229 0.854932 -1.514901
v 0.663809 -1.146423 -1.514901
v 7.580229 -1.146423 -1.514901
v 2.964284 -1.146423 -9.301324
v 7.581030 -1.146423 -9.301324
v 2.964284 0.854932 -9.301324
v 7.581030 0.854932 -9.301324
v 2.964284 0.854932 -10.015164
v 7.581030 0.854932 -10.015164
v 2.964284 -1.146423 -10.015164
v 7.581030 -1.146423 -10.015164
v -12.468946 -1.146423 3.427745
v -9.639168 -1.146423 3.427745
v -12.468946 0.854932 3.427745
v -9.639168 0.854932 3.427745
v -12.468946 0.854932 2.713903
v -9.639168 0.854932 2.713903
v -12.468946 -1.146423 2.713903
v -9.639168 -1.146423 2.713903
v -10.111590 -1.146423 -0.851440
v -7.281811 -1.146423 -0.851440
v -10.111590 0.854932 -0.851440
v -7.281811 0.854932 -0.851440
v -10.111590 0.854932 -1.565282
v -7.281811 0.854932 -1.565282
v -10.111590 -1.146423 -1.565282
v -7.281811 -1.146423 -1.565282
v 2.964284 -1.146423 7.731730
v 7.581030 -1.146423 7.731730
v 2.964284 0.854932 7.731730
v 7.581030 0.854932 7.731730
v 2.964284 0.854932 7.017889
v 7.581030 0.854932 7.017889
v 2.964284 -1.146423 7.017889
v 7.581030 -1.146423 7.017889
v -7.976928 -1.146423 9.806316
v -3.077595 -1.146423 9.806316
v -7.976928 0.854932 9.806316
v -3.077595 0.854932 9.806316
v -7.976928 0.854932 9.092476
v -3.077595 0.854932 9.092476
v -7.976928 -1.146423 9.092476
v -3.077595 -1.146423 9.092476
v -5.308850 -1.146423 5.552515
v 1.230354 -1.146423 5.552515
v -5.308850 0.854932 5.552515
v 1.230354 0.854932 5.552515
v -5.308850 0.854932 4.838674
v 1.230354 0.854932 4.838674
v -5.308850 -1.146423 4.838674
v 1.230354 -1.146423 4.838674
v -12.253481 -1.146423 -2.968304
v -9.423702 -1.146423 -2.968304
v -12.253481 0.854932 -2.968304
v -9.423702 0.854932 -2.968304
v -12.253481 0.854932 -3.682145
v -9.423702 0.854932 -3.682145
v -12.253481 -1.146423 -3.682145
v -9.423702 -1.146423 -3.682145
v -10.102367 -1.146423 -5.138771
v -7.272588 -1.146423 -5.138771
v -10.102367 0.854932 -5.138771
v -7.272588 0.854932 -5.138771
v -10.102367 0.854932 -5.852612
v -7.272588 0.854932 -5.852612
v -10.102367 -1.146423 -5.852612
v -7.272588 -1.146423 -5.852612
v -10.137620 -1.146423 5.525860
v -7.307841 -1.146423 5.525860
v -10.137620 0.854932 5.525860
v -7.307841 0.854932 5.525860
v -10.137620 0.854932 4.812019
v -7.307841 0.854932 4.812019
v -10.137620 -1.146423 4.812019
v -7.307841 -1.146423 4.812019
v 4.741636 -1.146423 5.528200
v 9.358382 -1.146423 5.528200
v 4.741636 0.854932 5.528200
v 9.358382 0.854932 5.528200
v 4.741636 0.854932 4.814359
v 9.358382 0.854932 4.814359
v 4.741636 -1.146423 4.814359
v 9.358382 -1.146423 4.814359
v -3.796417 -1.146423 7.728091
v 1.106835 -1.146423 7.728091
v -3.796417 0.854932 7.728091
v 1.106835 0.854932 7.728091
v -3.796417 0.854932 7.014250
v 1.106835 0.854932 7.014250
v -3.796417 -1.146423 7.014250
v 1.106835 -1.146423 7.014250
v -10.320199 -1.146423 -9.332574
v -7.490420 -1.146423 -9.332574
v -10.320199 0.854932 -9.332574
v -7.490420 0.854932 -9.332574
v -10.320199 0.854932 -10.046414
v -7.490420 0.854932 -10.046414
v -10.320199 -1.146423 -10.046414
v -7.490420 -1.146423 -10.046414
v 6.865015 -1.146423 -5.117552
v 9.665461 -1.146423 -5.117552
v 6.865015 0.854932 -5.117552
v 9.665461 0.854932 -5.117552
v 6.865015 0.854932 -5.831394
v 9.665461 0.854932 -5.831394
v 6.865015 -1.146423 -5.831394
v 9.665461 -1.146423 -5.831394
v 0.644534 -1.146423 -2.874481
v 3.476123 -1.146423 -2.874481
v 0.644534 0.854932 -2.874481
v 3.476123 0.854932 -2.874481
v 0.644534 0.854932 -3.588323
v 3.476123 0.854932 -3.588323
v 0.644534 -1.146423 -3.588323
v 3.476123 -1.146423 -3.588323
v -3.915470 -1.146423 3.398426
v -0.944849 -1.146423 3.398426
v -3.915470 0.854932 3.398426
v -0.944849 0.854932 3.398426
v -3.915470 0.854932 2.684584
v -0.944849 0.854932 2.684584
v -3.915470 -1.146423 2.684584
v -0.944849 -1.146423 2.684584
v 6.865015 -1.146423 1.305788
v 9.665461 -1.146423 1.305788
v 6.865015 0.854932 1.305788
v 9.665461 0.854932 1.305788
v 6.865015 0.854932 0.591946
v 9.665461 0.854932 0.591946
v 6.865015 -1.146423 0.591946
v 9.665461 -1.146423 0.591946
v -1.606375 -1.146423 -9.297071
v 1.223404 -1.146423 -9.297071
v -1.606375 0.854932 -9.297071
v 1.223404 0.854932 -9.297071
v -1.606375 0.854932 -10.010912
v 1.223404 0.854932 -10.010912
v -1.606375 -1.146423 -10.010912
v 1.223404 -1.146423 -10.010912
v -8.013074 -1.146423 -7.212839
v -5.183294 -1.146423 -7.212839
v -8.013074 0.854932 -7.212839
v -5.183294 0.854932 -7.212839
v -8.013074 0.854932 -7.926681
v -5.183294 0.854932 -7.926681
v -8.013074 -1.146423 -7.926681
v -5.183294 -1.146423 -7.926681
v -5.871656 -1.146423 -9.283027
v -3.041876 -1.146423 -9.283027
v -5.871656 0.854932 -9.283027
v -3.041876 0.854932 -9.283027
v -5.871656 0.854932 -9.996867
v -3.041876 0.854932 -9.996867
v -5.871656 -1.146423 -9.996867
v -3.041876 -1.146423 -9.996867
v -3.627853 -1.146423 -7.131859
v -1.018365 -1.146423 -7.131859
v -3.627853 0.854932 -7.131859
v -1.018365 0.854932 -7.131859
v -3.627853 0.854932 -7.845700
v -1.018365 0.854932 -7.845700
v -3.627853 -1.146423 -7.845700
v -1.018365 -1.146423 -7.845700
v -1.647030 -1.146423 1.324375
v 1.218564 -1.146423 1.324375
v -1.647030 0.854932 1.324375
v 1.218564 0.854932 1.324375
v -1.647030 0.854932 0.610533
v 1.218564 0.854932 0.610533
v -1.647030 -1.146423 0.610533
v 1.218564 -1.146423 0.610533
v -7.993285 -1.146423 -2.927172
v -5.163506 -1.146423 -2.927172
v -7.993285 0.854932 -2.927172
v -5.163506 0.854932 -2.927172
v -7.993285 0.854932 -3.641014
v -5.163506 0.854932 -3.641014
v -7.993285 -1.146423 -3.641014
v -5.163506 -1.146423 -3.641014
v 4.971918 -1.146423 3.480358
v 7.710037 -1.146423 3.480358
v 4.971918 0.854932 3.480358
v 7.710037 0.854932 3.480358
v 4.971918 0.854932 2.766517
v 7.710037 0.854932 2.766517
v 4.971918 -1.146423 2.766517
v 7.710037 -1.146423 2.766517
v 0.515786 -1.146423 3.480358
v 3.253905 -1.146423 3.480358
v 0.515786 0.854932 3.480358
v 3.253905 0.854932 3.480358
v 0.515786 0.854932 2.766517
v 3.253905 0.854932 2.766517
v 0.515786 -1.146423 2.766517
v 3.253905 -1.146423 2.766517
v 6.865015 -1.146423 -2.972245
v 9.665461 -1.146423 -2.972245
v 6.865015 0.854932 -2.972245
v 9.665461 0.854932 -2.972245
v 6.865015 0.854932 -3.686086
v 9.665461 0.854932 -3.686086
v 6.865015 -1.146423 -3.686086
v 9.665461 -1.146423 -3.686086
vt 0.729348 0.319339
vt 0.729348 0.199547
vt 0.763650 0.199547
vt 0.763650 0.319339
vt 0.705581 0.199547
vt 0.705581 0.319339
vt 0.671279 0.319339
vt 0.671279 0.199547
vt 0.478119 0.877174
vt 0.495373 0.877174
vt 0.495373 0.911477
vt 0.478119 0.911477
vt 0.455099 0.877174
vt 0.472353 0.877174
vt 0.472353 0.911477
vt 0.455099 0.911477
vt 0.613209 0.357155
vt 0.613209 0.237364
vt 0.647512 0.237364
vt 0.647512 0.357155
vt 0.589443 0.237364
vt 0.589443 0.357155
vt 0.555140 0.357155
vt 0.555140 0.237364
vt 0.001872 0.420366
vt 0.001872 0.001992
vt 0.036175 0.001992
vt 0.036175 0.420366
vt 0.100460 0.001992
vt 0.100460 0.420366
vt 0.066157 0.420366
vt 0.066157 0.001992
vt 0.130259 0.420366
vt 0.130259 0.001992
vt 0.164562 0.001992
vt 0.164562 0.420366
vt 0.228664 0.001992
vt 0.228664 0.420366
vt 0.194361 0.420366
vt 0.194361 0.001992
vt 0.303998 0.876671
vt 0.321252 0.876671
vt 0.321252 0.910974
vt 0.303998 0.910974
vt 0.280978 0.876671
vt 0.298232 0.876671
vt 0.298232 0.910974
vt 0.280978 0.910974
vt 0.514872 0.233613
vt 0.514872 0.001992
vt 0.549175 0.001992
vt 0.549175 0.233613
vt 0.607782 0.001992
vt 0.607782 0.233613
vt 0.573479 0.233613
vt 0.573479 0.001992
vt 0.032519 0.812505
vt 0.032519 0.764685
vt 0.066822 0.764685
vt 0.066822 0.812505
vt 0.036175 0.816256
vt 0.036175 0.864077
vt 0.001872 0.864077
vt 0.001872 0.816256
vt 0.060663 0.866068
vt 0.060663 0.818248
vt 0.094966 0.818248
vt 0.094966 0.866068
vt 0.153573 0.821334
vt 0.153573 0.869155
vt 0.119270 0.869155
vt 0.119270 0.821334
vt 0.881169 0.375555
vt 0.881169 0.291879
vt 0.915472 0.291879
vt 0.915472 0.375555
vt 0.937858 0.379305
vt 0.937858 0.462981
vt 0.903555 0.462981
vt 0.903555 0.379305
vt 0.866517 0.126227
vt 0.866517 0.001992
vt 0.900820 0.001992
vt 0.900820 0.126227
vt 0.937858 0.129977
vt 0.937858 0.254212
vt 0.903555 0.254212
vt 0.903555 0.129977
vt 0.148657 0.709880
vt 0.148657 0.634419
vt 0.182960 0.634419
vt 0.182960 0.709880
vt 0.124891 0.632606
vt 0.124891 0.708067
vt 0.090588 0.708067
vt 0.090588 0.632606
vt 0.632087 0.195796
vt 0.632087 0.001992
vt 0.666390 0.001992
vt 0.666390 0.195796
vt 0.724998 0.001992
vt 0.724998 0.195796
vt 0.690695 0.195796
vt 0.690695 0.001992
vt 0.729348 0.737916
vt 0.729348 0.692201
vt 0.763650 0.692201
vt 0.763650 0.737916
vt 0.705581 0.874423
vt 0.705581 0.920138
vt 0.671279 0.920138
vt 0.671279 0.874423
vt 0.177878 0.872320
vt 0.177878 0.824499
vt 0.212181 0.824499
vt 0.212181 0.872320
vt 0.270788 0.824499
vt 0.270788 0.872320
vt 0.236486 0.872320
vt 0.236486 0.824499
vt 0.295093 0.872921
vt 0.295093 0.825100
vt 0.329396 0.825100
vt 0.329396 0.872921
vt 0.388004 0.825100
vt 0.388004 0.872921
vt 0.353701 0.872921
vt 0.353701 0.825100
vt 0.412308 0.873423
vt 0.412308 0.825603
vt 0.446611 0.825603
vt 0.446611 0.873423
vt 0.505219 0.825603
vt 0.505219 0.873423
vt 0.470916 0.873423
vt 0.470916 0.825603
vt 0.529524 0.873423
vt 0.529524 0.825603
vt 0.563827 0.825603
vt 0.563827 0.873423
vt 0.622434 0.825603
vt 0.622434 0.873423
vt 0.588131 0.873423
vt 0.588131 0.825603
vt 0.177878 0.630668
vt 0.177878 0.542630
vt 0.212181 0.542630
vt 0.212181 0.630668
vt 0.270788 0.542630
vt 0.270788 0.630668
vt 0.236486 0.630668
vt 0.236486 0.542630
vt 0.295093 0.633833
vt 0.295093 0.545795
vt 0.329396 0.545795
vt 0.329396 0.633833
vt 0.388004 0.545795
vt 0.388004 0.633833
vt 0.353701 0.633833
vt 0.353701 0.545795
vt 0.060663 0.628855
vt 0.060663 0.539948
vt 0.094966 0.539948
vt 0.094966 0.628855
vt 0.153573 0.539948
vt 0.153573 0.628855
vt 0.119270 0.628855
vt 0.119270 0.539948
vt 0.749302 0.161222
vt 0.749302 0.001992
vt 0.783605 0.001992
vt 0.783605 0.161222
vt 0.842213 0.001992
vt 0.842213 0.161222
vt 0.807910 0.161222
vt 0.807910 0.001992
vt 0.646739 0.870672
vt 0.646739 0.822851
vt 0.681042 0.822851
vt 0.681042 0.870672
vt 0.739649 0.640630
vt 0.739649 0.688450
vt 0.705346 0.688450
vt 0.705346 0.640630
vt 0.264795 0.538260
vt 0.264795 0.423498
vt 0.299098 0.423498
vt 0.299098 0.538260
vt 0.241029 0.424116
vt 0.241029 0.538879
vt 0.206726 0.538879
vt 0.206726 0.424116
vt 0.763954 0.688450
vt 0.763954 0.640630
vt 0.798257 0.640630
vt 0.798257 0.688450
vt 0.856865 0.602813
vt 0.856865 0.650634
vt 0.822562 0.650634
vt 0.822562 0.602813
vt 0.845486 0.463279
vt 0.845486 0.379604
vt 0.879789 0.379604
vt 0.879789 0.463279
vt 0.821720 0.410814
vt 0.821720 0.494489
vt 0.787417 0.494489
vt 0.787417 0.410814
vt 0.497071 0.543289
vt 0.497071 0.423497
vt 0.531374 0.423497
vt 0.531374 0.543289
vt 0.473305 0.423497
vt 0.473305 0.543289
vt 0.439002 0.543289
vt 0.439002 0.423497
vt 0.729348 0.494557
vt 0.729348 0.410881
vt 0.763650 0.410881
vt 0.763650 0.494557
vt 0.705581 0.448698
vt 0.705581 0.532373
vt 0.671279 0.532373
vt 0.671279 0.448698
vt 0.412308 0.634465
vt 0.412308 0.547040
vt 0.446611 0.547040
vt 0.446611 0.634465
vt 0.505219 0.547040
vt 0.505219 0.634465
vt 0.470916 0.634465
vt 0.470916 0.547040
vt 0.613209 0.528461
vt 0.613209 0.448698
vt 0.647512 0.448698
vt 0.647512 0.528461
vt 0.589443 0.634831
vt 0.589443 0.714595
vt 0.555140 0.714595
vt 0.555140 0.634831
vt 0.606446 0.925651
vt 0.618681 0.925651
vt 0.618681 0.959954
vt 0.606446 0.959954
vt 0.624761 0.925651
vt 0.636996 0.925651
vt 0.636996 0.959954
vt 0.624761 0.959954
vt 0.643076 0.925651
vt 0.655311 0.925651
vt 0.655311 0.959954
vt 0.643076 0.959954
vt 0.661391 0.923888
vt 0.673626 0.923888
vt 0.673626 0.958191
vt 0.661391 0.958191
vt 0.679706 0.923888
vt 0.691941 0.923888
vt 0.691941 0.958191
vt 0.679706 0.958191
vt 0.698021 0.923888
vt 0.710256 0.923888
vt 0.710256 0.958191
vt 0.698021 0.958191
vt 0.716335 0.741667
vt 0.728571 0.741667
vt 0.728571 0.775970
vt 0.716335 0.775970
vt 0.734650 0.741667
vt 0.746885 0.741667
vt 0.746885 0.775970
vt 0.734650 0.775970
vt 0.752965 0.741667
vt 0.765200 0.741667
vt 0.765200 0.775970
vt 0.752965 0.775970
vt 0.771280 0.742883
vt 0.783515 0.742883
vt 0.783515 0.777186
vt 0.771280 0.777186
vt 0.789595 0.742883
vt 0.801830 0.742883
vt 0.801830 0.777186
vt 0.789595 0.777186
vt 0.807910 0.742883
vt 0.820145 0.742883
vt 0.820145 0.777186
vt 0.807910 0.777186
vt 0.826225 0.705067
vt 0.838460 0.705067
vt 0.838460 0.739369
vt 0.826225 0.739369
vt 0.844540 0.705067
vt 0.856775 0.705067
vt 0.856775 0.739369
vt 0.844540 0.739369
vt 0.862854 0.705067
vt 0.875090 0.705067
vt 0.875090 0.739369
vt 0.862854 0.739369
vt 0.881169 0.705067
vt 0.893404 0.705067
vt 0.893404 0.739369
vt 0.881169 0.739369
vt 0.899484 0.704109
vt 0.911719 0.704109
vt 0.911719 0.738412
vt 0.899484 0.738412
vt 0.917799 0.704109
vt 0.930034 0.704109
vt 0.930034 0.738412
vt 0.917799 0.738412
vt 0.925622 0.742163
vt 0.937857 0.742163
vt 0.937857 0.776466
vt 0.925622 0.776466
vt 0.907622 0.742163
vt 0.919857 0.742163
vt 0.919857 0.776466
vt 0.907622 0.776466
vt 0.889621 0.743120
vt 0.901856 0.743120
vt 0.901856 0.777423
vt 0.889621 0.777423
vt 0.871621 0.743120
vt 0.883856 0.743120
vt 0.883856 0.777423
vt 0.871621 0.777423
vt 0.853620 0.743120
vt 0.865855 0.743120
vt 0.865855 0.777423
vt 0.853620 0.777423
vt 0.835619 0.743120
vt 0.847854 0.743120
vt 0.847854 0.777423
vt 0.835619 0.777423
vt 0.817619 0.780937
vt 0.829854 0.780937
vt 0.829854 0.815239
vt 0.817619 0.815239
vt 0.799618 0.780937
vt 0.811853 0.780937
vt 0.811853 0.815239
vt 0.799618 0.815239
vt 0.781618 0.780937
vt 0.793853 0.780937
vt 0.793853 0.815239
vt 0.781618 0.815239
vt 0.763617 0.780937
vt 0.775852 0.780937
vt 0.775852 0.815239
vt 0.763617 0.815239
vt 0.745616 0.779720
vt 0.757851 0.779720
vt 0.757851 0.814023
vt 0.745616 0.814023
vt 0.727616 0.779720
vt 0.739851 0.779720
vt 0.739851 0.814023
vt 0.727616 0.814023
vt 0.709615 0.961942
vt 0.721850 0.961942
vt 0.721850 0.996245
vt 0.709615 0.996245
vt 0.691614 0.961942
vt 0.703850 0.961942
vt 0.703850 0.996245
vt 0.691614 0.996245
vt 0.673614 0.961942
vt 0.685849 0.961942
vt 0.685849 0.996245
vt 0.673614 0.996245
vt 0.655613 0.963705
vt 0.667848 0.963705
vt 0.667848 0.998008
vt 0.655613 0.998008
vt 0.637613 0.963705
vt 0.649848 0.963705
vt 0.649848 0.998008
vt 0.637613 0.998008
vt 0.619612 0.963705
vt 0.631847 0.963705
vt 0.631847 0.998008
vt 0.619612 0.998008
vt 0.601611 0.963705
vt 0.613846 0.963705
vt 0.613846 0.998008
vt 0.601611 0.998008
vt 0.583611 0.963705
vt 0.595846 0.963705
vt 0.595846 0.998008
vt 0.583611 0.998008
vt 0.565610 0.963705
vt 0.577845 0.963705
vt 0.577845 0.998008
vt 0.565610 0.998008
vt 0.547610 0.963705
vt 0.559845 0.963705
vt 0.559845 0.998008
vt 0.547610 0.998008
vt 0.529609 0.963705
vt 0.541844 0.963705
vt 0.541844 0.998008
vt 0.529609 0.998008
vt 0.511608 0.953282
vt 0.523843 0.953282
vt 0.523843 0.987585
vt 0.511608 0.987585
vt 0.493608 0.953282
vt 0.505843 0.953282
vt 0.505843 0.987585
vt 0.493608 0.987585
vt 0.475607 0.953282
vt 0.487842 0.953282
vt 0.487842 0.987585
vt 0.475607 0.987585
vt 0.457606 0.953282
vt 0.469842 0.953282
vt 0.469842 0.987585
vt 0.457606 0.987585
vt 0.439606 0.953282
vt 0.451841 0.953282
vt 0.451841 0.987585
vt 0.439606 0.987585
vt 0.421605 0.953282
vt 0.433840 0.953282
vt 0.433840 0.987585
vt 0.421605 0.987585
vt 0.403604 0.953282
vt 0.415840 0.953282
vt 0.415840 0.987585
vt 0.403604 0.987585
vt 0.385604 0.953282
vt 0.397839 0.953282
vt 0.397839 0.987585
vt 0.385604 0.987585
vt 0.367603 0.952779
vt 0.379838 0.952779
vt 0.379838 0.987082
vt 0.367603 0.987082
vt 0.349603 0.952779
vt 0.361838 0.952779
vt 0.361838 0.987082
vt 0.349603 0.987082
vt 0.331602 0.952779
vt 0.343837 0.952779
vt 0.343837 0.987082
vt 0.331602 0.987082
vt 0.313601 0.952779
vt 0.325836 0.952779
vt 0.325836 0.987082
vt 0.313601 0.987082
vt 0.295601 0.952779
vt 0.307836 0.952779
vt 0.307836 0.987082
vt 0.295601 0.987082
vt 0.277600 0.952779
vt 0.289835 0.952779
vt 0.289835 0.987082
vt 0.277600 0.987082
vt 0.259600 0.952178
vt 0.271835 0.952178
vt 0.271835 0.986481
vt 0.259600 0.986481
vt 0.241599 0.952178
vt 0.253834 0.952178
vt 0.253834 0.986481
vt 0.241599 0.986481
vt 0.223598 0.952178
vt 0.235833 0.952178
vt 0.235833 0.986481
vt 0.223598 0.986481
vt 0.711347 0.319339
vt 0.711347 0.199547
vt 0.723582 0.199547
vt 0.723582 0.319339
vt 0.665513 0.199547
vt 0.665513 0.319339
vt 0.653278 0.319339
vt 0.653278 0.199547
vt 0.298756 0.419747
vt 0.298756 0.001992
vt 0.316011 0.001992
vt 0.316011 0.419747
vt 0.362858 0.419747
vt 0.362858 0.001992
vt 0.380113 0.001992
vt 0.380113 0.419747
vt 0.595209 0.357155
vt 0.595209 0.237364
vt 0.607444 0.237364
vt 0.607444 0.357155
vt 0.549375 0.237364
vt 0.549375 0.357155
vt 0.537140 0.357155
vt 0.537140 0.237364
vt 0.042348 0.420366
vt 0.042348 0.001992
vt 0.059602 0.001992
vt 0.059602 0.420366
vt 0.123704 0.001992
vt 0.123704 0.420366
vt 0.106450 0.420366
vt 0.106450 0.001992
vt 0.170552 0.420366
vt 0.170552 0.001992
vt 0.187806 0.001992
vt 0.187806 0.420366
vt 0.251908 0.001992
vt 0.251908 0.420366
vt 0.234654 0.420366
vt 0.234654 0.001992
vt 0.426960 0.419747
vt 0.426960 0.001992
vt 0.444215 0.001992
vt 0.444215 0.419747
vt 0.491062 0.419747
vt 0.491062 0.001992
vt 0.508317 0.001992
vt 0.508317 0.419747
vt 0.555164 0.233613
vt 0.555164 0.001992
vt 0.567400 0.001992
vt 0.567400 0.233613
vt 0.626007 0.001992
vt 0.626007 0.233613
vt 0.613772 0.233613
vt 0.613772 0.001992
vt 0.014518 0.789760
vt 0.014518 0.741940
vt 0.026753 0.741940
vt 0.026753 0.789760
vt 0.054583 0.816256
vt 0.054583 0.864077
vt 0.042348 0.864077
vt 0.042348 0.816256
vt 0.100955 0.866068
vt 0.100955 0.818248
vt 0.113191 0.818248
vt 0.113191 0.866068
vt 0.171798 0.821334
vt 0.171798 0.869155
vt 0.159563 0.869155
vt 0.159563 0.821334
vt 0.921462 0.341638
vt 0.921462 0.257963
vt 0.933697 0.257963
vt 0.933697 0.341638
vt 0.897789 0.379305
vt 0.897789 0.462981
vt 0.885554 0.462981
vt 0.885554 0.379305
vt 0.906810 0.126227
vt 0.906810 0.001992
vt 0.919045 0.001992
vt 0.919045 0.126227
vt 0.897789 0.129977
vt 0.897789 0.254212
vt 0.885554 0.254212
vt 0.885554 0.129977
vt 0.130656 0.708067
vt 0.130656 0.632606
vt 0.142892 0.632606
vt 0.142892 0.708067
vt 0.084823 0.632606
vt 0.084823 0.708067
vt 0.072588 0.708067
vt 0.072588 0.632606
vt 0.672380 0.195796
vt 0.672380 0.001992
vt 0.684615 0.001992
vt 0.684615 0.195796
vt 0.743222 0.001992
vt 0.743222 0.195796
vt 0.730987 0.195796
vt 0.730987 0.001992
vt 0.711347 0.737916
vt 0.711347 0.692201
vt 0.723582 0.692201
vt 0.723582 0.737916
vt 0.665513 0.874423
vt 0.665513 0.920138
vt 0.653278 0.920138
vt 0.653278 0.874423
vt 0.218171 0.872320
vt 0.218171 0.824499
vt 0.230406 0.824499
vt 0.230406 0.872320
vt 0.289013 0.824499
vt 0.289013 0.872320
vt 0.276778 0.872320
vt 0.276778 0.824499
vt 0.335386 0.872921
vt 0.335386 0.825100
vt 0.347621 0.825100
vt 0.347621 0.872921
vt 0.406229 0.825100
vt 0.406229 0.872921
vt 0.393994 0.872921
vt 0.393994 0.825100
vt 0.452601 0.873423
vt 0.452601 0.825603
vt 0.464836 0.825603
vt 0.464836 0.873423
vt 0.523444 0.825603
vt 0.523444 0.873423
vt 0.511209 0.873423
vt 0.511209 0.825603
vt 0.569816 0.873423
vt 0.569816 0.825603
vt 0.582052 0.825603
vt 0.582052 0.873423
vt 0.640659 0.822851
vt 0.640659 0.870672
vt 0.628424 0.870672
vt 0.628424 0.822851
vt 0.218171 0.630668
vt 0.218171 0.542630
vt 0.230406 0.542630
vt 0.230406 0.630668
vt 0.289013 0.542011
vt 0.289013 0.630049
vt 0.276778 0.630049
vt 0.276778 0.542011
vt 0.335386 0.633833
vt 0.335386 0.545795
vt 0.347621 0.545795
vt 0.347621 0.633833
vt 0.406229 0.545795
vt 0.406229 0.633833
vt 0.393994 0.633833
vt 0.393994 0.545795
vt 0.100955 0.628855
vt 0.100955 0.539948
vt 0.113191 0.539948
vt 0.113191 0.628855
vt 0.171798 0.539948
vt 0.171798 0.628855
vt 0.159563 0.628855
vt 0.159563 0.539948
vt 0.789595 0.161222
vt 0.789595 0.001992
vt 0.801830 0.001992
vt 0.801830 0.161222
vt 0.860438 0.001992
vt 0.860438 0.161222
vt 0.848203 0.161222
vt 0.848203 0.001992
vt 0.687032 0.688450
vt 0.687032 0.640630
vt 0.699267 0.640630
vt 0.699267 0.688450
vt 0.757874 0.640630
vt 0.757874 0.688450
vt 0.745639 0.688450
vt 0.745639 0.640630
vt 0.246794 0.538879
vt 0.246794 0.424116
vt 0.259029 0.424116
vt 0.259029 0.538879
vt 0.200960 0.424116
vt 0.200960 0.538879
vt 0.188725 0.538879
vt 0.188725 0.424116
vt 0.804247 0.650634
vt 0.804247 0.602813
vt 0.816482 0.602813
vt 0.816482 0.650634
vt 0.875090 0.602746
vt 0.875090 0.650567
vt 0.862854 0.650567
vt 0.862854 0.602746
vt 0.827485 0.463279
vt 0.827485 0.379604
vt 0.839720 0.379604
vt 0.839720 0.463279
vt 0.781651 0.410814
vt 0.781651 0.494489
vt 0.769416 0.494489
vt 0.769416 0.410814
vt 0.479071 0.543289
vt 0.479071 0.423497
vt 0.491306 0.423497
vt 0.491306 0.543289
vt 0.433237 0.423498
vt 0.433237 0.543289
vt 0.421002 0.543289
vt 0.421002 0.423498
vt 0.711347 0.494556
vt 0.711347 0.410881
vt 0.723582 0.410881
vt 0.723582 0.494556
vt 0.665513 0.448698
vt 0.665513 0.532373
vt 0.653278 0.532373
vt 0.653278 0.448698
vt 0.452601 0.634465
vt 0.452601 0.547040
vt 0.464836 0.547040
vt 0.464836 0.634465
vt 0.523444 0.547040
vt 0.523444 0.634465
vt 0.511209 0.634465
vt 0.511209 0.547040
vt 0.595209 0.528461
vt 0.595209 0.448698
vt 0.607444 0.448698
vt 0.607444 0.528461
vt 0.549375 0.634831
vt 0.549375 0.714595
vt 0.537140 0.714595
vt 0.537140 0.634831
vt 0.569816 0.444947
vt 0.569816 0.360906
vt 0.582052 0.360906
vt 0.582052 0.444947
vt 0.628424 0.444947
vt 0.628424 0.360906
vt 0.640659 0.360906
vt 0.640659 0.444947
vt 0.014518 0.513044
vt 0.014518 0.424116
vt 0.026753 0.424116
vt 0.026753 0.513044
vt 0.042348 0.605722
vt 0.042348 0.516795
vt 0.054583 0.516795
vt 0.054583 0.605722
vt 0.827485 0.288128
vt 0.827485 0.164973
vt 0.839720 0.164973
vt 0.839720 0.288128
vt 0.769416 0.288128
vt 0.769416 0.164973
vt 0.781651 0.164973
vt 0.781651 0.288128
vt 0.362932 0.542044
vt 0.362932 0.423497
vt 0.375168 0.423497
vt 0.375168 0.542044
vt 0.304863 0.542044
vt 0.304863 0.423497
vt 0.317099 0.423497
vt 0.317099 0.542044
vt 0.479071 0.717346
vt 0.479071 0.638216
vt 0.491306 0.638216
vt 0.491306 0.717346
vt 0.421002 0.717346
vt 0.421002 0.638216
vt 0.433237 0.638216
vt 0.433237 0.717346
vt 0.335386 0.768967
vt 0.335386 0.720465
vt 0.347621 0.720465
vt 0.347621 0.768967
vt 0.393994 0.769599
vt 0.393994 0.721097
vt 0.406229 0.721097
vt 0.406229 0.769599
vt 0.452601 0.769599
vt 0.452601 0.721097
vt 0.464836 0.721097
vt 0.464836 0.769599
vt 0.511209 0.769599
vt 0.511209 0.721097
vt 0.523444 0.721097
vt 0.523444 0.769599
vt 0.362933 0.716714
vt 0.362933 0.637584
vt 0.375168 0.637584
vt 0.375168 0.716714
vt 0.304864 0.716714
vt 0.304864 0.637584
vt 0.317099 0.637584
vt 0.317099 0.716714
vt 0.804247 0.375853
vt 0.804247 0.291879
vt 0.816482 0.291879
vt 0.816482 0.375853
vt 0.862854 0.375853
vt 0.862854 0.291879
vt 0.875090 0.291879
vt 0.875090 0.375853
vt 0.130656 0.536197
vt 0.130656 0.424116
vt 0.142891 0.424116
vt 0.142891 0.536197
vt 0.072587 0.536197
vt 0.072587 0.424116
vt 0.084822 0.424116
vt 0.084822 0.536197
vt 0.569816 0.766848
vt 0.569816 0.718346
vt 0.582051 0.718346
vt 0.582051 0.766848
vt 0.628424 0.580714
vt 0.628424 0.532212
vt 0.640659 0.532212
vt 0.640659 0.580714
vt 0.687032 0.584626
vt 0.687032 0.536124
vt 0.699267 0.536124
vt 0.699267 0.584626
vt 0.745639 0.546809
vt 0.745639 0.498307
vt 0.757874 0.498307
vt 0.757874 0.546809
vt 0.804247 0.546742
vt 0.804247 0.498240
vt 0.816482 0.498240
vt 0.816482 0.546742
vt 0.862854 0.515532
vt 0.862854 0.467030
vt 0.875090 0.467030
vt 0.875090 0.515532
vt 0.246795 0.713549
vt 0.246795 0.634419
vt 0.259030 0.634419
vt 0.259030 0.713549
vt 0.188726 0.713550
vt 0.188726 0.634419
vt 0.200961 0.634419
vt 0.200961 0.713550
vt 0.687032 0.407130
vt 0.687032 0.323089
vt 0.699267 0.323089
vt 0.699267 0.407130
vt 0.745639 0.407130
vt 0.745639 0.323089
vt 0.757874 0.323089
vt 0.757874 0.407130
vt 0.921462 0.515234
vt 0.921462 0.466732
vt 0.933697 0.466732
vt 0.933697 0.515234
vt 0.885554 0.567785
vt 0.885554 0.519283
vt 0.897789 0.519283
vt 0.897789 0.567785
vt 0.362933 0.821349
vt 0.362933 0.773350
vt 0.375168 0.773350
vt 0.375168 0.821349
vt 0.304864 0.820717
vt 0.304864 0.772718
vt 0.317099 0.772718
vt 0.317099 0.820717
vt 0.218171 0.765833
vt 0.218171 0.717300
vt 0.230406 0.717300
vt 0.230406 0.765833
vt 0.276778 0.768998
vt 0.276778 0.720465
vt 0.289013 0.720465
vt 0.289013 0.768998
vt 0.014518 0.660389
vt 0.014518 0.609473
vt 0.026754 0.609473
vt 0.026754 0.660389
vt 0.042348 0.738189
vt 0.042348 0.687273
vt 0.054583 0.687273
vt 0.054583 0.738189
vt 0.246795 0.820748
vt 0.246795 0.772749
vt 0.259030 0.772749
vt 0.259030 0.820748
vt 0.188726 0.817584
vt 0.188726 0.769584
vt 0.200961 0.769584
vt 0.200961 0.817584
vt 0.827485 0.598995
vt 0.827485 0.550493
vt 0.839720 0.550493
vt 0.839720 0.598995
vt 0.769416 0.599062
vt 0.769416 0.550560
vt 0.781651 0.550560
vt 0.781651 0.599062
vt 0.711347 0.636879
vt 0.711347 0.588377
vt 0.723582 0.588377
vt 0.723582 0.636879
vt 0.653278 0.636879
vt 0.653278 0.588377
vt 0.665513 0.588377
vt 0.665513 0.636879
vt 0.595209 0.819100
vt 0.595209 0.770598
vt 0.607444 0.770598
vt 0.607444 0.819100
vt 0.537140 0.821852
vt 0.537140 0.773350
vt 0.549375 0.773350
vt 0.549375 0.821852
vt 0.595209 0.921900
vt 0.595209 0.877174
vt 0.607444 0.877174
vt 0.607444 0.921900
vt 0.537140 0.921900
vt 0.537140 0.877174
vt 0.549375 0.877174
vt 0.549375 0.921900
vt 0.100955 0.760934
vt 0.100955 0.711818
vt 0.113191 0.711818
vt 0.113191 0.760934
vt 0.159563 0.762747
vt 0.159563 0.713631
vt 0.171798 0.713631
vt 0.171798 0.762747
vt 0.479071 0.821852
vt 0.479071 0.773350
vt 0.491306 0.773350
vt 0.491306 0.821852
vt 0.421002 0.821852
vt 0.421002 0.773350
vt 0.433237 0.773350
vt 0.433237 0.821852
vt 0.921462 0.618466
vt 0.921462 0.571536
vt 0.933697 0.571536
vt 0.933697 0.618466
vt 0.885554 0.700359
vt 0.885554 0.653428
vt 0.897789 0.653428
vt 0.897789 0.700359
vt 0.827485 0.701316
vt 0.827485 0.654385
vt 0.839720 0.654385
vt 0.839720 0.701316
vt 0.769416 0.739132
vt 0.769416 0.692201
vt 0.781651 0.692201
vt 0.781651 0.739132
vt 0.130656 0.814497
vt 0.130656 0.766498
vt 0.142892 0.766498
vt 0.142892 0.814497
vt 0.072587 0.812684
vt 0.072587 0.764685
vt 0.084822 0.764685
vt 0.084822 0.812684
vt 0.519139 0.877174
vt 0.531374 0.877174
vt 0.531374 0.911477
vt 0.519139 0.911477
vt 0.513374 0.911477
vt 0.501139 0.911477
vt 0.501139 0.877174
vt 0.513374 0.877174
vt 0.258463 0.419747
vt 0.258463 0.001992
vt 0.292766 0.001992
vt 0.292766 0.419747
vt 0.322566 0.419747
vt 0.322566 0.001992
vt 0.356868 0.001992
vt 0.356868 0.419747
vt 0.437098 0.877174
vt 0.449333 0.877174
vt 0.449333 0.911477
vt 0.437098 0.911477
vt 0.431333 0.911477
vt 0.419097 0.911477
vt 0.419097 0.877174
vt 0.431333 0.877174
vt 0.396077 0.877174
vt 0.413332 0.877174
vt 0.413332 0.911477
vt 0.396077 0.911477
vt 0.390312 0.910974
vt 0.373057 0.910974
vt 0.373057 0.876672
vt 0.390312 0.876672
vt 0.350038 0.876672
vt 0.367292 0.876672
vt 0.367292 0.910974
vt 0.350038 0.910974
vt 0.344272 0.910974
vt 0.327018 0.910974
vt 0.327018 0.876671
vt 0.344272 0.876671
vt 0.386668 0.419747
vt 0.386668 0.001992
vt 0.420970 0.001992
vt 0.420970 0.419747
vt 0.450770 0.419747
vt 0.450770 0.001992
vt 0.485073 0.001992
vt 0.485073 0.419747
vt 0.262977 0.876071
vt 0.275212 0.876071
vt 0.275212 0.910373
vt 0.262977 0.910373
vt 0.257212 0.910373
vt 0.244976 0.910373
vt 0.244976 0.876071
vt 0.257212 0.876071
vt 0.226976 0.876071
vt 0.239211 0.876071
vt 0.239211 0.910373
vt 0.226976 0.910373
vt 0.221210 0.910373
vt 0.208975 0.910373
vt 0.208975 0.876071
vt 0.221210 0.876071
vt 0.190975 0.876071
vt 0.203210 0.876071
vt 0.203210 0.910373
vt 0.190975 0.910373
vt 0.185209 0.910373
vt 0.172974 0.910373
vt 0.172974 0.876071
vt 0.185209 0.876071
vt 0.154973 0.872906
vt 0.167208 0.872906
vt 0.167208 0.907209
vt 0.154973 0.907209
vt 0.149208 0.907209
vt 0.136973 0.907209
vt 0.136973 0.872906
vt 0.149208 0.872906
vt 0.118972 0.872906
vt 0.131207 0.872906
vt 0.131207 0.907209
vt 0.118972 0.907209
vt 0.113206 0.904122
vt 0.100971 0.904122
vt 0.100971 0.869819
vt 0.113206 0.869819
vt 0.082971 0.869819
vt 0.095206 0.869819
vt 0.095206 0.904122
vt 0.082971 0.904122
vt 0.077205 0.904122
vt 0.064970 0.904122
vt 0.064970 0.869819
vt 0.077205 0.869819
vt 0.046969 0.869819
vt 0.059205 0.869819
vt 0.059205 0.904122
vt 0.046969 0.904122
vt 0.041204 0.902131
vt 0.028969 0.902131
vt 0.028969 0.867828
vt 0.041204 0.867828
vt 0.010968 0.867828
vt 0.023203 0.867828
vt 0.023203 0.902131
vt 0.010968 0.902131
vt 0.014107 0.940184
vt 0.001872 0.940184
vt 0.001872 0.905882
vt 0.014107 0.905882
vt 0.020370 0.905882
vt 0.032605 0.905882
vt 0.032605 0.940184
vt 0.020370 0.940184
vt 0.050920 0.942176
vt 0.038685 0.942176
vt 0.038685 0.907873
vt 0.050920 0.907873
vt 0.057000 0.907873
vt 0.069235 0.907873
vt 0.069235 0.942176
vt 0.057000 0.942176
vt 0.087550 0.942176
vt 0.075315 0.942176
vt 0.075315 0.907873
vt 0.087550 0.907873
vt 0.093630 0.907873
vt 0.105865 0.907873
vt 0.105865 0.942176
vt 0.093630 0.942176
vt 0.124180 0.945263
vt 0.111944 0.945263
vt 0.111944 0.910960
vt 0.124180 0.910960
vt 0.130259 0.910960
vt 0.142494 0.910960
vt 0.142494 0.945263
vt 0.130259 0.945263
vt 0.160809 0.945263
vt 0.148574 0.945263
vt 0.148574 0.910960
vt 0.160809 0.910960
vt 0.166889 0.914124
vt 0.179124 0.914124
vt 0.179124 0.948427
vt 0.166889 0.948427
vt 0.197439 0.948427
vt 0.185204 0.948427
vt 0.185204 0.914124
vt 0.197439 0.914124
vt 0.203519 0.914124
vt 0.215754 0.914124
vt 0.215754 0.948427
vt 0.203519 0.948427
vt 0.234069 0.948427
vt 0.221834 0.948427
vt 0.221834 0.914124
vt 0.234069 0.914124
vt 0.240149 0.914124
vt 0.252384 0.914124
vt 0.252384 0.948427
vt 0.240149 0.948427
vt 0.270699 0.948427
vt 0.258463 0.948427
vt 0.258463 0.914124
vt 0.270699 0.914124
vt 0.276778 0.914725
vt 0.289013 0.914725
vt 0.289013 0.949028
vt 0.276778 0.949028
vt 0.307328 0.949028
vt 0.295093 0.949028
vt 0.295093 0.914725
vt 0.307328 0.914725
vt 0.313408 0.914725
vt 0.325643 0.914725
vt 0.325643 0.949028
vt 0.313408 0.949028
vt 0.343958 0.949028
vt 0.331723 0.949028
vt 0.331723 0.914725
vt 0.343958 0.914725
vt 0.350038 0.914725
vt 0.362273 0.914725
vt 0.362273 0.949028
vt 0.350038 0.949028
vt 0.380588 0.949028
vt 0.368353 0.949028
vt 0.368353 0.914725
vt 0.380588 0.914725
vt 0.386668 0.915228
vt 0.398903 0.915228
vt 0.398903 0.949531
vt 0.386668 0.949531
vt 0.417218 0.949531
vt 0.404982 0.949531
vt 0.404982 0.915228
vt 0.417218 0.915228
vt 0.423297 0.915228
vt 0.435533 0.915228
vt 0.435533 0.949531
vt 0.423297 0.949531
vt 0.453847 0.949531
vt 0.441612 0.949531
vt 0.441612 0.915228
vt 0.453847 0.915228
vt 0.459927 0.915228
vt 0.472162 0.915228
vt 0.472162 0.949531
vt 0.459927 0.949531
vt 0.490477 0.949531
vt 0.478242 0.949531
vt 0.478242 0.915228
vt 0.490477 0.915228
vt 0.496557 0.915228
vt 0.508792 0.915228
vt 0.508792 0.949531
vt 0.496557 0.949531
vt 0.527107 0.949531
vt 0.514872 0.949531
vt 0.514872 0.915228
vt 0.527107 0.915228
vt 0.533187 0.925651
vt 0.545422 0.925651
vt 0.545422 0.959954
vt 0.533187 0.959954
vt 0.563737 0.959954
vt 0.551502 0.959954
vt 0.551502 0.925651
vt 0.563737 0.925651
vt 0.569816 0.925651
vt 0.582051 0.925651
vt 0.582051 0.959954
vt 0.569816 0.959954
vt 0.600366 0.959954
vt 0.588131 0.959954
vt 0.588131 0.925651
vt 0.600366 0.925651
vt 0.529524 0.631081
vt 0.529524 0.547040
vt 0.563827 0.547040
vt 0.563827 0.631081
vt 0.588131 0.444947
vt 0.588131 0.360906
vt 0.622434 0.360906
vt 0.622434 0.444947
vt 0.032519 0.513044
vt 0.032519 0.424116
vt 0.066822 0.424116
vt 0.066822 0.513044
vt 0.001872 0.605722
vt 0.001872 0.516795
vt 0.036175 0.516795
vt 0.036175 0.605722
vt 0.845486 0.288128
vt 0.845486 0.164973
vt 0.879789 0.164973
vt 0.879789 0.288128
vt 0.787417 0.288128
vt 0.787417 0.164973
vt 0.821719 0.164973
vt 0.821719 0.288128
vt 0.380933 0.542044
vt 0.380933 0.423498
vt 0.415236 0.423498
vt 0.415236 0.542044
vt 0.322864 0.542044
vt 0.322864 0.423497
vt 0.357167 0.423497
vt 0.357167 0.542044
vt 0.497071 0.717346
vt 0.497071 0.638216
vt 0.531374 0.638216
vt 0.531374 0.717346
vt 0.439002 0.717346
vt 0.439002 0.638216
vt 0.473305 0.638216
vt 0.473305 0.717346
vt 0.295093 0.768967
vt 0.295093 0.720465
vt 0.329396 0.720465
vt 0.329396 0.768967
vt 0.353701 0.769599
vt 0.353701 0.721097
vt 0.388004 0.721097
vt 0.388004 0.769599
vt 0.412308 0.769599
vt 0.412308 0.721097
vt 0.446611 0.721097
vt 0.446611 0.769599
vt 0.470916 0.769599
vt 0.470916 0.721097
vt 0.505219 0.721097
vt 0.505219 0.769599
vt 0.380933 0.717346
vt 0.380933 0.638216
vt 0.415236 0.638216
vt 0.415236 0.717346
vt 0.322864 0.716714
vt 0.322864 0.637584
vt 0.357167 0.637584
vt 0.357167 0.716714
vt 0.763954 0.407063
vt 0.763954 0.323089
vt 0.798257 0.323089
vt 0.798257 0.407063
vt 0.822562 0.375853
vt 0.822562 0.291879
vt 0.856865 0.291879
vt 0.856865 0.375853
vt 0.148657 0.536197
vt 0.148657 0.424116
vt 0.182960 0.424116
vt 0.182960 0.536197
vt 0.090588 0.536197
vt 0.090588 0.424116
vt 0.124891 0.424116
vt 0.124891 0.536197
vt 0.529524 0.769599
vt 0.529524 0.721097
vt 0.563827 0.721097
vt 0.563827 0.769599
vt 0.588131 0.766848
vt 0.588131 0.718346
vt 0.622434 0.718346
vt 0.622434 0.766848
vt 0.646739 0.584626
vt 0.646739 0.536124
vt 0.681042 0.536124
vt 0.681042 0.584626
vt 0.705346 0.584626
vt 0.705346 0.536124
vt 0.739649 0.536124
vt 0.739649 0.584626
vt 0.763954 0.546809
vt 0.763954 0.498307
vt 0.798257 0.498307
vt 0.798257 0.546809
vt 0.822562 0.546742
vt 0.822562 0.498240
vt 0.856865 0.498240
vt 0.856865 0.546742
vt 0.264795 0.716714
vt 0.264795 0.637584
vt 0.299098 0.637584
vt 0.299098 0.716714
vt 0.206726 0.713550
vt 0.206726 0.634419
vt 0.241029 0.634419
vt 0.241029 0.713550
vt 0.646739 0.444947
vt 0.646739 0.360906
vt 0.681042 0.360906
vt 0.681042 0.444947
vt 0.705346 0.407130
vt 0.705346 0.323089
vt 0.739649 0.323089
vt 0.739649 0.407130
vt 0.881169 0.515532
vt 0.881169 0.467030
vt 0.915472 0.467030
vt 0.915472 0.515532
vt 0.903555 0.567785
vt 0.903555 0.519283
vt 0.937858 0.519283
vt 0.937858 0.567785
vt 0.380933 0.821349
vt 0.380933 0.773350
vt 0.415236 0.773350
vt 0.415236 0.821349
vt 0.322864 0.821349
vt 0.322864 0.773350
vt 0.357167 0.773350
vt 0.357167 0.821349
vt 0.177878 0.765833
vt 0.177878 0.717300
vt 0.212181 0.717300
vt 0.212181 0.765833
vt 0.236486 0.768998
vt 0.236486 0.720465
vt 0.270788 0.720465
vt 0.270788 0.768998
vt 0.032519 0.683522
vt 0.032519 0.632606
vt 0.066822 0.632606
vt 0.066822 0.683522
vt 0.001872 0.738189
vt 0.001872 0.687273
vt 0.036175 0.687273
vt 0.036175 0.738189
vt 0.264795 0.820748
vt 0.264795 0.772749
vt 0.299098 0.772749
vt 0.299098 0.820748
vt 0.206726 0.820748
vt 0.206726 0.772749
vt 0.241029 0.772749
vt 0.241029 0.820748
vt 0.845486 0.598995
vt 0.845486 0.550493
vt 0.879789 0.550493
vt 0.879789 0.598995
vt 0.787417 0.599062
vt 0.787417 0.550560
vt 0.821720 0.550560
vt 0.821720 0.599062
vt 0.729348 0.636879
vt 0.729348 0.588377
vt 0.763651 0.588377
vt 0.763651 0.636879
vt 0.671279 0.636879
vt 0.671279 0.588377
vt 0.705581 0.588377
vt 0.705581 0.636879
vt 0.613210 0.819100
vt 0.613210 0.770598
vt 0.647512 0.770598
vt 0.647512 0.819100
vt 0.555141 0.821852
vt 0.555141 0.773350
vt 0.589443 0.773350
vt 0.589443 0.821852
vt 0.613210 0.921900
vt 0.613210 0.877174
vt 0.647512 0.877174
vt 0.647512 0.921900
vt 0.555141 0.921900
vt 0.555141 0.877174
vt 0.589443 0.877174
vt 0.589443 0.921900
vt 0.060663 0.760934
vt 0.060663 0.711818
vt 0.094966 0.711818
vt 0.094966 0.760934
vt 0.119270 0.762747
vt 0.119270 0.713631
vt 0.153573 0.713631
vt 0.153573 0.762747
vt 0.497072 0.821852
vt 0.497072 0.773350
vt 0.531374 0.773350
vt 0.531374 0.821852
vt 0.439003 0.821852
vt 0.439003 0.773350
vt 0.473305 0.773350
vt 0.473305 0.821852
vt 0.881169 0.649677
vt 0.881169 0.602746
vt 0.915472 0.602746
vt 0.915472 0.649677
vt 0.903555 0.700359
vt 0.903555 0.653428
vt 0.937858 0.653428
vt 0.937858 0.700359
vt 0.845486 0.701316
vt 0.845486 0.654385
vt 0.879789 0.654385
vt 0.879789 0.701316
vt 0.787417 0.739132
vt 0.787417 0.692201
vt 0.821720 0.692201
vt 0.821720 0.739132
vt 0.148657 0.817583
vt 0.148657 0.769584
vt 0.182960 0.769584
vt 0.182960 0.817583
vt 0.090588 0.814497
vt 0.090588 0.766498
vt 0.124891 0.766498
vt 0.124891 0.814497
vn -1.000000 0.000000 0.000000
vn -1.000000 0.000000 0.000000
vn -1.000000 0.000000 0.000000
vn -1.000000 0.000000 0.000000
vn 0.000000 1.000000 0.000000
vn 0.000000 1.000000 0.000000
vn 0.000000 1.000000 0.000000
vn 0.000000 1.000000 0.000000
vn 1.000000 0.000000 0.000000
vn 1.000000 0.000000 0.000000
vn 1.000000 0.000000 0.000000
vn 1.000000 0.000000 0.000000
vn 0.000000 -1.000000 0.000000
vn 0.000000 -1.000000 0.000000
vn 0.000000 -1.000000 0.000000
vn 0.000000 -1.000000 0.000000
vn 0.000000 0.000000 1.000000
vn 0.000000 0.000000 1.000000
vn 0.000000 0.000000 1.000000
vn 0.000000 0.000000 1.000000
vn 0.000000 0.000000 -1.000000
vn 0.000000 0.000000 -1.000000
vn 0.000000 0.000000 -1.000000
vn 0.000000 0.000000 -1.000000
vn 0.000000 0.000000 1.000000
vn 0.000000 0.000000 1.000000
vn 0.000000 0.000000 1.000000
vn 0.000000 0.000000 1.000000
vn 0.000000 1.000000 0.000000
vn 0.000000 1.000000 0.000000
vn 0.000000 1.000000 0.000000
vn 0.000000 1.000000 0.000000
vn 0.000000 0.000000 -1.000000
vn 0.000000 0.000000 -1.000000
vn 0.000000 0.000000 -1.000000
vn 0.000000 0.000000 -1.000000
vn 0.000000 -1.000000 0.000000
vn 0.000000 -1.000000 0.000000
vn 0.000000 -1.000000 0.000000
vn 0.000000 -1.000000 0.000000
vn 1.000000 0.000000 0.000000
vn 1.000000 0.000000 0.000000
vn 1.000000 0.000000 0.000000
vn 1.000000 0.000000 0.000000
vn -1.000000 0.000000 0.000000
vn -1.000000 0.000000 0.000000
vn -1.000000 0.000000 0.000000
vn -1.000000 0.000000 0.000000
vn -1.000000 0.000000 0.000000
vn -1.000000 0.000000 0.000000
vn -1.000000 0.000000 0.000000
vn -1.000000 0.000000 0.000000
vn 0.000000 1.000000 0.000000
vn 0.000000 1.000000 0.000000
vn 0.000000 1.000000 0.000000
vn 0.000000 1.000000 0.000000
vn 1.000000 0.000000 0.000000
vn 1.000000 0.000000 0.000000
vn 1.000000 0.000000 0.000000
vn 1.000000 0.000000 0.000000
vn 0.000000 -1.000000 0.000000
vn 0.000000 -1.000000 0.000000
vn 0.000000 -1.000000 0.000000
vn 0.000000 -1.000000 0.000000
vn 0.000000 0.000000 1.000000
vn 0.000000 0.000000 1.000000
vn 0.000000 0.000000 1.000000
vn 0.000000 0.000000 1.000000
vn 0.000000 0.000000 -1.000000
vn 0.000000 0.000000 -1.000000
vn 0.000000 0.000000 -1.000000
vn 0.000000 0.000000 -1.000000
vn -1.000000 0.000000 0.000000
vn -1.000000 0.000000 0.000000
vn -1.000000 0.000000 0.000000
vn -1.000000 0.000000 0.000000
vn 0.000000 1.000000 0.000000
vn 0.000000 1.000000 0.000000
vn 0.000000 1.000000 0.000000
vn 0.000000 1.000000 0.000000
vn 1.000000 0.000000 0.000000
vn 1.000000 0.000000 0.000000
vn 1.000000 0.000000 0.000000
vn 1.000000 0.000000 0.000000
vn 0.000000 -1.000000 0.000000
vn 0.000000 -1.000000 0.000000
vn 0.000000 -1.000000 0.000000
vn 0.000000 -1.000000 0.000000
vn 0.000000 0.000000 1.000000
vn 0.000000 0.000000 1.000000
vn 0.000000 0.000000 1.000000
vn 0.000000 0.000000 1.000000
vn 0.000000 0.000000 -1.000000
vn 0.000000 0.000000 -1.000000
vn 0.000000 0.000000 -1.000000
vn 0.000000 0.000000 -1.000000
vn -1.000000 0.000000 0.000000
vn -1.000000 0.000000 0.000000
vn -1.000000 0.000000 0.000000
vn -1.000000 0.000000 0.000000
vn 0.000000 1.000000 0.000000
vn 0.000000 1.000000 0.000000
vn 0.000000 1.000000 0.000000
vn 0.000000 1.000000 0.000000
vn 1.000000 0.000000 0.000000
vn 1.000000 0.000000 0.000000
vn 1.000000 0.000000 0.000000
vn 1.000000 0.000000 0.000000
vn 0.000000 -1.000000 0.000000
vn 0.000000 -1.000000 0.000000
vn 0.000000 -1.000000 0.000000
vn 0.000000 -1.000000 0.000000
vn 0.000000 0.000000 1.000000
vn 0.000000 0.000000 1.000000
vn 0.000000 0.000000 1.000000
vn 0.000000 0.000000 1.000000
vn 0.000000 0.000000 -1.000000
vn 0.000000 0.000000 -1.000000
vn 0.000000 0.000000 -1.000000
vn 0.000000 0.000000 -1.000000
vn 0.000000 0.000000 1.000000
vn 0.000000 0.000000 1.000000
vn 0.000000 0.000000 1.000000
vn 0.000000 0.000000 1.000000
vn 0.000000 1.000000 0.000000
vn 0.000000 1.000000 0.000000
vn 0.000000 1.000000 0.000000
vn 0.000000 1.000000 0.000000
vn 0.000000 0.000000 -1.000000
vn 0.000000 0.000000 -1.000000
vn 0.000000 0.000000 -1.000000
vn 0.000000 0.000000 -1.000000
vn 0.000000 -1.000000 0.000000
vn 0.000000 -1.000000 0.000000
vn 0.000000 -1.000000 0.000000
vn 0.000000 -1.000000 0.000000
vn 1.000000 0.000000 0.000000
vn 1.000000 0.000000 0.000000
vn 1.000000 0.000000 0.000000
vn 1.000000 0.000000 0.000000
vn -1.000000 0.000000 0.000000
vn -1.000000 0.000000 0.000000
vn -1.000000 0.000000 0.000000
vn -1.000000 0.000000 0.000000
vn -1.000000 0.000000 0.000000
vn -1.000000 0.000000 0.000000
vn -1.000000 0.000000 0.000000
vn -1.000000 0.000000 0.000000
vn 0.000000 1.000000 0.000000
vn 0.000000 1.000000 0.000000
vn 0.000000 1.000000 0.000000
vn 0.000000 1.000000 0.000000
vn 1.000000 0.000000 0.000000
vn 1.000000 0.000000 0.000000
vn 1.000000 0.000000 0.000000
vn 1.000000 0.000000 0.000000
vn 0.000000 -1.000000 0.000000
vn 0.000000 -1.000000 0.000000
vn 0.000000 -1.000000 0.000000
vn 0.000000 -1.000000 0.000000
vn 0.000000 0.000000 1.000000
vn 0.000000 0.000000 1.000000
vn 0.000000 0.000000 1.000000
vn 0.000000 0.000000 1.000000
vn 0.000000 0.000000 -1.000000
vn 0.000000 0.000000 -1.000000
vn 0.000000 0.000000 -1.000000
vn 0.000000 0.000000 -1.000000
vn -1.000000 0.000000 0.000000
vn -1.000000 0.000000 0.000000
vn -1.000000 0.000000 0.000000
vn -1.000000 0.000000 0.000000
vn 0.000000 1.000000 0.000000
vn 0.000000 1.000000 0.000000
vn 0.000000 1.000000 0.000000
vn 0.000000 1.000000 0.000000
vn 1.000000 0.000000 0.000000
vn 1.000000 0.000000 0.000000
vn 1.000000 0.000000 0.000000
vn 1.000000 0.000000 0.000000
vn 0.000000 -1.000000 0.000000
vn 0.000000 -1.000000 0.000000
vn 0.000000 -1.000000 0.000000
vn 0.000000 -1.000000 0.000000
vn 0.000000 0.000000 1.000000
vn 0.000000 0.000000 1.000000
vn 0.000000 0.000000 1.000000
vn 0.000000 0.000000 1.000000
vn 0.000000 0.000000 -1.000000
vn 0.000000 0.000000 -1.000000
vn 0.000000 0.000000 -1.000000
vn 0.000000 0.000000 -1.000000
vn -1.000000 0.000000 0.000000
vn -1.000000 0.000000 0.000000
vn -1.000000 0.000000 0.000000
vn -1.000000 0.000000 0.000000
vn 0.000000 1.000000 0.000000
vn 0.000000 1.000000 0.000000
vn 0.000000 1.000000 0.000000
vn 0.000000 1.000000 0.000000
vn 1.000000 0.000000 0.000000
vn 1.000000 0.000000 0.000000
vn 1.000000 0.000000 0.000000
vn 1.000000 0.000000 0.000000
vn 0.000000 -1.000000 0.000000
vn 0.000000 -1.000000 0.000000
vn 0.000000 -1.000000 0.000000
vn 0.000000 -1.000000 0.000000
vn 0.000000 0.000000 1.000000
vn 0.000000 0.000000 1.000000
vn 0.000000 0.000000 1.000000
vn 0.000000 0.000000 1.000000
vn 0.000000 0.000000 -1.000000
vn 0.000000 0.000000 -1.000000
vn 0.000000 0.000000 -1.000000
vn 0.000000 0.000000 -1.000000
vn -1.000000 0.000000 0.000000
vn -1.000000 0.000000 0.000000
vn -1.000000 0.000000 0.000000
vn -1.000000 0.000000 0.000000
vn 0.000000 1.000000 0.000000
vn 0.000000 1.000000 0.000000
vn 0.000000 1.000000 0.000000
vn 0.000000 1.000000 0.000000
vn 1.000000 0.000000 0.000000
vn 1.000000 0.000000 0.000000
vn 1.000000 0.000000 0.000000
vn 1.000000 0.000000 0.000000
vn 0.000000 -1.000000 0.000000
vn 0.000000 -1.000000 0.000000
vn 0.000000 -1.000000 0.000000
vn 0.000000 -1.000000 0.000000
vn 0.000000 0.000000 1.000000
vn 0.000000 0.000000 1.000000
vn 0.000000 0.000000 1.000000
vn 0.000000 0.000000 1.000000
vn 0.000000 0.000000 -1.000000
vn 0.000000 0.000000 -1.000000
vn 0.000000 0.000000 -1.000000
vn 0.000000 0.000000 -1.000000
vn -1.000000 0.000000 0.000000
vn -1.000000 0.000000 0.000000
vn -1.000000 0.000000 0.000000
vn -1.000000 0.000000 0.000000
vn 0.000000 1.000000 0.000000
vn 0.000000 1.000000 0.000000
vn 0.000000 1.000000 0.000000
vn 0.000000 1.000000 0.000000
vn 1.000000 0.000000 0.000000
vn 1.000000 0.000000 0.000000
vn 1.000000 0.000000 0.000000
vn 1.000000 0.000000 0.000000
vn 0.000000 -1.000000 0.000000
vn 0.000000 -1.000000 0.000000
vn 0.000000 -1.000000 0.000000
vn 0.000000 -1.000000 0.000000
vn 0.000000 0.000000 1.000000
vn 0.000000 0.000000 1.000000
vn 0.000000 0.000000 1.000000
vn 0.000000 0.000000 1.000000
vn 0.000000 0.000000 -1.000000
vn 0.000000 0.000000 -1.000000
vn 0.000000 0.000000 -1.000000
vn 0.000000 0.000000 -1.000000
vn -1.000000 0.000000 0.000000
vn -1.000000 0.000000 0.000000
vn -1.000000 0.000000 0.000000
vn -1.000000 0.000000 0.000000
vn 0.000000 1.000000 0.000000
vn 0.000000 1.000000 0.000000
vn 0.000000 1.000000 0.000000
vn 0.000000 1.000000 0.000000
vn 1.000000 0.000000 0.000000
vn 1.000000 0.000000 0.000000
vn 1.000000 0.000000 0.000000
vn 1.000000 0.000000 0.000000
vn 0.000000 -1.000000 0.000000
vn 0.000000 -1.000000 0.000000
vn 0.000000 -1.000000 0.000000
vn 0.000000 -1.000000 0.000000
vn 0.000000 0.000000 1.000000
vn 0.000000 0.000000 1.000000
vn 0.000000 0.000000 1.000000
vn 0.000000 0.000000 1.000000
vn 0.000000 0.000000 -1.000000
vn 0.000000 0.000000 -1.000000
vn 0.000000 0.000000 -1.000000
vn 0.000000 0.000000 -1.000000
vn -1.000000 0.000000 0.000000
vn -1.000000 0.000000 0.000000
vn -1.000000 0.000000 0.000000
vn -1.000000 0.000000 0.000000
vn 0.000000 1.000000 0.000000
vn 0.000000 1.000000 0.000000
vn 0.000000 1.000000 0.000000
vn 0.000000 1.000000 0.000000
vn 1.000000 0.000000 0.000000
vn 1.000000 0.000000 0.000000
vn 1.000000 0.000000 0.000000
vn 1.000000 0.000000 0.000000
vn 0.000000 -1.000000 0.000000
vn 0.000000 -1.000000 0.000000
vn 0.000000 -1.000000 0.000000
vn 0.000000 -1.000000 0.000000
vn 0.000000 0.000000 1.000000
vn 0.000000 0.000000 1.000000
vn 0.000000 0.000000 1.000000
vn 0.000000 0.000000 1.000000
vn 0.000000 0.000000 -1.000000
vn 0.000000 0.000000 -1.000000
vn 0.000000 0.000000 -1.000000
vn 0.000000 0.000000 -1.000000
vn -1.000000 0.000000 0.000000
vn -1.000000 0.000000 0.000000
vn -1.000000 0.000000 0.000000
vn -1.000000 0.000000 0.000000
vn 0.000000 1.000000 0.000000
vn 0.000000 1.000000 0.000000
vn 0.000000 1.000000 0.000000
vn 0.000000 1.000000 0.000000
vn 1.000000 0.000000 0.000000
vn 1.000000 0.000000 0.000000
vn 1.000000 0.000000 0.000000
vn 1.000000 0.000000 0.000000
vn 0.000000 -1.000000 0.000000
vn 0.000000 -1.000000 0.000000
vn 0.000000 -1.000000 0.000000
vn 0.000000 -1.000000 0.000000
vn 0.000000 0.000000 1.000000
vn 0.000000 0.000000 1.000000
vn 0.000000 0.000000 1.000000
vn 0.000000 0.000000 1.000000
vn 0.000000 0.000000 -1.000000
vn 0.000000 0.000000 -1.000000
vn 0.000000 0.000000 -1.000000
vn 0.000000 0.000000 -1.000000
vn -1.000000 0.000000 0.000000
vn -1.000000 0.000000 0.000000
vn -1.000000 0.000000 0.000000
vn -1.000000 0.000000 0.000000
vn 0.000000 1.000000 0.000000
vn 0.000000 1.000000 0.000000
vn 0.000000 1.000000 0.000000
vn 0.000000 1.000000 0.000000
vn 1.000000 0.000000 0.000000
vn 1.000000 0.000000 0.000000
vn 1.000000 0.000000 0.000000
vn 1.000000 0.000000 0.000000
vn 0.000000 -1.000000 0.000000
vn 0.000000 -1.000000 0.000000
vn 0.000000 -1.000000 0.000000
vn 0.000000 -1.000000 0.000000
vn 0.000000 0.000000 1.000000
vn 0.000000 0.000000 1.000000
vn 0.000000 0.000000 1.000000
vn 0.000000 0.000000 1.000000
vn 0.000000 0.000000 -1.000000
vn 0.000000 0.000000 -1.000000
vn 0.000000 0.000000 -1.000000
vn 0.000000 0.000000 -1.000000
vn -1.000000 0.000000 0.000000
vn -1.000000 0.000000 0.000000
vn -1.000000 0.000000 0.000000
vn -1.000000 0.000000 0.000000
vn 0.000000 1.000000 0.000000
vn 0.000000 1.000000 0.000000
vn 0.000000 1.000000 0.000000
vn 0.000000 1.000000 0.000000
vn 1.000000 0.000000 0.000000
vn 1.000000 0.000000 0.000000
vn 1.000000 0.000000 0.000000
vn 1.000000 0.000000 0.000000
vn 0.000000 -1.000000 0.000000
vn 0.000000 -1.000000 0.000000
vn 0.000000 -1.000000 0.000000
vn 0.000000 -1.000000 0.000000
vn 0.000000 0.000000 1.000000
vn 0.000000 0.000000 1.000000
vn 0.000000 0.000000 1.000000
vn 0.000000 0.000000 1.000000
vn 0.000000 0.000000 -1.000000
vn 0.000000 0.000000 -1.000000
vn 0.000000 0.000000 -1.000000
vn 0.000000 0.000000 -1.000000
vn -1.000000 0.000000 0.000000
vn -1.000000 0.000000 0.000000
vn -1.000000 0.000000 0.000000
vn -1.000000 0.000000 0.000000
vn 0.000000 1.000000 0.000000
vn 0.000000 1.000000 0.000000
vn 0.000000 1.000000 0.000000
vn 0.000000 1.000000 0.000000
vn 1.000000 0.000000 0.000000
vn 1.000000 0.000000 0.000000
vn 1.000000 0.000000 0.000000
vn 1.000000 0.000000 0.000000
vn 0.000000 -1.000000 0.000000
vn 0.000000 -1.000000 0.000000
vn 0.000000 -1.000000 0.000000
vn 0.000000 -1.000000 0.000000
vn 0.000000 0.000000 1.000000
vn 0.000000 0.000000 1.000000
vn 0.000000 0.000000 1.000000
vn 0.000000 0.000000 1.000000
vn 0.000000 0.000000 -1.000000
vn 0.000000 0.000000 -1.000000
vn 0.000000 0.000000 -1.000000
vn 0.000000 0.000000 -1.000000
vn -1.000000 0.000000 0.000000
vn -1.000000 0.000000 0.000000
vn -1.000000 0.000000 0.000000
vn -1.000000 0.000000 0.000000
vn 0.000000 1.000000 0.000000
vn 0.000000 1.000000 0.000000
vn 0.000000 1.000000 0.000000
vn 0.000000 1.000000 0.000000
vn 1.000000 0.000000 0.000000
vn 1.000000 0.000000 0.000000
vn 1.000000 0.000000 0.000000
vn 1.000000 0.000000 0.000000
vn 0.000000 -1.000000 0.000000
vn 0.000000 -1.000000 0.000000
vn 0.000000 -1.000000 0.000000
vn 0.000000 -1.000000 0.000000
vn 0.000000 0.000000 1.000000
vn 0.000000 0.000000 1.000000
vn 0.000000 0.000000 1.000000
vn 0.000000 0.000000 1.000000
vn 0.000000 0.000000 -1.000000
vn 0.000000 0.000000 -1.000000
vn 0.000000 0.000000 -1.000000
vn 0.000000 0.000000 -1.000000
vn -1.000000 0.000000 0.000000
vn -1.000000 0.000000 0.000000
vn -1.000000 0.000000 0.000000
vn -1.000000 0.000000 0.000000
vn 0.000000 1.000000 0.000000
vn 0.000000 1.000000 0.000000
vn 0.000000 1.000000 0.000000
vn 0.000000 1.000000 0.000000
vn 1.000000 0.000000 0.000000
vn 1.000000 0.000000 0.000000
vn 1.000000 0.000000 0.000000
vn 1.000000 0.000000 0.000000
vn 0.000000 -1.000000 0.000000
vn 0.000000 -1.000000 0.000000
vn 0.000000 -1.000000 0.000000
vn 0.000000 -1.000000 0.000000
vn 0.000000 0.000000 1.000000
vn 0.000000 0.000000 1.000000
vn 0.000000 0.000000 1.000000
vn 0.000000 0.000000 1.000000
vn 0.000000 0.000000 -1.000000
vn 0.000000 0.000000 -1.000000
vn 0.000000 0.000000 -1.000000
vn 0.000000 0.000000 -1.000000
vn -1.000000 0.000000 0.000000
vn -1.000000 0.000000 0.000000
vn -1.000000 0.000000 0.000000
vn -1.000000 0.000000 0.000000
vn 0.000000 1.000000 0.000000
vn 0.000000 1.000000 0.000000
vn 0.000000 1.000000 0.000000
vn 0.000000 1.000000 0.000000
vn 1.000000 0.000000 0.000000
vn 1.000000 0.000000 0.000000
vn 1.000000 0.000000 0.000000
vn 1.000000 0.000000 0.000000
vn 0.000000 -1.000000 0.000000
vn 0.000000 -1.000000 0.000000
vn 0.000000 -1.000000 0.000000
vn 0.000000 -1.000000 0.000000
vn 0.000000 0.000000 1.000000
vn 0.000000 0.000000 1.000000
vn 0.000000 0.000000 1.000000
vn 0.000000 0.000000 1.000000
vn 0.000000 0.000000 -1.000000
vn 0.000000 0.000000 -1.000000
vn 0.000000 0.000000 -1.000000
vn 0.000000 0.000000 -1.000000
vn -1.000000 0.000000 0.000000
vn -1.000000 0.000000 0.000000
vn -1.000000 0.000000 0.000000
vn -1.000000 0.000000 0.000000
vn 0.000000 1.000000 0.000000
vn 0.000000 1.000000 0.000000
vn 0.000000 1.000000 0.000000
vn 0.000000 1.000000 0.000000
vn 1.000000 0.000000 0.000000
vn 1.000000 0.000000 0.000000
vn 1.000000 0.000000 0.000000
vn 1.000000 0.000000 0.000000
vn 0.000000 -1.000000 0.000000
vn 0.000000 -1.000000 0.000000
vn 0.000000 -1.000000 0.000000
vn 0.000000 -1.000000 0.000000
vn 0.000000 0.000000 1.000000
vn 0.000000 0.000000 1.000000
vn 0.000000 0.000000 1.000000
vn 0.000000 0.000000 1.000000
vn 0.000000 0.000000 -1.000000
vn 0.000000 0.000000 -1.000000
vn 0.000000 0.000000 -1.000000
vn 0.000000 0.000000 -1.000000
vn -1.000000 0.000000 0.000000
vn -1.000000 0.000000 0.000000
vn -1.000000 0.000000 0.000000
vn -1.000000 0.000000 0.000000
vn 0.000000 1.000000 0.000000
vn 0.000000 1.000000 0.000000
vn 0.000000 1.000000 0.000000
vn 0.000000 1.000000 0.000000
vn 1.000000 0.000000 0.000000
vn 1.000000 0.000000 0.000000
vn 1.000000 0.000000 0.000000
vn 1.000000 0.000000 0.000000
vn 0.000000 -1.000000 0.000000
vn 0.000000 -1.000000 0.000000
vn 0.000000 -1.000000 0.000000
vn 0.000000 -1.000000 0.000000
vn 0.000000 0.000000 1.000000
vn 0.000000 0.000000 1.000000
vn 0.000000 0.000000 1.000000
vn 0.000000 0.000000 1.000000
vn 0.000000 0.000000 -1.000000
vn 0.000000 0.000000 -1.000000
vn 0.000000 0.000000 -1.000000
vn 0.000000 0.000000 -1.000000
vn -1.000000 0.000000 0.000000
vn -1.000000 0.000000 0.000000
vn -1.000000 0.000000 0.000000
vn -1.000000 0.000000 0.000000
vn 0.000000 1.000000 0.000000
vn 0.000000 1.000000 0.000000
vn 0.000000 1.000000 0.000000
vn 0.000000 1.000000 0.000000
vn 1.000000 0.000000 0.000000
vn 1.000000 0.000000 0.000000
vn 1.000000 0.000000 0.000000
vn 1.000000 0.000000 0.000000
vn 0.000000 -1.000000 0.000000
vn 0.000000 -1.000000 0.000000
vn 0.000000 -1.000000 0.000000
vn 0.000000 -1.000000 0.000000
vn 0.000000 0.000000 1.000000
vn 0.000000 0.000000 1.000000
vn 0.000000 0.000000 1.000000
vn 0.000000 0.000000 1.000000
vn 0.000000 0.000000 -1.000000
vn 0.000000 0.000000 -1.000000
vn 0.000000 0.000000 -1.000000
vn 0.000000 0.000000 -1.000000
vn -1.000000 0.000000 0.000000
vn -1.000000 0.000000 0.000000
vn -1.000000 0.000000 0.000000
vn -1.000000 0.000000 0.000000
vn 0.000000 1.000000 0.000000
vn 0.000000 1.000000 0.000000
vn 0.000000 1.000000 0.000000
vn 0.000000 1.000000 0.000000
vn 1.000000 0.000000 0.000000
vn 1.000000 0.000000 0.000000
vn 1.000000 0.000000 0.000000
vn 1.000000 0.000000 0.000000
vn 0.000000 -1.000000 0.000000
vn 0.000000 -1.000000 0.000000
vn 0.000000 -1.000000 0.000000
vn 0.000000 -1.000000 0.000000
vn 0.000000 0.000000 1.000000
vn 0.000000 0.000000 1.000000
vn 0.000000 0.000000 1.000000
vn 0.000000 0.000000 1.000000
vn 0.000000 0.000000 -1.000000
vn 0.000000 0.000000 -1.000000
vn 0.000000 0.000000 -1.000000
vn 0.000000 0.000000 -1.000000
vn -1.000000 0.000000 0.000000
vn -1.000000 0.000000 0.000000
vn -1.000000 0.000000 0.000000
vn -1.000000 0.000000 0.000000
vn 0.000000 1.000000 0.000000
vn 0.000000 1.000000 0.000000
vn 0.000000 1.000000 0.000000
vn 0.000000 1.000000 0.000000
vn 1.000000 0.000000 0.000000
vn 1.000000 0.000000 0.000000
vn 1.000000 0.000000 0.000000
vn 1.000000 0.000000 0.000000
vn 0.000000 -1.000000 0.000000
vn 0.000000 -1.000000 0.000000
vn 0.000000 -1.000000 0.000000
vn 0.000000 -1.000000 0.000000
vn 0.000000 0.000000 1.000000
vn 0.000000 0.000000 1.000000
vn 0.000000 0.000000 1.000000
vn 0.000000 0.000000 1.000000
vn 0.000000 0.000000 -1.000000
vn 0.000000 0.000000 -1.000000
vn 0.000000 0.000000 -1.000000
vn 0.000000 0.000000 -1.000000
vn -1.000000 0.000000 0.000000
vn -1.000000 0.000000 0.000000
vn -1.000000 0.000000 0.000000
vn -1.000000 0.000000 0.000000
vn 0.000000 1.000000 0.000000
vn 0.000000 1.000000 0.000000
vn 0.000000 1.000000 0.000000
vn 0.000000 1.000000 0.000000
vn 1.000000 0.000000 0.000000
vn 1.000000 0.000000 0.000000
vn 1.000000 0.000000 0.000000
vn 1.000000 0.000000 0.000000
vn 0.000000 -1.000000 0.000000
vn 0.000000 -1.000000 0.000000
vn 0.000000 -1.000000 0.000000
vn 0.000000 -1.000000 0.000000
vn 0.000000 0.000000 1.000000
vn 0.000000 0.000000 1.000000
vn 0.000000 0.000000 1.000000
vn 0.000000 0.000000 1.000000
vn 0.000000 0.000000 -1.000000
vn 0.000000 0.000000 -1.000000
vn 0.000000 0.000000 -1.000000
vn 0.000000 0.000000 -1.000000
vn -1.000000 0.000000 0.000000
vn -1.000000 0.000000 0.000000
vn -1.000000 0.000000 0.000000
vn -1.000000 0.000000 0.000000
vn 0.000000 1.000000 0.000000
vn 0.000000 1.000000 0.000000
vn 0.000000 1.000000 0.000000
vn 0.000000 1.000000 0.000000
vn 1.000000 0.000000 0.000000
vn 1.000000 0.000000 0.000000
vn 1.000000 0.000000 0.000000
vn 1.000000 0.000000 0.000000
vn 0.000000 -1.000000 0.000000
vn 0.000000 -1.000000 0.000000
vn 0.000000 -1.000000 0.000000
vn 0.000000 -1.000000 0.000000
vn 0.000000 0.000000 1.000000
vn 0.000000 0.000000 1.000000
vn 0.000000 0.000000 1.000000
vn 0.000000 0.000000 1.000000
vn 0.000000 0.000000 -1.000000
vn 0.000000 0.000000 -1.000000
vn 0.000000 0.000000 -1.000000
vn 0.000000 0.000000 -1.000000
vn -1.000000 0.000000 0.000000
vn -1.000000 0.000000 0.000000
vn -1.000000 0.000000 0.000000
vn -1.000000 0.000000 0.000000
vn 0.000000 1.000000 0.000000
vn 0.000000 1.000000 0.000000
vn 0.000000 1.000000 0.000000
vn 0.000000 1.000000 0.000000
vn 1.000000 0.000000 0.000000
vn 1.000000 0.000000 0.000000
vn 1.000000 0.000000 0.000000
vn 1.000000 0.000000 0.000000
vn 0.000000 -1.000000 0.000000
vn 0.000000 -1.000000 0.000000
vn 0.000000 -1.000000 0.000000
vn 0.000000 -1.000000 0.000000
vn 0.000000 0.000000 1.000000
vn 0.000000 0.000000 1.000000
vn 0.000000 0.000000 1.000000
vn 0.000000 0.000000 1.000000
vn 0.000000 0.000000 -1.000000
vn 0.000000 0.000000 -1.000000
vn 0.000000 0.000000 -1.000000
vn 0.000000 0.000000 -1.000000
vn -1.000000 0.000000 0.000000
vn -1.000000 0.000000 0.000000
vn -1.000000 0.000000 0.000000
vn -1.000000 0.000000 0.000000
vn 0.000000 1.000000 0.000000
vn 0.000000 1.000000 0.000000
vn 0.000000 1.000000 0.000000
vn 0.000000 1.000000 0.000000
vn 1.000000 0.000000 0.000000
vn 1.000000 0.000000 0.000000
vn 1.000000 0.000000 0.000000
vn 1.000000 0.000000 0.000000
vn 0.000000 -1.000000 0.000000
vn 0.000000 -1.000000 0.000000
vn 0.000000 -1.000000 0.000000
vn 0.000000 -1.000000 0.000000
vn 0.000000 0.000000 1.000000
vn 0.000000 0.000000 1.000000
vn 0.000000 0.000000 1.000000
vn 0.000000 0.000000 1.000000
vn 0.000000 0.000000 -1.000000
vn 0.000000 0.000000 -1.000000
vn 0.000000 0.000000 -1.000000
vn 0.000000 0.000000 -1.000000
vn -1.000000 0.000000 0.000000
vn -1.000000 0.000000 0.000000
vn -1.000000 0.000000 0.000000
vn -1.000000 0.000000 0.000000
vn 0.000000 1.000000 0.000000
vn 0.000000 1.000000 0.000000
vn 0.000000 1.000000 0.000000
vn 0.000000 1.000000 0.000000
vn 1.000000 0.000000 0.000000
vn 1.000000 0.000000 0.000000
vn 1.000000 0.000000 0.000000
vn 1.000000 0.000000 0.000000
vn 0.000000 -1.000000 0.000000
vn 0.000000 -1.000000 0.000000
vn 0.000000 -1.000000 0.000000
vn 0.000000 -1.000000 0.000000
vn 0.000000 0.000000 1.000000
vn 0.000000 0.000000 1.000000
vn 0.000000 0.000000 1.000000
vn 0.000000 0.000000 1.000000
vn 0.000000 0.000000 -1.000000
vn 0.000000 0.000000 -1.000000
vn 0.000000 0.000000 -1.000000
vn 0.000000 0.000000 -1.000000
vn 0.000000 0.000000 1.000000
vn 0.000000 0.000000 1.000000
vn 0.000000 0.000000 1.000000
vn 0.000000 0.000000 1.000000
vn 0.000000 1.000000 0.000000
vn 0.000000 1.000000 0.000000
vn 0.000000 1.000000 0.000000
vn 0.000000 1.000000 0.000000
vn 0.000000 0.000000 -1.000000
vn 0.000000 0.000000 -1.000000
vn 0.000000 0.000000 -1.000000
vn 0.000000 0.000000 -1.000000
vn 0.000000 -1.000000 0.000000
vn 0.000000 -1.000000 0.000000
vn 0.000000 -1.000000 0.000000
vn 0.000000 -1.000000 0.000000
vn 1.000000 0.000000 0.000000
vn 1.000000 0.000000 0.000000
vn 1.000000 0.000000 0.000000
vn 1.000000 0.000000 0.000000
vn -1.000000 0.000000 0.000000
vn -1.000000 0.000000 0.000000
vn -1.000000 0.000000 0.000000
vn -1.000000 0.000000 0.000000
vn 0.000000 0.000000 1.000000
vn 0.000000 0.000000 1.000000
vn 0.000000 0.000000 1.000000
vn 0.000000 0.000000 1.000000
vn 0.000000 1.000000 0.000000
vn 0.000000 1.000000 0.000000
vn 0.000000 1.000000 0.000000
vn 0.000000 1.000000 0.000000
vn 0.000000 0.000000 -1.000000
vn 0.000000 0.000000 -1.000000
vn 0.000000 0.000000 -1.000000
vn 0.000000 0.000000 -1.000000
vn 0.000000 -1.000000 0.000000
vn 0.000000 -1.000000 0.000000
vn 0.000000 -1.000000 0.000000
vn 0.000000 -1.000000 0.000000
vn 1.000000 0.000000 0.000000
vn 1.000000 0.000000 0.000000
vn 1.000000 0.000000 0.000000
vn 1.000000 0.000000 0.000000
vn -1.000000 0.000000 0.000000
vn -1.000000 0.000000 0.000000
vn -1.000000 0.000000 0.000000
vn -1.000000 0.000000 0.000000
vn 0.000000 0.000000 1.000000
vn 0.000000 0.000000 1.000000
vn 0.000000 0.000000 1.000000
vn 0.000000 0.000000 1.000000
vn 0.000000 1.000000 0.000000
vn 0.000000 1.000000 0.000000
vn 0.000000 1.000000 0.000000
vn 0.000000 1.000000 0.000000
vn 0.000000 0.000000 -1.000000
vn 0.000000 0.000000 -1.000000
vn 0.000000 0.000000 -1.000000
vn 0.000000 0.000000 -1.000000
vn 0.000000 -1.000000 0.000000
vn 0.000000 -1.000000 0.000000
vn 0.000000 -1.000000 0.000000
vn 0.000000 -1.000000 0.000000
vn 1.000000 0.000000 0.000000
vn 1.000000 0.000000 0.000000
vn 1.000000 0.000000 0.000000
vn 1.000000 0.000000 0.000000
vn -1.000000 0.000000 0.000000
vn -1.000000 0.000000 0.000000
vn -1.000000 0.000000 0.000000
vn -1.000000 0.000000 0.000000
vn 0.000000 0.000000 1.000000
vn 0.000000 0.000000 1.000000
vn 0.000000 0.000000 1.000000
vn 0.000000 0.000000 1.000000
vn 0.000000 1.000000 0.000000
vn 0.000000 1.000000 0.000000
vn 0.000000 1.000000 0.000000
vn 0.000000 1.000000 0.000000
vn 0.000000 0.000000 -1.000000
vn 0.000000 0.000000 -1.000000
vn 0.000000 0.000000 -1.000000
vn 0.000000 0.000000 -1.000000
vn 0.000000 -1.000000 0.000000
vn 0.000000 -1.000000 0.000000
vn 0.000000 -1.000000 0.000000
vn 0.000000 -1.000000 0.000000
vn 1.000000 0.000000 0.000000
vn 1.000000 0.000000 0.000000
vn 1.000000 0.000000 0.000000
vn 1.000000 0.000000 0.000000
vn -1.000000 0.000000 0.000000
vn -1.000000 0.000000 0.000000
vn -1.000000 0.000000 0.000000
vn -1.000000 0.000000 0.000000
vn 0.000000 0.000000 1.000000
vn 0.000000 0.000000 1.000000
vn 0.000000 0.000000 1.000000
vn 0.000000 0.000000 1.000000
vn 0.000000 1.000000 0.000000
vn 0.000000 1.000000 0.000000
vn 0.000000 1.000000 0.000000
vn 0.000000 1.000000 0.000000
vn 0.000000 0.000000 -1.000000
vn 0.000000 0.000000 -1.000000
vn 0.000000 0.000000 -1.000000
vn 0.000000 0.000000 -1.000000
vn 0.000000 -1.000000 0.000000
vn 0.000000 -1.000000 0.000000
vn 0.000000 -1.000000 0.000000
vn 0.000000 -1.000000 0.000000
vn 1.000000 0.000000 0.000000
vn 1.000000 0.000000 0.000000
vn 1.000000 0.000000 0.000000
vn 1.000000 0.000000 0.000000
vn -1.000000 0.000000 0.000000
vn -1.000000 0.000000 0.000000
vn -1.000000 0.000000 0.000000
vn -1.000000 0.000000 0.000000
vn 0.000000 0.000000 1.000000
vn 0.000000 0.000000 1.000000
vn 0.000000 0.000000 1.000000
vn 0.000000 0.000000 1.000000
vn 0.000000 1.000000 0.000000
vn 0.000000 1.000000 0.000000
vn 0.000000 1.000000 0.000000
vn 0.000000 1.000000 0.000000
vn 0.000000 0.000000 -1.000000
vn 0.000000 0.000000 -1.000000
vn 0.000000 0.000000 -1.000000
vn 0.000000 0.000000 -1.000000
vn 0.000000 -1.000000 0.000000
vn 0.000000 -1.000000 0.000000
vn 0.000000 -1.000000 0.000000
vn 0.000000 -1.000000 0.000000
vn 1.000000 0.000000 0.000000
vn 1.000000 0.000000 0.000000
vn 1.000000 0.000000 0.000000
vn 1.000000 0.000000 0.000000
vn -1.000000 0.000000 0.000000
vn -1.000000 0.000000 0.000000
vn -1.000000 0.000000 0.000000
vn -1.000000 0.000000 0.000000
vn 0.000000 0.000000 1.000000
vn 0.000000 0.000000 1.000000
vn 0.000000 0.000000 1.000000
vn 0.000000 0.000000 1.000000
vn 0.000000 1.000000 0.000000
vn 0.000000 1.000000 0.000000
vn 0.000000 1.000000 0.000000
vn 0.000000 1.000000 0.000000
vn 0.000000 0.000000 -1.000000
vn 0.000000 0.000000 -1.000000
vn 0.000000 0.000000 -1.000000
vn 0.000000 0.000000 -1.000000
vn 0.000000 -1.000000 0.000000
vn 0.000000 -1.000000 0.000000
vn 0.000000 -1.000000 0.000000
vn 0.000000 -1.000000 0.000000
vn 1.000000 0.000000 0.000000
vn 1.000000 0.000000 0.000000
vn 1.000000 0.000000 0.000000
vn 1.000000 0.000000 0.000000
vn -1.000000 0.000000 0.000000
vn -1.000000 0.000000 0.000000
vn -1.000000 0.000000 0.000000
vn -1.000000 0.000000 0.000000
vn 0.000000 0.000000 1.000000
vn 0.000000 0.000000 1.000000
vn 0.000000 0.000000 1.000000
vn 0.000000 0.000000 1.000000
vn 0.000000 1.000000 0.000000
vn 0.000000 1.000000 0.000000
vn 0.000000 1.000000 0.000000
vn 0.000000 1.000000 0.000000
vn 0.000000 0.000000 -1.000000
vn 0.000000 0.000000 -1.000000
vn 0.000000 0.000000 -1.000000
vn 0.000000 0.000000 -1.000000
vn 0.000000 -1.000000 0.000000
vn 0.000000 -1.000000 0.000000
vn 0.000000 -1.000000 0.000000
vn 0.000000 -1.000000 0.000000
vn 1.000000 0.000000 0.000000
vn 1.000000 0.000000 0.000000
vn 1.000000 0.000000 0.000000
vn 1.000000 0.000000 0.000000
vn -1.000000 0.000000 0.000000
vn -1.000000 0.000000 0.000000
vn -1.000000 0.000000 0.000000
vn -1.000000 0.000000 0.000000
vn 0.000000 0.000000 1.000000
vn 0.000000 0.000000 1.000000
vn 0.000000 0.000000 1.000000
vn 0.000000 0.000000 1.000000
vn 0.000000 1.000000 0.000000
vn 0.000000 1.000000 0.000000
vn 0.000000 1.000000 0.000000
vn 0.000000 1.000000 0.000000
vn 0.000000 0.000000 -1.000000
vn 0.000000 0.000000 -1.000000
vn 0.000000 0.000000 -1.000000
vn 0.000000 0.000000 -1.000000
vn 0.000000 -1.000000 0.000000
vn 0.000000 -1.000000 0.000000
vn 0.000000 -1.000000 0.000000
vn 0.000000 -1.000000 0.000000
vn 1.000000 0.000000 0.000000
vn 1.000000 0.000000 0.000000
vn 1.000000 0.000000 0.000000
vn 1.000000 0.000000 0.000000
vn -1.000000 0.000000 0.000000
vn -1.000000 0.000000 0.000000
vn -1.000000 0.000000 0.000000
vn -1.000000 0.000000 0.000000
vn 0.000000 0.000000 1.000000
vn 0.000000 0.000000 1.000000
vn 0.000000 0.000000 1.000000
vn 0.000000 0.000000 1.000000
vn 0.000000 1.000000 0.000000
vn 0.000000 1.000000 0.000000
vn 0.000000 1.000000 0.000000
vn 0.000000 1.000000 0.000000
vn 0.000000 0.000000 -1.000000
vn 0.000000 0.000000 -1.000000
vn 0.000000 0.000000 -1.000000
vn 0.000000 0.000000 -1.000000
vn 0.000000 -1.000000 0.000000
vn 0.000000 -1.000000 0.000000
vn 0.000000 -1.000000 0.000000
vn 0.000000 -1.000000 0.000000
vn 1.000000 0.000000 0.000000
vn 1.000000 0.000000 0.000000
vn 1.000000 0.000000 0.000000
vn 1.000000 0.000000 0.000000
vn -1.000000 0.000000 0.000000
vn -1.000000 0.000000 0.000000
vn -1.000000 0.000000 0.000000
vn -1.000000 0.000000 0.000000
vn 0.000000 0.000000 1.000000
vn 0.000000 0.000000 1.000000
vn 0.000000 0.000000 1.000000
vn 0.000000 0.000000 1.000000
vn 0.000000 1.000000 0.000000
vn 0.000000 1.000000 0.000000
vn 0.000000 1.000000 0.000000
vn 0.000000 1.000000 0.000000
vn 0.000000 0.000000 -1.000000
vn 0.000000 0.000000 -1.000000
vn 0.000000 0.000000 -1.000000
vn 0.000000 0.000000 -1.000000
vn 0.000000 -1.000000 0.000000
vn 0.000000 -1.000000 0.000000
vn 0.000000 -1.000000 0.000000
vn 0.000000 -1.000000 0.000000
vn 1.000000 0.000000 0.000000
vn 1.000000 0.000000 0.000000
vn 1.000000 0.000000 0.000000
vn 1.000000 0.000000 0.000000
vn -1.000000 0.000000 0.000000
vn -1.000000 0.000000 0.000000
vn -1.000000 0.000000 0.000000
vn -1.000000 0.000000 0.000000
vn 0.000000 0.000000 1.000000
vn 0.000000 0.000000 1.000000
vn 0.000000 0.000000 1.000000
vn 0.000000 0.000000 1.000000
vn 0.000000 1.000000 0.000000
vn 0.000000 1.000000 0.000000
vn 0.000000 1.000000 0.000000
vn 0.000000 1.000000 0.000000
vn 0.000000 0.000000 -1.000000
vn 0.000000 0.000000 -1.000000
vn 0.000000 0.000000 -1.000000
vn 0.000000 0.000000 -1.000000
vn 0.000000 -1.000000 0.000000
vn 0.000000 -1.000000 0.000000
vn 0.000000 -1.000000 0.000000
vn 0.000000 -1.000000 0.000000
vn 1.000000 0.000000 0.000000
vn 1.000000 0.000000 0.000000
vn 1.000000 0.000000 0.000000
vn 1.000000 0.000000 0.000000
vn -1.000000 0.000000 0.000000
vn -1.000000 0.000000 0.000000
vn -1.000000 0.000000 0.000000
vn -1.000000 0.000000 0.000000
vn 0.000000 0.000000 1.000000
vn 0.000000 0.000000 1.000000
vn 0.000000 0.000000 1.000000
vn 0.000000 0.000000 1.000000
vn 0.000000 1.000000 0.000000
vn 0.000000 1.000000 0.000000
vn 0.000000 1.000000 0.000000
vn 0.000000 1.000000 0.000000
vn 0.000000 0.000000 -1.000000
vn 0.000000 0.000000 -1.000000
vn 0.000000 0.000000 -1.000000
vn 0.000000 0.000000 -1.000000
vn 0.000000 -1.000000 0.000000
vn 0.000000 -1.000000 0.000000
vn 0.000000 -1.000000 0.000000
vn 0.000000 -1.000000 0.000000
vn 1.000000 0.000000 0.000000
vn 1.000000 0.000000 0.000000
vn 1.000000 0.000000 0.000000
vn 1.000000 0.000000 0.000000
vn -1.000000 0.000000 0.000000
vn -1.000000 0.000000 0.000000
vn -1.000000 0.000000 0.000000
vn -1.000000 0.000000 0.000000
vn 0.000000 0.000000 1.000000
vn 0.000000 0.000000 1.000000
vn 0.000000 0.000000 1.000000
vn 0.000000 0.000000 1.000000
vn 0.000000 1.000000 0.000000
vn 0.000000 1.000000 0.000000
vn 0.000000 1.000000 0.000000
vn 0.000000 1.000000 0.000000
vn 0.000000 0.000000 -1.000000
vn 0.000000 0.000000 -1.000000
vn 0.000000 0.000000 -1.000000
vn 0.000000 0.000000 -1.000000
vn 0.000000 -1.000000 0.000000
vn 0.000000 -1.000000 0.000000
vn 0.000000 -1.000000 0.000000
vn 0.000000 -1.000000 0.000000
vn 1.000000 0.000000 0.000000
vn 1.000000 0.000000 0.000000
vn 1.000000 0.000000 0.000000
vn 1.000000 0.000000 0.000000
vn -1.000000 0.000000 0.000000
vn -1.000000 0.000000 0.000000
vn -1.000000 0.000000 0.000000
vn -1.000000 0.000000 0.000000
vn 0.000000 0.000000 1.000000
vn 0.000000 0.000000 1.000000
vn 0.000000 0.000000 1.000000
vn 0.000000 0.000000 1.000000
vn 0.000000 1.000000 0.000000
vn 0.000000 1.000000 0.000000
vn 0.000000 1.000000 0.000000
vn 0.000000 1.000000 0.000000
vn 0.000000 0.000000 -1.000000
vn 0.000000 0.000000 -1.000000
vn 0.000000 0.000000 -1.000000
vn 0.000000 0.000000 -1.000000
vn 0.000000 -1.000000 0.000000
vn 0.000000 -1.000000 0.000000
vn 0.000000 -1.000000 0.000000
vn 0.000000 -1.000000 0.000000
vn 1.000000 0.000000 0.000000
vn 1.000000 0.000000 0.000000
vn 1.000000 0.000000 0.000000
vn 1.000000 0.000000 0.000000
vn -1.000000 0.000000 0.000000
vn -1.000000 0.000000 0.000000
vn -1.000000 0.000000 0.000000
vn -1.000000 0.000000 0.000000
vn 0.000000 0.000000 1.000000
vn 0.000000 0.000000 1.000000
vn 0.000000 0.000000 1.000000
vn 0.000000 0.000000 1.000000
vn 0.000000 1.000000 0.000000
vn 0.000000 1.000000 0.000000
vn 0.000000 1.000000 0.000000
vn 0.000000 1.000000 0.000000
vn 0.000000 0.000000 -1.000000
vn 0.000000 0.000000 -1.000000
vn 0.000000 0.000000 -1.000000
vn 0.000000 0.000000 -1.000000
vn 0.000000 -1.000000 0.000000
vn 0.000000 -1.000000 0.000000
vn 0.000000 -1.000000 0.000000
vn 0.000000 -1.000000 0.000000
vn 1.000000 0.000000 0.000000
vn 1.000000 0.000000 0.000000
vn 1.000000 0.000000 0.000000
vn 1.000000 0.000000 0.000000
vn -1.000000 0.000000 0.000000
vn -1.000000 0.000000 0.000000
vn -1.000000 0.000000 0.000000
vn -1.000000 0.000000 0.000000
vn 0.000000 0.000000 1.000000
vn 0.000000 0.000000 1.000000
vn 0.000000 0.000000 1.000000
vn 0.000000 0.000000 1.000000
vn 0.000000 1.000000 0.000000
vn 0.000000 1.000000 0.000000
vn 0.000000 1.000000 0.000000
vn 0.000000 1.000000 0.000000
vn 0.000000 0.000000 -1.000000
vn 0.000000 0.000000 -1.000000
vn 0.000000 0.000000 -1.000000
vn 0.000000 0.000000 -1.000000
vn 0.000000 -1.000000 0.000000
vn 0.000000 -1.000000 0.000000
vn 0.000000 -1.000000 0.000000
vn 0.000000 -1.000000 0.000000
vn 1.000000 0.000000 0.000000
vn 1.000000 0.000000 0.000000
vn 1.000000 0.000000 0.000000
vn 1.000000 0.000000 0.000000
vn -1.000000 0.000000 0.000000
vn -1.000000 0.000000 0.000000
vn -1.000000 0.000000 0.000000
vn -1.000000 0.000000 0.000000
vn 0.000000 0.000000 1.000000
vn 0.000000 0.000000 1.000000
vn 0.000000 0.000000 1.000000
vn 0.000000 0.000000 1.000000
vn 0.000000 1.000000 0.000000
vn 0.000000 1.000000 0.000000
vn 0.000000 1.000000 0.000000
vn 0.000000 1.000000 0.000000
vn 0.000000 0.000000 -1.000000
vn 0.000000 0.000000 -1.000000
vn 0.000000 0.000000 -1.000000
vn 0.000000 0.000000 -1.000000
vn 0.000000 -1.000000 0.000000
vn 0.000000 -1.000000 0.000000
vn 0.000000 -1.000000 0.000000
vn 0.000000 -1.000000 0.000000
vn 1.000000 0.000000 0.000000
vn 1.000000 0.000000 0.000000
vn 1.000000 0.000000 0.000000
vn 1.000000 0.000000 0.000000
vn -1.000000 0.000000 0.000000
vn -1.000000 0.000000 0.000000
vn -1.000000 0.000000 0.000000
vn -1.000000 0.000000 0.000000
vn 0.000000 0.000000 1.000000
vn 0.000000 0.000000 1.000000
vn 0.000000 0.000000 1.000000
vn 0.000000 0.000000 1.000000
vn 0.000000 1.000000 0.000000
vn 0.000000 1.000000 0.000000
vn 0.000000 1.000000 0.000000
vn 0.000000 1.000000 0.000000
vn 0.000000 0.000000 -1.000000
vn 0.000000 0.000000 -1.000000
vn 0.000000 0.000000 -1.000000
vn 0.000000 0.000000 -1.000000
vn 0.000000 -1.000000 0.000000
vn 0.000000 -1.000000 0.000000
vn 0.000000 -1.000000 0.000000
vn 0.000000 -1.000000 0.000000
vn 1.000000 0.000000 0.000000
vn 1.000000 0.000000 0.000000
vn 1.000000 0.000000 0.000000
vn 1.000000 0.000000 0.000000
vn -1.000000 0.000000 0.000000
vn -1.000000 0.000000 0.000000
vn -1.000000 0.000000 0.000000
vn -1.000000 0.000000 0.000000
vn 0.000000 0.000000 1.000000
vn 0.000000 0.000000 1.000000
vn 0.000000 0.000000 1.000000
vn 0.000000 0.000000 1.000000
vn 0.000000 1.000000 0.000000
vn 0.000000 1.000000 0.000000
vn 0.000000 1.000000 0.000000
vn 0.000000 1.000000 0.000000
vn 0.000000 0.000000 -1.000000
vn 0.000000 0.000000 -1.000000
vn 0.000000 0.000000 -1.000000
vn 0.000000 0.000000 -1.000000
vn 0.000000 -1.000000 0.000000
vn 0.000000 -1.000000 0.000000
vn 0.000000 -1.000000 0.000000
vn 0.000000 -1.000000 0.000000
vn 1.000000 0.000000 0.000000
vn 1.000000 0.000000 0.000000
vn 1.000000 0.000000 0.000000
vn 1.000000 0.000000 0.000000
vn -1.000000 0.000000 0.000000
vn -1.000000 0.000000 0.000000
vn -1.000000 0.000000 0.000000
vn -1.000000 0.000000 0.000000
vn 0.000000 0.000000 1.000000
vn 0.000000 0.000000 1.000000
vn 0.000000 0.000000 1.000000
vn 0.000000 0.000000 1.000000
vn 0.000000 1.000000 0.000000
vn 0.000000 1.000000 0.000000
vn 0.000000 1.000000 0.000000
vn 0.000000 1.000000 0.000000
vn 0.000000 0.000000 -1.000000
vn 0.000000 0.000000 -1.000000
vn 0.000000 0.000000 -1.000000
vn 0.000000 0.000000 -1.000000
vn 0.000000 -1.000000 0.000000
vn 0.000000 -1.000000 0.000000
vn 0.000000 -1.000000 0.000000
vn 0.000000 -1.000000 0.000000
vn 1.000000 0.000000 0.000000
vn 1.000000 0.000000 0.000000
vn 1.000000 0.000000 0.000000
vn 1.000000 0.000000 0.000000
vn -1.000000 0.000000 0.000000
vn -1.000000 0.000000 0.000000
vn -1.000000 0.000000 0.000000
vn -1.000000 0.000000 0.000000
vn 0.000000 0.000000 1.000000
vn 0.000000 0.000000 1.000000
vn 0.000000 0.000000 1.000000
vn 0.000000 0.000000 1.000000
vn 0.000000 1.000000 0.000000
vn 0.000000 1.000000 0.000000
vn 0.000000 1.000000 0.000000
vn 0.000000 1.000000 0.000000
vn 0.000000 0.000000 -1.000000
vn 0.000000 0.000000 -1.000000
vn 0.000000 0.000000 -1.000000
vn 0.000000 0.000000 -1.000000
vn 0.000000 -1.000000 0.000000
vn 0.000000 -1.000000 0.000000
vn 0.000000 -1.000000 0.000000
vn 0.000000 -1.000000 0.000000
vn 1.000000 0.000000 0.000000
vn 1.000000 0.000000 0.000000
vn 1.000000 0.000000 0.000000
vn 1.000000 0.000000 0.000000
vn -1.000000 0.000000 0.000000
vn -1.000000 0.000000 0.000000
vn -1.000000 0.000000 0.000000
vn -1.000000 0.000000 0.000000
vn 0.000000 0.000000 1.000000
vn 0.000000 0.000000 1.000000
vn 0.000000 0.000000 1.000000
vn 0.000000 0.000000 1.000000
vn 0.000000 1.000000 0.000000
vn 0.000000 1.000000 0.000000
vn 0.000000 1.000000 0.000000
vn 0.000000 1.000000 0.000000
vn 0.000000 0.000000 -1.000000
vn 0.000000 0.000000 -1.000000
vn 0.000000 0.000000 -1.000000
vn 0.000000 0.000000 -1.000000
vn 0.000000 -1.000000 0.000000
vn 0.000000 -1.000000 0.000000
vn 0.000000 -1.000000 0.000000
vn 0.000000 -1.000000 0.000000
vn 1.000000 0.000000 0.000000
vn 1.000000 0.000000 0.000000
vn 1.000000 0.000000 0.000000
vn 1.000000 0.000000 0.000000
vn -1.000000 0.000000 0.000000
vn -1.000000 0.000000 0.000000
vn -1.000000 0.000000 0.000000
vn -1.000000 0.000000 0.000000
vn 0.000000 0.000000 1.000000
vn 0.000000 0.000000 1.000000
vn 0.000000 0.000000 1.000000
vn 0.000000 0.000000 1.000000
vn 0.000000 1.000000 0.000000
vn 0.000000 1.000000 0.000000
vn 0.000000 1.000000 0.000000
vn 0.000000 1.000000 0.000000
vn 0.000000 0.000000 -1.000000
vn 0.000000 0.000000 -1.000000
vn 0.000000 0.000000 -1.000000
vn 0.000000 0.000000 -1.000000
vn 0.000000 -1.000000 0.000000
vn 0.000000 -1.000000 0.000000
vn 0.000000 -1.000000 0.000000
vn 0.000000 -1.000000 0.000000
vn 1.000000 0.000000 0.000000
vn 1.000000 0.000000 0.000000
vn 1.000000 0.000000 0.000000
vn 1.000000 0.000000 0.000000
vn -1.000000 0.000000 0.000000
vn -1.000000 0.000000 0.000000
vn -1.000000 0.000000 0.000000
vn -1.000000 0.000000 0.000000
vn 0.000000 0.000000 1.000000
vn 0.000000 0.000000 1.000000
vn 0.000000 0.000000 1.000000
vn 0.000000 0.000000 1.000000
vn 0.000000 1.000000 0.000000
vn 0.000000 1.000000 0.000000
vn 0.000000 1.000000 0.000000
vn 0.000000 1.000000 0.000000
vn 0.000000 0.000000 -1.000000
vn 0.000000 0.000000 -1.000000
vn 0.000000 0.000000 -1.000000
vn 0.000000 0.000000 -1.000000
vn 0.000000 -1.000000 0.000000
vn 0.000000 -1.000000 0.000000
vn 0.000000 -1.000000 0.000000
vn 0.000000 -1.000000 0.000000
vn 1.000000 0.000000 0.000000
vn 1.000000 0.000000 0.000000
vn 1.000000 0.000000 0.000000
vn 1.000000 0.000000 0.000000
vn -1.000000 0.000000 0.000000
vn -1.000000 0.000000 0.000000
vn -1.000000 0.000000 0.000000
vn -1.000000 0.000000 0.000000
vn 0.000000 0.000000 1.000000
vn 0.000000 0.000000 1.000000
vn 0.000000 0.000000 1.000000
vn 0.000000 0.000000 1.000000
vn 0.000000 1.000000 0.000000
vn 0.000000 1.000000 0.000000
vn 0.000000 1.000000 0.000000
vn 0.000000 1.000000 0.000000
vn 0.000000 0.000000 -1.000000
vn 0.000000 0.000000 -1.000000
vn 0.000000 0.000000 -1.000000
vn 0.000000 0.000000 -1.000000
vn 0.000000 -1.000000 0.000000
vn 0.000000 -1.000000 0.000000
vn 0.000000 -1.000000 0.000000
vn 0.000000 -1.000000 0.000000
vn 1.000000 0.000000 0.000000
vn 1.000000 0.000000 0.000000
vn 1.000000 0.000000 0.000000
vn 1.000000 0.000000 0.000000
vn -1.000000 0.000000 0.000000
vn -1.000000 0.000000 0.000000
vn -1.000000 0.000000 0.000000
vn -1.000000 0.000000 0.000000
vn 0.000000 0.000000 1.000000
vn 0.000000 0.000000 1.000000
vn 0.000000 0.000000 1.000000
vn 0.000000 0.000000 1.000000
vn 0.000000 1.000000 0.000000
vn 0.000000 1.000000 0.000000
vn 0.000000 1.000000 0.000000
vn 0.000000 1.000000 0.000000
vn 0.000000 0.000000 -1.000000
vn 0.000000 0.000000 -1.000000
vn 0.000000 0.000000 -1.000000
vn 0.000000 0.000000 -1.000000
vn 0.000000 -1.000000 0.000000
vn 0.000000 -1.000000 0.000000
vn 0.000000 -1.000000 0.000000
vn 0.000000 -1.000000 0.000000
vn 1.000000 0.000000 0.000000
vn 1.000000 0.000000 0.000000
vn 1.000000 0.000000 0.000000
vn 1.000000 0.000000 0.000000
vn -1.000000 0.000000 0.000000
vn -1.000000 0.000000 0.000000
vn -1.000000 0.000000 0.000000
vn -1.000000 0.000000 0.000000
vn 0.000000 0.000000 1.000000
vn 0.000000 0.000000 1.000000
vn 0.000000 0.000000 1.000000
vn 0.000000 0.000000 1.000000
vn 0.000000 1.000000 0.000000
vn 0.000000 1.000000 0.000000
vn 0.000000 1.000000 0.000000
vn 0.000000 1.000000 0.000000
vn 0.000000 0.000000 -1.000000
vn 0.000000 0.000000 -1.000000
vn 0.000000 0.000000 -1.000000
vn 0.000000 0.000000 -1.000000
vn 0.000000 -1.000000 0.000000
vn 0.000000 -1.000000 0.000000
vn 0.000000 -1.000000 0.000000
vn 0.000000 -1.000000 0.000000
vn 1.000000 0.000000 0.000000
vn 1.000000 0.000000 0.000000
vn 1.000000 0.000000 0.000000
vn 1.000000 0.000000 0.000000
vn -1.000000 0.000000 0.000000
vn -1.000000 0.000000 0.000000
vn -1.000000 0.000000 0.000000
vn -1.000000 0.000000 0.000000
vn 0.000000 0.000000 1.000000
vn 0.000000 0.000000 1.000000
vn 0.000000 0.000000 1.000000
vn 0.000000 0.000000 1.000000
vn 0.000000 1.000000 0.000000
vn 0.000000 1.000000 0.000000
vn 0.000000 1.000000 0.000000
vn 0.000000 1.000000 0.000000
vn 0.000000 0.000000 -1.000000
vn 0.000000 0.000000 -1.000000
vn 0.000000 0.000000 -1.000000
vn 0.000000 0.000000 -1.000000
vn 0.000000 -1.000000 0.000000
vn 0.000000 -1.000000 0.000000
vn 0.000000 -1.000000 0.000000
vn 0.000000 -1.000000 0.000000
vn 1.000000 0.000000 0.000000
vn 1.000000 0.000000 0.000000
vn 1.000000 0.000000 0.000000
vn 1.000000 0.000000 0.000000
vn -1.000000 0.000000 0.000000
vn -1.000000 0.000000 0.000000
vn -1.000000 0.000000 0.000000
vn -1.000000 0.000000 0.000000
s off
g pasted__pCube76
usemtl pasted__standardSurface2SG2
f 1/1/1 2/2/2 4/3/3 3/4/4
f 3/473/5 4/474/6 6/475/7 5/476/8
f 5/5/9 6/6/10 8/7/11 7/8/12
f 7/477/13 8/478/14 2/479/15 1/480/16
f 2/945/17 8/946/18 6/947/19 4/948/20
f 7/949/21 1/950/22 3/951/23 5/952/24
f 9/953/25 10/954/26 12/955/27 11/956/28
f 11/481/29 12/482/30 14/483/31 13/484/32
f 13/957/33 14/958/34 16/959/35 15/960/36
f 15/485/37 16/486/38 10/487/39 9/488/40
f 10/9/41 16/10/42 14/11/43 12/12/44
f 15/13/45 9/14/46 11/15/47 13/16/48
f 17/17/49 18/18/50 20/19/51 19/20/52
f 19/489/53 20/490/54 22/491/55 21/492/56
f 21/21/57 22/22/58 24/23/59 23/24/60
f 23/493/61 24/494/62 18/495/63 17/496/64
f 18/961/65 24/962/66 22/963/67 20/964/68
f 23/965/69 17/966/70 19/967/71 21/968/72
f 25/25/73 26/26/74 28/27/75 27/28/76
f 27/497/77 28/498/78 30/499/79 29/500/80
f 29/29/81 30/30/82 32/31/83 31/32/84
f 31/501/85 32/502/86 26/503/87 25/504/88
f 26/969/89 32/970/90 30/971/91 28/972/92
f 31/973/93 25/974/94 27/975/95 29/976/96
f 33/33/97 34/34/98 36/35/99 35/36/100
f 35/505/101 36/506/102 38/507/103 37/508/104
f 37/37/105 38/38/106 40/39/107 39/40/108
f 39/509/109 40/510/110 34/511/111 33/512/112
f 34/977/113 40/978/114 38/979/115 36/980/116
f 39/981/117 33/982/118 35/983/119 37/984/120
f 41/985/121 42/986/122 44/987/123 43/988/124
f 43/513/125 44/514/126 46/515/127 45/516/128
f 45/989/129 46/990/130 48/991/131 47/992/132
f 47/517/133 48/518/134 42/519/135 41/520/136
f 42/41/137 48/42/138 46/43/139 44/44/140
f 47/45/141 41/46/142 43/47/143 45/48/144
f 49/49/145 50/50/146 52/51/147 51/52/148
f 51/521/149 52/522/150 54/523/151 53/524/152
f 53/53/153 54/54/154 56/55/155 55/56/156
f 55/525/157 56/526/158 50/527/159 49/528/160
f 50/993/161 56/994/162 54/995/163 52/996/164
f 55/997/165 49/998/166 51/999/167 53/1000/168
f 57/57/169 58/58/170 60/59/171 59/60/172
f 59/529/173 60/530/174 62/531/175 61/532/176
f 61/61/177 62/62/178 64/63/179 63/64/180
f 63/533/181 64/534/182 58/535/183 57/536/184
f 58/1001/185 64/1002/186 62/1003/187 60/1004/188
f 63/1005/189 57/1006/190 59/1007/191 61/1008/192
f 65/65/193 66/66/194 68/67/195 67/68/196
f 67/537/197 68/538/198 70/539/199 69/540/200
f 69/69/201 70/70/202 72/71/203 71/72/204
f 71/541/205 72/542/206 66/543/207 65/544/208
f 66/1009/209 72/1010/210 70/1011/211 68/1012/212
f 71/1013/213 65/1014/214 67/1015/215 69/1016/216
f 73/73/217 74/74/218 76/75/219 75/76/220
f 75/545/221 76/546/222 78/547/223 77/548/224
f 77/77/225 78/78/226 80/79/227 79/80/228
f 79/549/229 80/550/230 74/551/231 73/552/232
f 74/1017/233 80/1018/234 78/1019/235 76/1020/236
f 79/1021/237 73/1022/238 75/1023/239 77/1024/240
f 81/81/241 82/82/242 84/83/243 83/84/244
f 83/553/245 84/554/246 86/555/247 85/556/248
f 85/85/249 86/86/250 88/87/251 87/88/252
f 87/557/253 88/558/254 82/559/255 81/560/256
f 82/1025/257 88/1026/258 86/1027/259 84/1028/260
f 87/1029/261 81/1030/262 83/1031/263 85/1032/264
f 89/89/265 90/90/266 92/91/267 91/92/268
f 91/561/269 92/562/270 94/563/271 93/564/272
f 93/93/273 94/94/274 96/95/275 95/96/276
f 95/565/277 96/566/278 90/567/279 89/568/280
f 90/1033/281 96/1034/282 94/1035/283 92/1036/284
f 95/1037/285 89/1038/286 91/1039/287 93/1040/288
f 97/97/289 98/98/290 100/99/291 99/100/292
f 99/569/293 100/570/294 102/571/295 101/572/296
f 101/101/297 102/102/298 104/103/299 103/104/300
f 103/573/301 104/574/302 98/575/303 97/576/304
f 98/1041/305 104/1042/306 102/1043/307 100/1044/308
f 103/1045/309 97/1046/310 99/1047/311 101/1048/312
f 105/105/313 106/106/314 108/107/315 107/108/316
f 107/577/317 108/578/318 110/579/319 109/580/320
f 109/109/321 110/110/322 112/111/323 111/112/324
f 111/581/325 112/582/326 106/583/327 105/584/328
f 106/1049/329 112/1050/330 110/1051/331 108/1052/332
f 111/1053/333 105/1054/334 107/1055/335 109/1056/336
f 113/113/337 114/114/338 116/115/339 115/116/340
f 115/585/341 116/586/342 118/587/343 117/588/344
f 117/117/345 118/118/346 120/119/347 119/120/348
f 119/589/349 120/590/350 114/591/351 113/592/352
f 114/1057/353 120/1058/354 118/1059/355 116/1060/356
f 119/1061/357 113/1062/358 115/1063/359 117/1064/360
f 121/121/361 122/122/362 124/123/363 123/124/364
f 123/593/365 124/594/366 126/595/367 125/596/368
f 125/125/369 126/126/370 128/127/371 127/128/372
f 127/597/373 128/598/374 122/599/375 121/600/376
f 122/1065/377 128/1066/378 126/1067/379 124/1068/380
f 127/1069/381 121/1070/382 123/1071/383 125/1072/384
f 129/129/385 130/130/386 132/131/387 131/132/388
f 131/601/389 132/602/390 134/603/391 133/604/392
f 133/133/393 134/134/394 136/135/395 135/136/396
f 135/605/397 136/606/398 130/607/399 129/608/400
f 130/1073/401 136/1074/402 134/1075/403 132/1076/404
f 135/1077/405 129/1078/406 131/1079/407 133/1080/408
f 137/137/409 138/138/410 140/139/411 139/140/412
f 139/609/413 140/610/414 142/611/415 141/612/416
f 141/141/417 142/142/418 144/143/419 143/144/420
f 143/613/421 144/614/422 138/615/423 137/616/424
f 138/1081/425 144/1082/426 142/1083/427 140/1084/428
f 143/1085/429 137/1086/430 139/1087/431 141/1088/432
f 145/145/433 146/146/434 148/147/435 147/148/436
f 147/617/437 148/618/438 150/619/439 149/620/440
f 149/149/441 150/150/442 152/151/443 151/152/444
f 151/621/445 152/622/446 146/623/447 145/624/448
f 146/1089/449 152/1090/450 150/1091/451 148/1092/452
f 151/1093/453 145/1094/454 147/1095/455 149/1096/456
f 153/153/457 154/154/458 156/155/459 155/156/460
f 155/625/461 156/626/462 158/627/463 157/628/464
f 157/157/465 158/158/466 160/159/467 159/160/468
f 159/629/469 160/630/470 154/631/471 153/632/472
f 154/1097/473 160/1098/474 158/1099/475 156/1100/476
f 159/1101/477 153/1102/478 155/1103/479 157/1104/480
f 161/161/481 162/162/482 164/163/483 163/164/484
f 163/633/485 164/634/486 166/635/487 165/636/488
f 165/165/489 166/166/490 168/167/491 167/168/492
f 167/637/493 168/638/494 162/639/495 161/640/496
f 162/1105/497 168/1106/498 166/1107/499 164/1108/500
f 167/1109/501 161/1110/502 163/1111/503 165/1112/504
f 169/169/505 170/170/506 172/171/507 171/172/508
f 171/641/509 172/642/510 174/643/511 173/644/512
f 173/173/513 174/174/514 176/175/515 175/176/516
f 175/645/517 176/646/518 170/647/519 169/648/520
f 170/1113/521 176/1114/522 174/1115/523 172/1116/524
f 175/1117/525 169/1118/526 171/1119/527 173/1120/528
f 177/177/529 178/178/530 180/179/531 179/180/532
f 179/649/533 180/650/534 182/651/535 181/652/536
f 181/181/537 182/182/538 184/183/539 183/184/540
f 183/653/541 184/654/542 178/655/543 177/656/544
f 178/1121/545 184/1122/546 182/1123/547 180/1124/548
f 183/1125/549 177/1126/550 179/1127/551 181/1128/552
f 185/185/553 186/186/554 188/187/555 187/188/556
f 187/657/557 188/658/558 190/659/559 189/660/560
f 189/189/561 190/190/562 192/191/563 191/192/564
f 191/661/565 192/662/566 186/663/567 185/664/568
f 186/1129/569 192/1130/570 190/1131/571 188/1132/572
f 191/1133/573 185/1134/574 187/1135/575 189/1136/576
f 193/193/577 194/194/578 196/195/579 195/196/580
f 195/665/581 196/666/582 198/667/583 197/668/584
f 197/197/585 198/198/586 200/199/587 199/200/588
f 199/669/589 200/670/590 194/671/591 193/672/592
f 194/1137/593 200/1138/594 198/1139/595 196/1140/596
f 199/1141/597 193/1142/598 195/1143/599 197/1144/600
f 201/201/601 202/202/602 204/203/603 203/204/604
f 203/673/605 204/674/606 206/675/607 205/676/608
f 205/205/609 206/206/610 208/207/611 207/208/612
f 207/677/613 208/678/614 202/679/615 201/680/616
f 202/1145/617 208/1146/618 206/1147/619 204/1148/620
f 207/1149/621 201/1150/622 203/1151/623 205/1152/624
f 209/209/625 210/210/626 212/211/627 211/212/628
f 211/681/629 212/682/630 214/683/631 213/684/632
f 213/213/633 214/214/634 216/215/635 215/216/636
f 215/685/637 216/686/638 210/687/639 209/688/640
f 210/1153/641 216/1154/642 214/1155/643 212/1156/644
f 215/1157/645 209/1158/646 211/1159/647 213/1160/648
f 217/217/649 218/218/650 220/219/651 219/220/652
f 219/689/653 220/690/654 222/691/655 221/692/656
f 221/221/657 222/222/658 224/223/659 223/224/660
f 223/693/661 224/694/662 218/695/663 217/696/664
f 218/1161/665 224/1162/666 222/1163/667 220/1164/668
f 223/1165/669 217/1166/670 219/1167/671 221/1168/672
f 225/225/673 226/226/674 228/227/675 227/228/676
f 227/697/677 228/698/678 230/699/679 229/700/680
f 229/229/681 230/230/682 232/231/683 231/232/684
f 231/701/685 232/702/686 226/703/687 225/704/688
f 226/1169/689 232/1170/690 230/1171/691 228/1172/692
f 231/1173/693 225/1174/694 227/1175/695 229/1176/696
f 233/233/697 234/234/698 236/235/699 235/236/700
f 235/705/701 236/706/702 238/707/703 237/708/704
f 237/237/705 238/238/706 240/239/707 239/240/708
f 239/709/709 240/710/710 234/711/711 233/712/712
f 234/1177/713 240/1178/714 238/1179/715 236/1180/716
f 239/1181/717 233/1182/718 235/1183/719 237/1184/720
f 241/1185/721 242/1186/722 244/1187/723 243/1188/724
f 243/713/725 244/714/726 246/715/727 245/716/728
f 245/1189/729 246/1190/730 248/1191/731 247/1192/732
f 247/717/733 248/718/734 242/719/735 241/720/736
f 242/241/737 248/242/738 246/243/739 244/244/740
f 247/245/741 241/246/742 243/247/743 245/248/744
f 249/1193/745 250/1194/746 252/1195/747 251/1196/748
f 251/721/749 252/722/750 254/723/751 253/724/752
f 253/1197/753 254/1198/754 256/1199/755 255/1200/756
f 255/725/757 256/726/758 250/727/759 249/728/760
f 250/249/761 256/250/762 254/251/763 252/252/764
f 255/253/765 249/254/766 251/255/767 253/256/768
f 257/1201/769 258/1202/770 260/1203/771 259/1204/772
f 259/729/773 260/730/774 262/731/775 261/732/776
f 261/1205/777 262/1206/778 264/1207/779 263/1208/780
f 263/733/781 264/734/782 258/735/783 257/736/784
f 258/257/785 264/258/786 262/259/787 260/260/788
f 263/261/789 257/262/790 259/263/791 261/264/792
f 265/1209/793 266/1210/794 268/1211/795 267/1212/796
f 267/737/797 268/738/798 270/739/799 269/740/800
f 269/1213/801 270/1214/802 272/1215/803 271/1216/804
f 271/741/805 272/742/806 266/743/807 265/744/808
f 266/265/809 272/266/810 270/267/811 268/268/812
f 271/269/813 265/270/814 267/271/815 269/272/816
f 273/1217/817 274/1218/818 276/1219/819 275/1220/820
f 275/745/821 276/746/822 278/747/823 277/748/824
f 277/1221/825 278/1222/826 280/1223/827 279/1224/828
f 279/749/829 280/750/830 274/751/831 273/752/832
f 274/273/833 280/274/834 278/275/835 276/276/836
f 279/277/837 273/278/838 275/279/839 277/280/840
f 281/1225/841 282/1226/842 284/1227/843 283/1228/844
f 283/753/845 284/754/846 286/755/847 285/756/848
f 285/1229/849 286/1230/850 288/1231/851 287/1232/852
f 287/757/853 288/758/854 282/759/855 281/760/856
f 282/281/857 288/282/858 286/283/859 284/284/860
f 287/285/861 281/286/862 283/287/863 285/288/864
f 289/1233/865 290/1234/866 292/1235/867 291/1236/868
f 291/761/869 292/762/870 294/763/871 293/764/872
f 293/1237/873 294/1238/874 296/1239/875 295/1240/876
f 295/765/877 296/766/878 290/767/879 289/768/880
f 290/289/881 296/290/882 294/291/883 292/292/884
f 295/293/885 289/294/886 291/295/887 293/296/888
f 297/1241/889 298/1242/890 300/1243/891 299/1244/892
f 299/769/893 300/770/894 302/771/895 301/772/896
f 301/1245/897 302/1246/898 304/1247/899 303/1248/900
f 303/773/901 304/774/902 298/775/903 297/776/904
f 298/297/905 304/298/906 302/299/907 300/300/908
f 303/301/909 297/302/910 299/303/911 301/304/912
f 305/1249/913 306/1250/914 308/1251/915 307/1252/916
f 307/777/917 308/778/918 310/779/919 309/780/920
f 309/1253/921 310/1254/922 312/1255/923 311/1256/924
f 311/781/925 312/782/926 306/783/927 305/784/928
f 306/305/929 312/306/930 310/307/931 308/308/932
f 311/309/933 305/310/934 307/311/935 309/312/936
f 313/1257/937 314/1258/938 316/1259/939 315/1260/940
f 315/785/941 316/786/942 318/787/943 317/788/944
f 317/1261/945 318/1262/946 320/1263/947 319/1264/948
f 319/789/949 320/790/950 314/791/951 313/792/952
f 314/313/953 320/314/954 318/315/955 316/316/956
f 319/317/957 313/318/958 315/319/959 317/320/960
f 321/1265/961 322/1266/962 324/1267/963 323/1268/964
f 323/793/965 324/794/966 326/795/967 325/796/968
f 325/1269/969 326/1270/970 328/1271/971 327/1272/972
f 327/797/973 328/798/974 322/799/975 321/800/976
f 322/321/977 328/322/978 326/323/979 324/324/980
f 327/325/981 321/326/982 323/327/983 325/328/984
f 329/1273/985 330/1274/986 332/1275/987 331/1276/988
f 331/801/989 332/802/990 334/803/991 333/804/992
f 333/1277/993 334/1278/994 336/1279/995 335/1280/996
f 335/805/997 336/806/998 330/807/999 329/808/1000
f 330/329/1001 336/330/1002 334/331/1003 332/332/1004
f 335/333/1005 329/334/1006 331/335/1007 333/336/1008
f 337/1281/1009 338/1282/1010 340/1283/1011 339/1284/1012
f 339/809/1013 340/810/1014 342/811/1015 341/812/1016
f 341/1285/1017 342/1286/1018 344/1287/1019 343/1288/1020
f 343/813/1021 344/814/1022 338/815/1023 337/816/1024
f 338/337/1025 344/338/1026 342/339/1027 340/340/1028
f 343/341/1029 337/342/1030 339/343/1031 341/344/1032
f 345/1289/1033 346/1290/1034 348/1291/1035 347/1292/1036
f 347/817/1037 348/818/1038 350/819/1039 349/820/1040
f 349/1293/1041 350/1294/1042 352/1295/1043 351/1296/1044
f 351/821/1045 352/822/1046 346/823/1047 345/824/1048
f 346/345/1049 352/346/1050 350/347/1051 348/348/1052
f 351/349/1053 345/350/1054 347/351/1055 349/352/1056
f 353/1297/1057 354/1298/1058 356/1299/1059 355/1300/1060
f 355/825/1061 356/826/1062 358/827/1063 357/828/1064
f 357/1301/1065 358/1302/1066 360/1303/1067 359/1304/1068
f 359/829/1069 360/830/1070 354/831/1071 353/832/1072
f 354/353/1073 360/354/1074 358/355/1075 356/356/1076
f 359/357/1077 353/358/1078 355/359/1079 357/360/1080
f 361/1305/1081 362/1306/1082 364/1307/1083 363/1308/1084
f 363/833/1085 364/834/1086 366/835/1087 365/836/1088
f 365/1309/1089 366/1310/1090 368/1311/1091 367/1312/1092
f 367/837/1093 368/838/1094 362/839/1095 361/840/1096
f 362/361/1097 368/362/1098 366/363/1099 364/364/1100
f 367/365/1101 361/366/1102 363/367/1103 365/368/1104
f 369/1313/1105 370/1314/1106 372/1315/1107 371/1316/1108
f 371/841/1109 372/842/1110 374/843/1111 373/844/1112
f 373/1317/1113 374/1318/1114 376/1319/1115 375/1320/1116
f 375/845/1117 376/846/1118 370/847/1119 369/848/1120
f 370/369/1121 376/370/1122 374/371/1123 372/372/1124
f 375/373/1125 369/374/1126 371/375/1127 373/376/1128
f 377/1321/1129 378/1322/1130 380/1323/1131 379/1324/1132
f 379/849/1133 380/850/1134 382/851/1135 381/852/1136
f 381/1325/1137 382/1326/1138 384/1327/1139 383/1328/1140
f 383/853/1141 384/854/1142 378/855/1143 377/856/1144
f 378/377/1145 384/378/1146 382/379/1147 380/380/1148
f 383/381/1149 377/382/1150 379/383/1151 381/384/1152
f 385/1329/1153 386/1330/1154 388/1331/1155 387/1332/1156
f 387/857/1157 388/858/1158 390/859/1159 389/860/1160
f 389/1333/1161 390/1334/1162 392/1335/1163 391/1336/1164
f 391/861/1165 392/862/1166 386/863/1167 385/864/1168
f 386/385/1169 392/386/1170 390/387/1171 388/388/1172
f 391/389/1173 385/390/1174 387/391/1175 389/392/1176
f 393/1337/1177 394/1338/1178 396/1339/1179 395/1340/1180
f 395/865/1181 396/866/1182 398/867/1183 397/868/1184
f 397/1341/1185 398/1342/1186 400/1343/1187 399/1344/1188
f 399/869/1189 400/870/1190 394/871/1191 393/872/1192
f 394/393/1193 400/394/1194 398/395/1195 396/396/1196
f 399/397/1197 393/398/1198 395/399/1199 397/400/1200
f 401/1345/1201 402/1346/1202 404/1347/1203 403/1348/1204
f 403/873/1205 404/874/1206 406/875/1207 405/876/1208
f 405/1349/1209 406/1350/1210 408/1351/1211 407/1352/1212
f 407/877/1213 408/878/1214 402/879/1215 401/880/1216
f 402/401/1217 408/402/1218 406/403/1219 404/404/1220
f 407/405/1221 401/406/1222 403/407/1223 405/408/1224
f 409/1353/1225 410/1354/1226 412/1355/1227 411/1356/1228
f 411/881/1229 412/882/1230 414/883/1231 413/884/1232
f 413/1357/1233 414/1358/1234 416/1359/1235 415/1360/1236
f 415/885/1237 416/886/1238 410/887/1239 409/888/1240
f 410/409/1241 416/410/1242 414/411/1243 412/412/1244
f 415/413/1245 409/414/1246 411/415/1247 413/416/1248
f 417/1361/1249 418/1362/1250 420/1363/1251 419/1364/1252
f 419/889/1253 420/890/1254 422/891/1255 421/892/1256
f 421/1365/1257 422/1366/1258 424/1367/1259 423/1368/1260
f 423/893/1261 424/894/1262 418/895/1263 417/896/1264
f 418/417/1265 424/418/1266 422/419/1267 420/420/1268
f 423/421/1269 417/422/1270 419/423/1271 421/424/1272
f 425/1369/1273 426/1370/1274 428/1371/1275 427/1372/1276
f 427/897/1277 428/898/1278 430/899/1279 429/900/1280
f 429/1373/1281 430/1374/1282 432/1375/1283 431/1376/1284
f 431/901/1285 432/902/1286 426/903/1287 425/904/1288
f 426/425/1289 432/426/1290 430/427/1291 428/428/1292
f 431/429/1293 425/430/1294 427/431/1295 429/432/1296
f 433/1377/1297 434/1378/1298 436/1379/1299 435/1380/1300
f 435/905/1301 436/906/1302 438/907/1303 437/908/1304
f 437/1381/1305 438/1382/1306 440/1383/1307 439/1384/1308
f 439/909/1309 440/910/1310 434/911/1311 433/912/1312
f 434/433/1313 440/434/1314 438/435/1315 436/436/1316
f 439/437/1317 433/438/1318 435/439/1319 437/440/1320
f 441/1385/1321 442/1386/1322 444/1387/1323 443/1388/1324
f 443/913/1325 444/914/1326 446/915/1327 445/916/1328
f 445/1389/1329 446/1390/1330 448/1391/1331 447/1392/1332
f 447/917/1333 448/918/1334 442/919/1335 441/920/1336
f 442/441/1337 448/442/1338 446/443/1339 444/444/1340
f 447/445/1341 441/446/1342 443/447/1343 445/448/1344
f 449/1393/1345 450/1394/1346 452/1395/1347 451/1396/1348
f 451/921/1349 452/922/1350 454/923/1351 453/924/1352
f 453/1397/1353 454/1398/1354 456/1399/1355 455/1400/1356
f 455/925/1357 456/926/1358 450/927/1359 449/928/1360
f 450/449/1361 456/450/1362 454/451/1363 452/452/1364
f 455/453/1365 449/454/1366 451/455/1367 453/456/1368
f 457/1401/1369 458/1402/1370 460/1403/1371 459/1404/1372
f 459/929/1373 460/930/1374 462/931/1375 461/932/1376
f 461/1405/1377 462/1406/1378 464/1407/1379 463/1408/1380
f 463/933/1381 464/934/1382 458/935/1383 457/936/1384
f 458/457/1385 464/458/1386 462/459/1387 460/460/1388
f 463/461/1389 457/462/1390 459/463/1391 461/464/1392
f 465/1409/1393 466/1410/1394 468/1411/1395 467/1412/1396
f 467/937/1397 468/938/1398 470/939/1399 469/940/1400
f 469/1413/1401 470/1414/1402 472/1415/1403 471/1416/1404
f 471/941/1405 472/942/1406 466/943/1407 465/944/1408
f 466/465/1409 472/466/1410 470/467/1411 468/468/1412
f 471/469/1413 465/470/1414 467/471/1415 469/472/1416
g default
v 10.211381 -0.205250 -10.660894
v 10.201782 -0.205250 -10.679733
v 10.186831 -0.205250 -10.694684
v 10.167992 -0.205250 -10.704283
v 10.147108 -0.205250 -10.707591
v 10.126225 -0.205250 -10.704283
v 10.107385 -0.205250 -10.694684
v 10.092434 -0.205250 -10.679733
v 10.082835 -0.205250 -10.660894
v 10.079527 -0.205250 -10.640010
v 10.082835 -0.205250 -10.619127
v 10.092434 -0.205250 -10.600287
v 10.107385 -0.205250 -10.585336
v 10.126225 -0.205250 -10.575737
v 10.147108 -0.205250 -10.572429
v 10.167992 -0.205250 -10.575737
v 10.186831 -0.205250 -10.585336
v 10.201782 -0.205250 -10.600287
v 10.211381 -0.205250 -10.619127
v 10.214689 -0.205250 -10.640010
v 10.274072 -0.189425 -10.681263
v 10.255110 -0.189425 -10.718478
v 10.225576 -0.189425 -10.748012
v 10.188361 -0.189425 -10.766974
v 10.147108 -0.189425 -10.773508
v 10.105855 -0.189425 -10.766974
v 10.068640 -0.189425 -10.748012
v 10.039106 -0.189425 -10.718478
v 10.020145 -0.189425 -10.681263
v 10.013611 -0.189425 -10.640010
v 10.020145 -0.189425 -10.598757
v 10.039106 -0.189425 -10.561542
v 10.068640 -0.189425 -10.532008
v 10.105855 -0.189425 -10.513047
v 10.147108 -0.189425 -10.506513
v 10.188361 -0.189425 -10.513047
v 10.225576 -0.189425 -10.532009
v 10.255110 -0.189425 -10.561542
v 10.274072 -0.189425 -10.598757
v 10.280605 -0.189425 -10.640010
v 10.333636 -0.163483 -10.700617
v 10.305778 -0.163483 -10.755291
v 10.262389 -0.163483 -10.798680
v 10.207715 -0.163483 -10.826538
v 10.147108 -0.163483 -10.836137
v 10.086502 -0.163483 -10.826538
v 10.031828 -0.163483 -10.798680
v 9.988438 -0.163483 -10.755291
v 9.960580 -0.163483 -10.700617
v 9.950981 -0.163483 -10.640010
v 9.960580 -0.163483 -10.579404
v 9.988438 -0.163483 -10.524730
v 10.031828 -0.163483 -10.481340
v 10.086502 -0.163483 -10.453482
v 10.147108 -0.163483 -10.443883
v 10.207715 -0.163483 -10.453482
v 10.262389 -0.163483 -10.481340
v 10.305778 -0.163483 -10.524730
v 10.333636 -0.163483 -10.579404
v 10.343235 -0.163483 -10.640010
v 10.388607 -0.128063 -10.718478
v 10.352540 -0.128063 -10.789265
v 10.296363 -0.128063 -10.845442
v 10.225576 -0.128063 -10.881509
v 10.147108 -0.128063 -10.893937
v 10.068640 -0.128063 -10.881509
v 9.997853 -0.128063 -10.845441
v 9.941677 -0.128063 -10.789265
v 9.905609 -0.128063 -10.718478
v 9.893181 -0.128063 -10.640010
v 9.905609 -0.128063 -10.561542
v 9.941677 -0.128063 -10.490756
v 9.997854 -0.128063 -10.434579
v 10.068640 -0.128063 -10.398511
v 10.147108 -0.128063 -10.386083
v 10.225576 -0.128063 -10.398511
v 10.296363 -0.128063 -10.434579
v 10.352539 -0.128063 -10.490756
v 10.388607 -0.128063 -10.561542
v 10.401035 -0.128063 -10.640010
v 10.437632 -0.084037 -10.734407
v 10.394242 -0.084037 -10.819564
v 10.326662 -0.084037 -10.887144
v 10.241505 -0.084037 -10.930534
v 10.147108 -0.084037 -10.945485
v 10.052711 -0.084037 -10.930534
v 9.967555 -0.084037 -10.887144
v 9.899974 -0.084037 -10.819564
v 9.856584 -0.084037 -10.734407
v 9.841633 -0.084037 -10.640010
v 9.856584 -0.084037 -10.545613
v 9.899974 -0.084037 -10.460457
v 9.967555 -0.084037 -10.392876
v 10.052711 -0.084037 -10.349486
v 10.147108 -0.084037 -10.334535
v 10.241505 -0.084037 -10.349486
v 10.326662 -0.084037 -10.392876
v 10.394242 -0.084037 -10.460457
v 10.437632 -0.084037 -10.545613
v 10.452583 -0.084037 -10.640010
v 10.479503 -0.032490 -10.748012
v 10.429860 -0.032490 -10.845442
v 10.352539 -0.032490 -10.922762
v 10.255110 -0.032490 -10.972405
v 10.147108 -0.032490 -10.989511
v 10.039106 -0.032490 -10.972405
v 9.941677 -0.032490 -10.922762
v 9.864356 -0.032490 -10.845441
v 9.814713 -0.032490 -10.748012
v 9.797607 -0.032490 -10.640010
v 9.814713 -0.032490 -10.532008
v 9.864356 -0.032490 -10.434579
v 9.941677 -0.032490 -10.357258
v 10.039106 -0.032490 -10.307615
v 10.147108 -0.032490 -10.290510
v 10.255110 -0.032490 -10.307615
v 10.352539 -0.032490 -10.357258
v 10.429860 -0.032490 -10.434579
v 10.479503 -0.032490 -10.532009
v 10.496609 -0.032490 -10.640010
v 10.513190 0.025310 -10.758957
v 10.458516 0.025310 -10.866261
v 10.373359 0.025310 -10.951418
v 10.266055 0.025310 -11.006092
v 10.147108 0.025310 -11.024931
v 10.028161 0.025310 -11.006092
v 9.920857 0.025310 -10.951418
v 9.835701 0.025310 -10.866261
v 9.781027 0.025310 -10.758957
v 9.762187 0.025310 -10.640010
v 9.781027 0.025310 -10.521063
v 9.835701 0.025310 -10.413759
v 9.920857 0.025310 -10.328603
v 10.028161 0.025310 -10.273929
v 10.147108 0.025310 -10.255090
v 10.266055 0.025310 -10.273929
v 10.373359 0.025310 -10.328603
v 10.458515 0.025310 -10.413759
v 10.513189 0.025310 -10.521063
v 10.532029 0.025310 -10.640010
v 10.537862 0.087940 -10.766974
v 10.479503 0.087940 -10.881509
v 10.388607 0.087940 -10.972405
v 10.274072 0.087940 -11.030764
v 10.147108 0.087940 -11.050873
v 10.020145 0.087940 -11.030764
v 9.905609 0.087940 -10.972405
v 9.814713 0.087940 -10.881509
v 9.756355 0.087940 -10.766974
v 9.736245 0.087940 -10.640010
v 9.756355 0.087940 -10.513047
v 9.814713 0.087940 -10.398511
v 9.905609 0.087940 -10.307615
v 10.020145 0.087940 -10.249257
v 10.147108 0.087940 -10.229148
v 10.274072 0.087940 -10.249257
v 10.388607 0.087940 -10.307615
v 10.479503 0.087940 -10.398511
v 10.537862 0.087940 -10.513047
v 10.557971 0.087940 -10.640010
v 10.552913 0.153857 -10.771864
v 10.492306 0.153857 -10.890811
v 10.397909 0.153857 -10.985208
v 10.278962 0.153857 -11.045814
v 10.147108 0.153857 -11.066698
v 10.015254 0.153857 -11.045814
v 9.896307 0.153857 -10.985208
v 9.801910 0.153857 -10.890811
v 9.741304 0.153857 -10.771864
v 9.720420 0.153857 -10.640010
v 9.741304 0.153857 -10.508156
v 9.801910 0.153857 -10.389209
v 9.896307 0.153857 -10.294812
v 10.015254 0.153857 -10.234206
v 10.147108 0.153857 -10.213322
v 10.278962 0.153857 -10.234206
v 10.397909 0.153857 -10.294812
v 10.492306 0.153857 -10.389209
v 10.552912 0.153857 -10.508156
v 10.573796 0.153857 -10.640010
v 10.557971 0.221437 -10.773508
v 10.496609 0.221437 -10.893937
v 10.401035 0.221437 -10.989511
v 10.280606 0.221437 -11.050873
v 10.147108 0.221437 -11.072017
v 10.013611 0.221437 -11.050873
v 9.893181 0.221437 -10.989511
v 9.797607 0.221437 -10.893937
v 9.736245 0.221437 -10.773507
v 9.715102 0.221437 -10.640010
v 9.736245 0.221437 -10.506513
v 9.797607 0.221437 -10.386083
v 9.893181 0.221437 -10.290510
v 10.013611 0.221437 -10.229148
v 10.147108 0.221437 -10.208004
v 10.280605 0.221437 -10.229148
v 10.401035 0.221437 -10.290510
v 10.496609 0.221437 -10.386083
v 10.557971 0.221437 -10.506513
v 10.579115 0.221437 -10.640010
v 10.552913 0.289018 -10.771864
v 10.492306 0.289018 -10.890811
v 10.397909 0.289018 -10.985208
v 10.278962 0.289018 -11.045814
v 10.147108 0.289018 -11.066698
v 10.015254 0.289018 -11.045814
v 9.896307 0.289018 -10.985208
v 9.801910 0.289018 -10.890811
v 9.741304 0.289018 -10.771864
v 9.720420 0.289018 -10.640010
v 9.741304 0.289018 -10.508156
v 9.801910 0.289018 -10.389209
v 9.896307 0.289018 -10.294812
v 10.015254 0.289018 -10.234206
v 10.147108 0.289018 -10.213322
v 10.278962 0.289018 -10.234206
v 10.397909 0.289018 -10.294812
v 10.492306 0.289018 -10.389209
v 10.552912 0.289018 -10.508156
v 10.573796 0.289018 -10.640010
v 10.537862 0.354935 -10.766974
v 10.479503 0.354935 -10.881509
v 10.388607 0.354935 -10.972405
v 10.274072 0.354935 -11.030764
v 10.147108 0.354935 -11.050873
v 10.020145 0.354935 -11.030764
v 9.905609 0.354935 -10.972405
v 9.814713 0.354935 -10.881509
v 9.756355 0.354935 -10.766974
v 9.736245 0.354935 -10.640010
v 9.756355 0.354935 -10.513047
v 9.814713 0.354935 -10.398511
v 9.905609 0.354935 -10.307615
v 10.020145 0.354935 -10.249257
v 10.147108 0.354935 -10.229148
v 10.274072 0.354935 -10.249257
v 10.388607 0.354935 -10.307615
v 10.479503 0.354935 -10.398511
v 10.537862 0.354935 -10.513047
v 10.557971 0.354935 -10.640010
v 10.513190 0.417564 -10.758957
v 10.458516 0.417564 -10.866261
v 10.373359 0.417564 -10.951418
v 10.266055 0.417564 -11.006092
v 10.147108 0.417564 -11.024931
v 10.028161 0.417564 -11.006092
v 9.920857 0.417564 -10.951418
v 9.835701 0.417564 -10.866261
v 9.781027 0.417564 -10.758957
v 9.762187 0.417564 -10.640010
v 9.781027 0.417564 -10.521063
v 9.835701 0.417564 -10.413759
v 9.920857 0.417564 -10.328603
v 10.028161 0.417564 -10.273929
v 10.147108 0.417564 -10.255090
v 10.266055 0.417564 -10.273929
v 10.373359 0.417564 -10.328603
v 10.458515 0.417564 -10.413759
v 10.513189 0.417564 -10.521063
v 10.532029 0.417564 -10.640010
v 10.479503 0.475364 -10.748012
v 10.429860 0.475364 -10.845442
v 10.352539 0.475364 -10.922762
v 10.255110 0.475364 -10.972405
v 10.147108 0.475364 -10.989511
v 10.039106 0.475364 -10.972405
v 9.941677 0.475364 -10.922762
v 9.864356 0.475364 -10.845441
v 9.814713 0.475364 -10.748012
v 9.797607 0.475364 -10.640010
v 9.814713 0.475364 -10.532008
v 9.864356 0.475364 -10.434579
v 9.941677 0.475364 -10.357258
v 10.039106 0.475364 -10.307615
v 10.147108 0.475364 -10.290510
v 10.255110 0.475364 -10.307615
v 10.352539 0.475364 -10.357258
v 10.429860 0.475364 -10.434579
v 10.479503 0.475364 -10.532009
v 10.496609 0.475364 -10.640010
v 10.437632 0.526912 -10.734407
v 10.394242 0.526912 -10.819564
v 10.326662 0.526912 -10.887144
v 10.241505 0.526912 -10.930534
v 10.147108 0.526912 -10.945485
v 10.052711 0.526912 -10.930534
v 9.967555 0.526912 -10.887144
v 9.899974 0.526912 -10.819564
v 9.856584 0.526912 -10.734407
v 9.841633 0.526912 -10.640010
v 9.856584 0.526912 -10.545613
v 9.899974 0.526912 -10.460457
v 9.967555 0.526912 -10.392876
v 10.052711 0.526912 -10.349486
v 10.147108 0.526912 -10.334535
v 10.241505 0.526912 -10.349486
v 10.326662 0.526912 -10.392876
v 10.394242 0.526912 -10.460457
v 10.437632 0.526912 -10.545613
v 10.452583 0.526912 -10.640010
v 10.388607 0.570938 -10.718478
v 10.352540 0.570938 -10.789265
v 10.296363 0.570938 -10.845442
v 10.225576 0.570938 -10.881509
v 10.147108 0.570938 -10.893937
v 10.068640 0.570938 -10.881509
v 9.997853 0.570938 -10.845441
v 9.941677 0.570938 -10.789265
v 9.905609 0.570938 -10.718478
v 9.893181 0.570938 -10.640010
v 9.905609 0.570938 -10.561542
v 9.941677 0.570938 -10.490756
v 9.997854 0.570938 -10.434579
v 10.068640 0.570938 -10.398511
v 10.147108 0.570938 -10.386083
v 10.225576 0.570938 -10.398511
v 10.296363 0.570938 -10.434579
v 10.352539 0.570938 -10.490756
v 10.388607 0.570938 -10.561542
v 10.401035 0.570938 -10.640010
v 10.333636 0.606358 -10.700617
v 10.305778 0.606358 -10.755291
v 10.262389 0.606358 -10.798680
v 10.207715 0.606358 -10.826538
v 10.147108 0.606358 -10.836137
v 10.086502 0.606358 -10.826538
v 10.031828 0.606358 -10.798680
v 9.988438 0.606358 -10.755291
v 9.960580 0.606358 -10.700617
v 9.950981 0.606358 -10.640010
v 9.960580 0.606358 -10.579404
v 9.988438 0.606358 -10.524730
v 10.031828 0.606358 -10.481340
v 10.086502 0.606358 -10.453482
v 10.147108 0.606358 -10.443883
v 10.207715 0.606358 -10.453482
v 10.262389 0.606358 -10.481340
v 10.305778 0.606358 -10.524730
v 10.333636 0.606358 -10.579404
v 10.343235 0.606358 -10.640010
v 10.274072 0.632300 -10.681263
v 10.255110 0.632300 -10.718478
v 10.225576 0.632300 -10.748012
v 10.188361 0.632300 -10.766974
v 10.147108 0.632300 -10.773508
v 10.105855 0.632300 -10.766974
v 10.068640 0.632300 -10.748012
v 10.039106 0.632300 -10.718478
v 10.020145 0.632300 -10.681263
v 10.013611 0.632300 -10.640010
v 10.020145 0.632300 -10.598757
v 10.039106 0.632300 -10.561542
v 10.068640 0.632300 -10.532008
v 10.105855 0.632300 -10.513047
v 10.147108 0.632300 -10.506513
v 10.188361 0.632300 -10.513047
v 10.225576 0.632300 -10.532009
v 10.255110 0.632300 -10.561542
v 10.274072 0.632300 -10.598757
v 10.280605 0.632300 -10.640010
v 10.211381 0.648125 -10.660894
v 10.201782 0.648125 -10.679733
v 10.186831 0.648125 -10.694684
v 10.167992 0.648125 -10.704283
v 10.147108 0.648125 -10.707591
v 10.126225 0.648125 -10.704283
v 10.107385 0.648125 -10.694684
v 10.092434 0.648125 -10.679733
v 10.082835 0.648125 -10.660894
v 10.079527 0.648125 -10.640010
v 10.082835 0.648125 -10.619127
v 10.092434 0.648125 -10.600287
v 10.107385 0.648125 -10.585336
v 10.126225 0.648125 -10.575737
v 10.147108 0.648125 -10.572429
v 10.167992 0.648125 -10.575737
v 10.186831 0.648125 -10.585336
v 10.201782 0.648125 -10.600287
v 10.211381 0.648125 -10.619127
v 10.214689 0.648125 -10.640010
v 10.147108 -0.210569 -10.640010
v 10.147108 0.653444 -10.640010
vt 0.845176 0.536451
vt 0.904565 0.536451
vt 0.913004 0.571114
vt 0.849613 0.571114
vt 0.839118 0.504461
vt 0.893042 0.504461
vt 0.951695 0.536451
vt 0.963312 0.571114
vt 0.918152 0.607596
vt 0.852319 0.607596
vt 0.779343 0.536451
vt 0.779343 0.571114
vt 0.831589 0.475931
vt 0.878719 0.475931
vt 0.935836 0.504461
vt 0.779343 0.504461
vt 0.970397 0.607596
vt 0.919883 0.645000
vt 0.853229 0.645000
vt 0.779343 0.607596
vt 0.713510 0.536451
vt 0.709073 0.571114
vt 0.822772 0.451564
vt 0.861950 0.451564
vt 0.916123 0.475931
vt 0.779343 0.475931
vt 0.719568 0.504461
vt 0.972779 0.645000
vt 0.918152 0.682403
vt 0.852319 0.682403
vt 0.779343 0.645000
vt 0.706367 0.607596
vt 0.654122 0.536451
vt 0.645683 0.571114
vt 0.779343 0.451564
vt 0.727098 0.475931
vt 0.665645 0.504461
vt 0.970397 0.682403
vt 0.913004 0.718885
vt 0.849613 0.718885
vt 0.779343 0.682403
vt 0.705458 0.645000
vt 0.640534 0.607596
vt 0.606991 0.536451
vt 0.595376 0.571114
vt 0.779343 0.431961
vt 0.812886 0.431961
vt 0.735914 0.451564
vt 0.679967 0.475931
vt 0.622851 0.504461
vt 0.963312 0.718885
vt 0.904565 0.753548
vt 0.845176 0.753548
vt 0.779343 0.718885
vt 0.706367 0.682403
vt 0.638804 0.645000
vt 0.588289 0.607596
vt 0.745800 0.431961
vt 0.696736 0.451564
vt 0.642564 0.475931
vt 0.951695 0.753548
vt 0.893042 0.785539
vt 0.839118 0.785539
vt 0.779343 0.753548
vt 0.709073 0.718885
vt 0.640534 0.682403
vt 0.585908 0.645000
vt 0.935836 0.785539
vt 0.878719 0.814068
vt 0.831589 0.814068
vt 0.779343 0.785539
vt 0.713510 0.753548
vt 0.645683 0.718885
vt 0.588289 0.682403
vt 0.916123 0.814068
vt 0.861950 0.838435
vt 0.822772 0.838435
vt 0.779343 0.814068
vt 0.719568 0.785539
vt 0.654122 0.753548
vt 0.595376 0.718885
vt 0.779343 0.838435
vt 0.727098 0.814068
vt 0.665645 0.785539
vt 0.606991 0.753548
vt 0.812886 0.858039
vt 0.779343 0.858039
vt 0.735914 0.838435
vt 0.679967 0.814068
vt 0.622851 0.785539
vt 0.745800 0.858039
vt 0.696736 0.838435
vt 0.642564 0.814068
vt 0.351499 0.106482
vt 0.410887 0.106482
vt 0.406451 0.141145
vt 0.343059 0.141145
vt 0.363022 0.074492
vt 0.416945 0.074492
vt 0.476720 0.106482
vt 0.476720 0.141145
vt 0.403744 0.177628
vt 0.337911 0.177628
vt 0.304368 0.106482
vt 0.292752 0.141145
vt 0.377344 0.045962
vt 0.424475 0.045962
vt 0.476720 0.074492
vt 0.320228 0.074492
vt 0.542553 0.106482
vt 0.546990 0.141145
vt 0.476720 0.177628
vt 0.402835 0.215031
vt 0.336181 0.215031
vt 0.285666 0.177628
vt 0.394113 0.021596
vt 0.433291 0.021596
vt 0.476720 0.045962
vt 0.339941 0.045962
vt 0.536495 0.074492
vt 0.601941 0.106482
vt 0.610381 0.141145
vt 0.549696 0.177628
vt 0.476720 0.215031
vt 0.403744 0.252434
vt 0.337911 0.252434
vt 0.283285 0.215031
vt 0.476720 0.021596
vt 0.528965 0.045962
vt 0.590419 0.074492
vt 0.649072 0.106482
vt 0.660688 0.141145
vt 0.615529 0.177628
vt 0.550606 0.215031
vt 0.476720 0.252434
vt 0.406451 0.288917
vt 0.343059 0.288917
vt 0.285666 0.252434
vt 0.443177 0.001992
vt 0.476720 0.001992
vt 0.520149 0.021596
vt 0.576096 0.045962
vt 0.633213 0.074492
vt 0.667774 0.177628
vt 0.617259 0.215031
vt 0.549696 0.252434
vt 0.476720 0.288917
vt 0.410887 0.323580
vt 0.351499 0.323580
vt 0.292752 0.288917
vt 0.510264 0.001992
vt 0.559327 0.021596
vt 0.613500 0.045962
vt 0.670155 0.215031
vt 0.615529 0.252434
vt 0.546990 0.288917
vt 0.476720 0.323580
vt 0.416945 0.355570
vt 0.363022 0.355570
vt 0.304368 0.323580
vt 0.667774 0.252434
vt 0.610381 0.288917
vt 0.542553 0.323580
vt 0.476720 0.355570
vt 0.424475 0.384100
vt 0.377344 0.384100
vt 0.320228 0.355570
vt 0.660688 0.288917
vt 0.601941 0.323580
vt 0.536495 0.355570
vt 0.476720 0.384100
vt 0.433291 0.408466
vt 0.394113 0.408466
vt 0.339941 0.384100
vt 0.649072 0.323580
vt 0.590419 0.355570
vt 0.528965 0.384100
vt 0.476720 0.408466
vt 0.633213 0.355570
vt 0.576096 0.384100
vt 0.520149 0.408466
vt 0.476720 0.428070
vt 0.443177 0.428070
vt 0.613500 0.384100
vt 0.559327 0.408466
vt 0.510264 0.428070
vt 0.174294 0.203473
vt 0.168981 0.193046
vt 0.198496 0.171602
vt 0.208991 0.192199
vt 0.138721 0.215031
vt 0.160706 0.184771
vt 0.182150 0.155256
vt 0.226539 0.151227
vt 0.241957 0.181488
vt 0.176124 0.215031
vt 0.212607 0.215031
vt 0.150280 0.179458
vt 0.161553 0.144761
vt 0.202525 0.127213
vt 0.252420 0.132424
vt 0.272382 0.171602
vt 0.247270 0.215031
vt 0.174294 0.226589
vt 0.208990 0.237863
vt 0.138721 0.177628
vt 0.138721 0.141145
vt 0.172264 0.111795
vt 0.221328 0.101332
vt 0.241957 0.248574
vt 0.168981 0.237016
vt 0.198496 0.258460
vt 0.127163 0.179458
vt 0.115889 0.144761
vt 0.138721 0.106482
vt 0.182150 0.081370
vt 0.238097 0.078252
vt 0.275501 0.115655
vt 0.226539 0.278834
vt 0.160706 0.245291
vt 0.182150 0.274806
vt 0.116736 0.184771
vt 0.095292 0.155256
vt 0.105178 0.111795
vt 0.138721 0.074492
vt 0.190966 0.054237
vt 0.272382 0.258460
vt 0.252419 0.297638
vt 0.202524 0.302849
vt 0.150279 0.250604
vt 0.161553 0.285301
vt 0.108461 0.193046
vt 0.078946 0.171602
vt 0.074918 0.127213
vt 0.095292 0.081370
vt 0.138721 0.045962
vt 0.198496 0.031063
vt 0.252420 0.058538
vt 0.221328 0.328730
vt 0.172264 0.318267
vt 0.138721 0.252434
vt 0.138721 0.288917
vt 0.103148 0.203473
vt 0.068452 0.192199
vt 0.050903 0.151227
vt 0.056114 0.101332
vt 0.086476 0.054237
vt 0.138721 0.021596
vt 0.204554 0.012419
vt 0.263942 0.042679
vt 0.275501 0.314407
vt 0.238097 0.351811
vt 0.182150 0.348692
vt 0.138721 0.323580
vt 0.127163 0.250604
vt 0.115889 0.285301
vt 0.101318 0.215031
vt 0.064835 0.215031
vt 0.035485 0.181488
vt 0.025023 0.132424
vt 0.039345 0.078252
vt 0.078946 0.031063
vt 0.138721 0.001992
vt 0.190966 0.375825
vt 0.138721 0.355570
vt 0.105178 0.318267
vt 0.116736 0.245291
vt 0.095292 0.274806
vt 0.103148 0.226589
vt 0.068452 0.237863
vt 0.030172 0.215031
vt 0.005060 0.171602
vt 0.001942 0.115655
vt 0.025023 0.058538
vt 0.072888 0.012419
vt 0.252419 0.371524
vt 0.198496 0.398999
vt 0.138721 0.384100
vt 0.095292 0.348692
vt 0.074918 0.302849
vt 0.108461 0.237016
vt 0.078946 0.258460
vt 0.035485 0.248574
vt 0.013500 0.042679
vt 0.263942 0.387383
vt 0.204554 0.417643
vt 0.138721 0.408466
vt 0.086476 0.375825
vt 0.056114 0.328730
vt 0.050903 0.278834
vt 0.138721 0.428070
vt 0.078946 0.398999
vt 0.039345 0.351811
vt 0.025023 0.297638
vt 0.005060 0.258460
vt 0.072888 0.417643
vt 0.025023 0.371524
vt 0.001942 0.314407
vt 0.013500 0.387383
vt 0.579927 0.744376
vt 0.542524 0.781779
vt 0.525755 0.758698
vt 0.556847 0.727607
vt 0.495393 0.805794
vt 0.486577 0.778660
vt 0.506951 0.732817
vt 0.530966 0.708803
vt 0.556847 0.801492
vt 0.502923 0.828968
vt 0.443148 0.814068
vt 0.443148 0.785539
vt 0.476691 0.748235
vt 0.486577 0.704774
vt 0.502923 0.688429
vt 0.576809 0.688429
vt 0.546384 0.678543
vt 0.568369 0.817352
vt 0.508981 0.847611
vt 0.443148 0.838435
vt 0.390903 0.805794
vt 0.399719 0.778660
vt 0.443148 0.753548
vt 0.465980 0.715269
vt 0.465133 0.675260
vt 0.473408 0.666984
vt 0.513418 0.667832
vt 0.443148 0.858039
vt 0.383373 0.828968
vt 0.343772 0.781779
vt 0.360541 0.758698
vt 0.409604 0.748235
vt 0.443148 0.718885
vt 0.454706 0.680572
vt 0.443148 0.645000
vt 0.478721 0.656558
vt 0.551697 0.645000
vt 0.517033 0.645000
vt 0.377315 0.847611
vt 0.329449 0.801492
vt 0.306368 0.744376
vt 0.329449 0.727607
vt 0.379344 0.732817
vt 0.420316 0.715269
vt 0.443148 0.682403
vt 0.480551 0.645000
vt 0.546384 0.611456
vt 0.513417 0.622167
vt 0.317927 0.817352
vt 0.355330 0.708803
vt 0.399719 0.704774
vt 0.431590 0.680572
vt 0.478721 0.633441
vt 0.530966 0.581196
vt 0.502923 0.601571
vt 0.309487 0.688429
vt 0.339912 0.678543
vt 0.383373 0.688429
vt 0.421163 0.675260
vt 0.473408 0.623015
vt 0.556846 0.562393
vt 0.576809 0.601571
vt 0.506951 0.557182
vt 0.486577 0.585225
vt 0.372878 0.667832
vt 0.412888 0.666984
vt 0.465133 0.614740
vt 0.525755 0.531301
vt 0.476691 0.541764
vt 0.465980 0.574730
vt 0.334599 0.645000
vt 0.369262 0.645000
vt 0.407575 0.656558
vt 0.454706 0.609427
vt 0.542524 0.508220
vt 0.579927 0.545623
vt 0.486577 0.511339
vt 0.443148 0.536451
vt 0.443148 0.571114
vt 0.339912 0.611456
vt 0.372878 0.622167
vt 0.405745 0.645000
vt 0.443148 0.607596
vt 0.495393 0.484205
vt 0.443148 0.504461
vt 0.409604 0.541764
vt 0.420316 0.574730
vt 0.355330 0.581196
vt 0.383373 0.601571
vt 0.407575 0.633441
vt 0.431590 0.609427
vt 0.502923 0.461032
vt 0.556846 0.488507
vt 0.443148 0.475931
vt 0.399719 0.511339
vt 0.379344 0.557182
vt 0.399719 0.585225
vt 0.309487 0.601571
vt 0.329449 0.562393
vt 0.412888 0.623015
vt 0.421163 0.614740
vt 0.508981 0.442388
vt 0.568369 0.472648
vt 0.443148 0.451564
vt 0.390903 0.484205
vt 0.360541 0.531301
vt 0.443148 0.431961
vt 0.383373 0.461032
vt 0.343772 0.508220
vt 0.306368 0.545623
vt 0.377315 0.442388
vt 0.329449 0.488507
vt 0.317927 0.472648
vt 0.300388 0.447278
vt 0.300388 0.506668
vt 0.265726 0.502231
vt 0.265726 0.438839
vt 0.300388 0.572500
vt 0.265726 0.572500
vt 0.229242 0.499523
vt 0.229242 0.433691
vt 0.300388 0.638332
vt 0.265726 0.642769
vt 0.229242 0.572500
vt 0.191839 0.498614
vt 0.191839 0.431961
vt 0.300388 0.697721
vt 0.265726 0.706161
vt 0.229242 0.645477
vt 0.191839 0.572500
vt 0.154436 0.499523
vt 0.154436 0.433691
vt 0.229242 0.711309
vt 0.191839 0.646386
vt 0.154436 0.572500
vt 0.117953 0.502231
vt 0.117953 0.438839
vt 0.191839 0.713039
vt 0.154436 0.645477
vt 0.117953 0.572500
vt 0.083291 0.506668
vt 0.083291 0.447278
vt 0.154436 0.711309
vt 0.117953 0.642769
vt 0.083291 0.572500
vt 0.117953 0.706161
vt 0.083291 0.638332
vt 0.083291 0.697721
vt 0.001942 0.982690
vt 0.001942 0.923302
vt 0.036605 0.927739
vt 0.036605 0.991130
vt 0.001942 0.857469
vt 0.036605 0.857469
vt 0.073087 0.930445
vt 0.073087 0.996278
vt 0.001942 0.791636
vt 0.036605 0.787200
vt 0.073087 0.857469
vt 0.110490 0.931354
vt 0.110490 0.998008
vt 0.001942 0.732248
vt 0.036605 0.723808
vt 0.073087 0.784493
vt 0.110490 0.857469
vt 0.147894 0.930445
vt 0.147894 0.996278
vt 0.073087 0.718660
vt 0.110490 0.783583
vt 0.147894 0.857469
vt 0.184376 0.927739
vt 0.184376 0.991130
vt 0.110490 0.716930
vt 0.147894 0.784493
vt 0.184376 0.857469
vt 0.219039 0.923302
vt 0.219039 0.982690
vt 0.147894 0.718660
vt 0.184376 0.787200
vt 0.219039 0.857469
vt 0.184376 0.723808
vt 0.219039 0.791636
vt 0.219039 0.732248
vn 0.190555 -0.979722 -0.061915
vn 0.162096 -0.979722 -0.117770
vn 0.269870 -0.942723 -0.196072
vn 0.317252 -0.942722 -0.103081
vn 0.117769 -0.979722 -0.162095
vn 0.196072 -0.942723 -0.269870
vn 0.061915 -0.979722 -0.190555
vn 0.103081 -0.942723 -0.317251
vn -0.000000 -0.979722 -0.200361
vn -0.000000 -0.942723 -0.333578
vn -0.061915 -0.979722 -0.190555
vn -0.103081 -0.942722 -0.317252
vn -0.117769 -0.979722 -0.162096
vn -0.196072 -0.942722 -0.269871
vn -0.162096 -0.979722 -0.117770
vn -0.269870 -0.942722 -0.196072
vn -0.190555 -0.979722 -0.061915
vn -0.317252 -0.942722 -0.103081
vn -0.200361 -0.979722 0.000000
vn -0.333578 -0.942722 -0.000000
vn -0.190555 -0.979722 0.061915
vn -0.317252 -0.942722 0.103081
vn -0.162096 -0.979722 0.117769
vn -0.269870 -0.942722 0.196072
vn -0.117769 -0.979722 0.162095
vn -0.196072 -0.942722 0.269870
vn -0.061915 -0.979722 0.190555
vn -0.103081 -0.942722 0.317252
vn 0.000000 -0.979722 0.200361
vn 0.000000 -0.942722 0.333578
vn 0.061915 -0.979722 0.190555
vn 0.103081 -0.942722 0.317252
vn 0.117769 -0.979722 0.162096
vn 0.196072 -0.942722 0.269870
vn 0.162096 -0.979722 0.117769
vn 0.269870 -0.942722 0.196072
vn 0.190555 -0.979722 0.061915
vn 0.317252 -0.942722 0.103081
vn 0.200361 -0.979722 0.000001
vn 0.333578 -0.942722 0.000000
vn 0.380846 -0.882266 -0.276701
vn 0.447712 -0.882266 -0.145470
vn 0.276701 -0.882266 -0.380846
vn 0.145470 -0.882266 -0.447711
vn -0.000000 -0.882266 -0.470752
vn -0.145470 -0.882266 -0.447711
vn -0.276701 -0.882266 -0.380846
vn -0.380846 -0.882266 -0.276701
vn -0.447712 -0.882266 -0.145470
vn -0.470752 -0.882266 0.000000
vn -0.447712 -0.882266 0.145470
vn -0.380846 -0.882266 0.276701
vn -0.276701 -0.882266 0.380846
vn -0.145470 -0.882266 0.447712
vn 0.000000 -0.882266 0.470752
vn 0.145470 -0.882266 0.447712
vn 0.276701 -0.882266 0.380846
vn 0.380846 -0.882266 0.276701
vn 0.447712 -0.882266 0.145470
vn 0.470752 -0.882266 0.000000
vn 0.485138 -0.800252 -0.352474
vn 0.570314 -0.800252 -0.185306
vn 0.352473 -0.800252 -0.485138
vn 0.185306 -0.800252 -0.570314
vn -0.000000 -0.800252 -0.599664
vn -0.185307 -0.800252 -0.570314
vn -0.352474 -0.800252 -0.485138
vn -0.485138 -0.800252 -0.352474
vn -0.570314 -0.800252 -0.185306
vn -0.599664 -0.800252 0.000000
vn -0.570314 -0.800252 0.185306
vn -0.485138 -0.800252 0.352474
vn -0.352474 -0.800252 0.485139
vn -0.185306 -0.800252 0.570314
vn 0.000000 -0.800252 0.599664
vn 0.185306 -0.800252 0.570314
vn 0.352474 -0.800252 0.485139
vn 0.485138 -0.800252 0.352474
vn 0.570315 -0.800252 0.185306
vn 0.599664 -0.800252 0.000001
vn 0.578713 -0.698789 -0.420459
vn 0.680318 -0.698789 -0.221048
vn 0.420459 -0.698789 -0.578713
vn 0.221049 -0.698789 -0.680318
vn -0.000000 -0.698789 -0.715328
vn -0.221049 -0.698789 -0.680318
vn -0.420460 -0.698789 -0.578713
vn -0.578713 -0.698789 -0.420459
vn -0.680318 -0.698788 -0.221049
vn -0.715328 -0.698788 -0.000000
vn -0.680318 -0.698789 0.221049
vn -0.578713 -0.698789 0.420460
vn -0.420459 -0.698788 0.578713
vn -0.221049 -0.698788 0.680318
vn -0.000000 -0.698789 0.715328
vn 0.221049 -0.698789 0.680318
vn 0.420460 -0.698788 0.578713
vn 0.578713 -0.698788 0.420459
vn 0.680318 -0.698788 0.221049
vn 0.715328 -0.698788 0.000001
vn 0.658808 -0.580401 -0.478652
vn 0.774475 -0.580401 -0.251641
vn 0.478652 -0.580401 -0.658808
vn 0.251642 -0.580401 -0.774475
vn -0.000000 -0.580401 -0.814331
vn -0.251642 -0.580401 -0.774475
vn -0.478652 -0.580401 -0.658808
vn -0.658808 -0.580401 -0.478652
vn -0.774475 -0.580401 -0.251642
vn -0.814331 -0.580401 -0.000000
vn -0.774475 -0.580401 0.251642
vn -0.658808 -0.580401 0.478652
vn -0.478652 -0.580401 0.658808
vn -0.251642 -0.580401 0.774475
vn 0.000000 -0.580401 0.814331
vn 0.251642 -0.580401 0.774475
vn 0.478652 -0.580401 0.658808
vn 0.658808 -0.580401 0.478652
vn 0.774475 -0.580401 0.251642
vn 0.814331 -0.580401 0.000001
vn 0.723291 -0.447994 -0.525502
vn 0.850280 -0.447994 -0.276272
vn 0.525501 -0.447994 -0.723291
vn 0.276272 -0.447994 -0.850279
vn -0.000000 -0.447994 -0.894037
vn -0.276273 -0.447994 -0.850279
vn -0.525502 -0.447994 -0.723291
vn -0.723291 -0.447994 -0.525501
vn -0.850279 -0.447994 -0.276272
vn -0.894037 -0.447994 -0.000000
vn -0.850279 -0.447994 0.276272
vn -0.723291 -0.447994 0.525502
vn -0.525502 -0.447994 0.723291
vn -0.276273 -0.447994 0.850279
vn 0.000000 -0.447994 0.894037
vn 0.276273 -0.447994 0.850279
vn 0.525502 -0.447994 0.723291
vn 0.723291 -0.447994 0.525502
vn 0.850280 -0.447994 0.276273
vn 0.894037 -0.447994 0.000001
vn 0.770524 -0.304789 -0.559819
vn 0.905806 -0.304789 -0.294313
vn 0.559818 -0.304789 -0.770524
vn 0.294314 -0.304789 -0.905805
vn -0.000000 -0.304789 -0.952420
vn -0.294314 -0.304789 -0.905805
vn -0.559819 -0.304789 -0.770524
vn -0.770524 -0.304789 -0.559818
vn -0.905805 -0.304789 -0.294314
vn -0.952420 -0.304789 -0.000000
vn -0.905805 -0.304789 0.294314
vn -0.770524 -0.304788 0.559819
vn -0.559818 -0.304788 0.770524
vn -0.294314 -0.304789 0.905805
vn 0.000000 -0.304789 0.952420
vn 0.294314 -0.304789 0.905805
vn 0.559818 -0.304789 0.770524
vn 0.770524 -0.304789 0.559818
vn 0.905805 -0.304789 0.294314
vn 0.952420 -0.304788 0.000001
vn 0.799335 -0.154249 -0.580751
vn 0.939675 -0.154249 -0.305318
vn 0.580751 -0.154249 -0.799335
vn 0.305319 -0.154249 -0.939674
vn 0.000000 -0.154249 -0.988032
vn -0.305319 -0.154249 -0.939674
vn -0.580751 -0.154249 -0.799335
vn -0.799335 -0.154249 -0.580751
vn -0.939674 -0.154248 -0.305319
vn -0.988032 -0.154248 0.000000
vn -0.939674 -0.154248 0.305319
vn -0.799335 -0.154248 0.580751
vn -0.580751 -0.154249 0.799335
vn -0.305319 -0.154249 0.939674
vn 0.000000 -0.154249 0.988032
vn 0.305319 -0.154249 0.939674
vn 0.580751 -0.154249 0.799335
vn 0.799335 -0.154249 0.580751
vn 0.939674 -0.154249 0.305319
vn 0.988032 -0.154249 0.000001
vn 0.809017 0.000000 -0.587785
vn 0.951057 -0.000000 -0.309016
vn 0.587785 -0.000000 -0.809017
vn 0.309017 -0.000000 -0.951057
vn 0.000000 0.000000 -1.000000
vn -0.309017 -0.000000 -0.951056
vn -0.587785 -0.000000 -0.809017
vn -0.809017 0.000000 -0.587785
vn -0.951056 0.000000 -0.309017
vn -1.000000 -0.000000 0.000000
vn -0.951057 -0.000000 0.309017
vn -0.809017 0.000000 0.587785
vn -0.587785 -0.000000 0.809017
vn -0.309017 -0.000000 0.951056
vn 0.000000 0.000000 1.000000
vn 0.309017 -0.000000 0.951056
vn 0.587785 -0.000000 0.809017
vn 0.809017 -0.000000 0.587785
vn 0.951056 0.000000 0.309017
vn 1.000000 0.000000 0.000001
vn 0.799335 0.154249 -0.580751
vn 0.939675 0.154249 -0.305318
vn 0.580751 0.154249 -0.799335
vn 0.305319 0.154249 -0.939674
vn 0.000000 0.154249 -0.988032
vn -0.305319 0.154249 -0.939674
vn -0.580751 0.154249 -0.799335
vn -0.799335 0.154249 -0.580751
vn -0.939674 0.154248 -0.305319
vn -0.988032 0.154248 0.000000
vn -0.939674 0.154248 0.305319
vn -0.799335 0.154248 0.580751
vn -0.580751 0.154249 0.799335
vn -0.305319 0.154249 0.939674
vn 0.000000 0.154249 0.988032
vn 0.305319 0.154249 0.939674
vn 0.580751 0.154249 0.799335
vn 0.799335 0.154249 0.580751
vn 0.939674 0.154249 0.305319
vn 0.988032 0.154249 0.000001
vn 0.770524 0.304789 -0.559819
vn 0.905806 0.304789 -0.294313
vn 0.559818 0.304789 -0.770524
vn 0.294314 0.304789 -0.905805
vn -0.000000 0.304789 -0.952420
vn -0.294314 0.304789 -0.905805
vn -0.559819 0.304789 -0.770524
vn -0.770524 0.304789 -0.559818
vn -0.905805 0.304789 -0.294314
vn -0.952420 0.304789 -0.000000
vn -0.905805 0.304789 0.294314
vn -0.770524 0.304788 0.559819
vn -0.559818 0.304788 0.770524
vn -0.294314 0.304789 0.905805
vn 0.000000 0.304789 0.952420
vn 0.294314 0.304789 0.905805
vn 0.559818 0.304789 0.770524
vn 0.770524 0.304789 0.559818
vn 0.905805 0.304788 0.294314
vn 0.952420 0.304789 0.000001
vn 0.723291 0.447994 -0.525502
vn 0.850280 0.447994 -0.276272
vn 0.525501 0.447994 -0.723291
vn 0.276272 0.447994 -0.850279
vn -0.000000 0.447994 -0.894037
vn -0.276273 0.447994 -0.850279
vn -0.525502 0.447994 -0.723291
vn -0.723291 0.447994 -0.525501
vn -0.850279 0.447994 -0.276273
vn -0.894037 0.447994 -0.000000
vn -0.850279 0.447994 0.276272
vn -0.723291 0.447994 0.525502
vn -0.525502 0.447994 0.723291
vn -0.276273 0.447994 0.850279
vn 0.000000 0.447994 0.894037
vn 0.276273 0.447994 0.850280
vn 0.525502 0.447994 0.723291
vn 0.723291 0.447994 0.525502
vn 0.850280 0.447994 0.276273
vn 0.894037 0.447994 0.000001
vn 0.658808 0.580401 -0.478652
vn 0.774475 0.580401 -0.251641
vn 0.478652 0.580401 -0.658808
vn 0.251642 0.580401 -0.774475
vn -0.000000 0.580401 -0.814331
vn -0.251642 0.580401 -0.774475
vn -0.478652 0.580401 -0.658808
vn -0.658808 0.580401 -0.478652
vn -0.774475 0.580401 -0.251642
vn -0.814331 0.580401 -0.000000
vn -0.774475 0.580401 0.251642
vn -0.658808 0.580401 0.478652
vn -0.478652 0.580401 0.658808
vn -0.251642 0.580401 0.774475
vn 0.000000 0.580401 0.814331
vn 0.251642 0.580401 0.774475
vn 0.478652 0.580401 0.658808
vn 0.658808 0.580401 0.478652
vn 0.774475 0.580401 0.251642
vn 0.814331 0.580401 0.000001
vn 0.578712 0.698789 -0.420459
vn 0.680318 0.698789 -0.221048
vn 0.420459 0.698789 -0.578713
vn 0.221049 0.698789 -0.680318
vn -0.000000 0.698789 -0.715328
vn -0.221049 0.698789 -0.680318
vn -0.420460 0.698789 -0.578713
vn -0.578713 0.698789 -0.420459
vn -0.680318 0.698789 -0.221049
vn -0.715328 0.698789 0.000000
vn -0.680318 0.698789 0.221049
vn -0.578713 0.698789 0.420460
vn -0.420459 0.698788 0.578713
vn -0.221049 0.698788 0.680318
vn -0.000000 0.698788 0.715328
vn 0.221049 0.698789 0.680318
vn 0.420460 0.698788 0.578713
vn 0.578713 0.698788 0.420460
vn 0.680318 0.698788 0.221049
vn 0.715328 0.698788 0.000001
vn 0.485138 0.800252 -0.352474
vn 0.570314 0.800252 -0.185306
vn 0.352473 0.800252 -0.485138
vn 0.185306 0.800252 -0.570314
vn -0.000000 0.800252 -0.599664
vn -0.185307 0.800252 -0.570314
vn -0.352474 0.800252 -0.485138
vn -0.485138 0.800252 -0.352474
vn -0.570314 0.800252 -0.185306
vn -0.599664 0.800252 0.000000
vn -0.570314 0.800252 0.185306
vn -0.485138 0.800252 0.352474
vn -0.352474 0.800252 0.485138
vn -0.185306 0.800252 0.570314
vn 0.000000 0.800252 0.599664
vn 0.185306 0.800252 0.570315
vn 0.352474 0.800252 0.485139
vn 0.485139 0.800252 0.352474
vn 0.570314 0.800252 0.185306
vn 0.599664 0.800252 0.000001
vn 0.380846 0.882266 -0.276701
vn 0.447711 0.882266 -0.145470
vn 0.276701 0.882266 -0.380846
vn 0.145470 0.882266 -0.447712
vn -0.000000 0.882266 -0.470752
vn -0.145470 0.882266 -0.447711
vn -0.276701 0.882266 -0.380846
vn -0.380846 0.882266 -0.276701
vn -0.447712 0.882266 -0.145470
vn -0.470752 0.882266 0.000000
vn -0.447712 0.882266 0.145471
vn -0.380846 0.882266 0.276701
vn -0.276701 0.882266 0.380846
vn -0.145470 0.882266 0.447712
vn 0.000000 0.882266 0.470752
vn 0.145470 0.882266 0.447712
vn 0.276701 0.882266 0.380846
vn 0.380846 0.882266 0.276701
vn 0.447712 0.882266 0.145470
vn 0.470752 0.882266 0.000000
vn 0.269870 0.942722 -0.196073
vn 0.317252 0.942722 -0.103081
vn 0.196072 0.942722 -0.269871
vn 0.103081 0.942723 -0.317251
vn -0.000000 0.942723 -0.333578
vn -0.103081 0.942723 -0.317251
vn -0.196072 0.942722 -0.269870
vn -0.269870 0.942723 -0.196072
vn -0.317252 0.942722 -0.103081
vn -0.333578 0.942722 0.000000
vn -0.317252 0.942722 0.103082
vn -0.269870 0.942722 0.196072
vn -0.196072 0.942722 0.269870
vn -0.103081 0.942722 0.317252
vn 0.000000 0.942722 0.333578
vn 0.103081 0.942722 0.317252
vn 0.196072 0.942722 0.269870
vn 0.269870 0.942722 0.196072
vn 0.317252 0.942722 0.103081
vn 0.333578 0.942722 0.000000
vn 0.162096 0.979722 -0.117769
vn 0.190555 0.979722 -0.061915
vn 0.117769 0.979722 -0.162096
vn 0.061915 0.979722 -0.190555
vn -0.000000 0.979722 -0.200361
vn -0.061915 0.979722 -0.190555
vn -0.117769 0.979722 -0.162095
vn -0.162096 0.979722 -0.117769
vn -0.190555 0.979722 -0.061915
vn -0.200361 0.979722 0.000000
vn -0.190555 0.979722 0.061915
vn -0.162096 0.979722 0.117769
vn -0.117769 0.979722 0.162096
vn -0.061915 0.979722 0.190555
vn 0.000000 0.979722 0.200361
vn 0.061915 0.979722 0.190555
vn 0.117769 0.979722 0.162096
vn 0.162096 0.979722 0.117769
vn 0.190555 0.979722 0.061915
vn 0.200361 0.979722 0.000001
vn -0.000000 -1.000000 -0.000000
vn -0.000000 1.000000 0.000000
s 1
g pasted__pSphere6
usemtl pasted__standardSurface3SG2
f 473/1603/1417 474/1604/1418 494/1605/1419 493/1606/1420
f 474/1604/1418 475/1608/1421 495/1609/1422 494/1605/1419
f 475/1608/1421 476/1614/1423 496/1615/1424 495/1609/1422
f 476/1614/1423 477/1622/1425 497/1623/1426 496/1615/1424
f 477/1622/1425 478/1629/1427 498/1630/1428 497/1623/1426
f 478/1629/1427 479/1638/1429 499/1639/1430 498/1630/1428
f 479/1638/1429 480/1648/1431 500/1649/1432 499/1639/1430
f 480/1648/1431 481/1659/1433 501/1660/1434 500/1649/1432
f 481/1659/1433 482/1673/1435 502/1674/1436 501/1660/1434
f 482/1673/1435 483/1685/1437 503/1686/1438 502/1674/1436
f 483/1685/1437 484/1697/1439 504/1698/1440 503/1686/1438
f 484/1697/1439 485/1683/1441 505/1684/1442 504/1698/1440
f 485/1683/1441 486/1671/1443 506/1672/1444 505/1684/1442
f 486/1671/1443 487/1657/1445 507/1658/1446 506/1672/1444
f 487/1657/1445 488/1646/1447 508/1647/1448 507/1658/1446
f 488/1646/1447 489/1636/1449 509/1637/1450 508/1647/1448
f 489/1636/1449 490/1627/1451 510/1628/1452 509/1637/1450
f 490/1627/1451 491/1620/1453 511/1621/1454 510/1628/1452
f 491/1620/1453 492/1612/1455 512/1613/1456 511/1621/1454
f 492/1612/1455 473/1603/1417 493/1606/1420 512/1613/1456
f 493/1606/1420 494/1605/1419 514/1610/1457 513/1611/1458
f 494/1605/1419 495/1609/1422 515/1616/1459 514/1610/1457
f 495/1609/1422 496/1615/1424 516/1624/1460 515/1616/1459
f 496/1615/1424 497/1623/1426 517/1631/1461 516/1624/1460
f 497/1623/1426 498/1630/1428 518/1640/1462 517/1631/1461
f 498/1630/1428 499/1639/1430 519/1650/1463 518/1640/1462
f 499/1639/1430 500/1649/1432 520/1661/1464 519/1650/1463
f 500/1649/1432 501/1660/1434 521/1675/1465 520/1661/1464
f 501/1660/1434 502/1674/1436 522/1687/1466 521/1675/1465
f 502/1674/1436 503/1686/1438 523/1699/1467 522/1687/1466
f 503/1686/1438 504/1698/1440 524/1706/1468 523/1699/1467
f 504/1698/1440 505/1684/1442 525/1696/1469 524/1706/1468
f 505/1684/1442 506/1672/1444 526/1682/1470 525/1696/1469
f 506/1672/1444 507/1658/1446 527/1670/1471 526/1682/1470
f 507/1658/1446 508/1647/1448 528/1656/1472 527/1670/1471
f 508/1647/1448 509/1637/1450 529/1645/1473 528/1656/1472
f 509/1637/1450 510/1628/1452 530/1635/1474 529/1645/1473
f 510/1628/1452 511/1621/1454 531/1626/1475 530/1635/1474
f 511/1621/1454 512/1613/1456 532/1619/1476 531/1626/1475
f 512/1613/1456 493/1606/1420 513/1611/1458 532/1619/1476
f 513/1611/1458 514/1610/1457 534/1617/1477 533/1618/1478
f 514/1610/1457 515/1616/1459 535/1625/1479 534/1617/1477
f 515/1616/1459 516/1624/1460 536/1632/1480 535/1625/1479
f 516/1624/1460 517/1631/1461 537/1641/1481 536/1632/1480
f 517/1631/1461 518/1640/1462 538/1651/1482 537/1641/1481
f 518/1640/1462 519/1650/1463 539/1662/1483 538/1651/1482
f 519/1650/1463 520/1661/1464 540/1676/1484 539/1662/1483
f 520/1661/1464 521/1675/1465 541/1688/1485 540/1676/1484
f 521/1555/1465 522/1556/1466 542/1544/1486 541/1533/1485
f 522/1556/1466 523/1567/1467 543/1557/1487 542/1544/1486
f 523/1699/1467 524/1706/1468 544/1710/1488 543/1711/1487
f 524/1706/1468 525/1696/1469 545/1705/1489 544/1710/1488
f 525/1696/1469 526/1682/1470 546/1695/1490 545/1705/1489
f 526/1682/1470 527/1670/1471 547/1681/1491 546/1695/1490
f 527/1670/1471 528/1656/1472 548/1669/1492 547/1681/1491
f 528/1656/1472 529/1645/1473 549/1655/1493 548/1669/1492
f 529/1645/1473 530/1635/1474 550/1644/1494 549/1655/1493
f 530/1635/1474 531/1626/1475 551/1643/1495 550/1644/1494
f 531/1474/1475 532/1462/1476 552/1451/1496 551/1464/1495
f 532/1462/1476 513/1463/1458 533/1439/1478 552/1451/1496
f 533/1439/1478 534/1440/1477 554/1430/1497 553/1429/1498
f 534/1617/1477 535/1625/1479 555/1633/1499 554/1634/1497
f 535/1625/1479 536/1632/1480 556/1642/1500 555/1633/1499
f 536/1632/1480 537/1641/1481 557/1652/1501 556/1642/1500
f 537/1641/1481 538/1651/1482 558/1663/1502 557/1652/1501
f 538/1651/1482 539/1662/1483 559/1677/1503 558/1663/1502
f 539/1662/1483 540/1676/1484 560/1689/1504 559/1677/1503
f 540/1532/1484 541/1533/1485 561/1523/1505 560/1522/1504
f 541/1533/1485 542/1544/1486 562/1534/1506 561/1523/1505
f 542/1544/1486 543/1557/1487 563/1545/1507 562/1534/1506
f 543/1557/1487 544/1568/1488 564/1558/1508 563/1545/1507
f 544/1710/1488 545/1705/1489 565/1709/1509 564/1714/1508
f 545/1705/1489 546/1695/1490 566/1704/1510 565/1709/1509
f 546/1695/1490 547/1681/1491 567/1694/1511 566/1704/1510
f 547/1681/1491 548/1669/1492 568/1680/1512 567/1694/1511
f 548/1669/1492 549/1655/1493 569/1668/1513 568/1680/1512
f 549/1655/1493 550/1644/1494 570/1667/1514 569/1668/1513
f 550/1475/1494 551/1464/1495 571/1452/1515 570/1465/1514
f 551/1464/1495 552/1451/1496 572/1442/1516 571/1452/1515
f 552/1451/1496 533/1439/1478 553/1429/1498 572/1442/1516
f 553/1429/1498 554/1430/1497 574/1422/1517 573/1421/1518
f 554/1430/1497 555/1441/1499 575/1431/1519 574/1422/1517
f 555/1633/1499 556/1642/1500 576/1653/1520 575/1654/1519
f 556/1642/1500 557/1652/1501 577/1664/1521 576/1653/1520
f 557/1652/1501 558/1663/1502 578/1678/1522 577/1664/1521
f 558/1663/1502 559/1677/1503 579/1690/1523 578/1678/1522
f 559/1535/1503 560/1522/1504 580/1514/1524 579/1525/1523
f 560/1522/1504 561/1523/1505 581/1515/1525 580/1514/1524
f 561/1523/1505 562/1534/1506 582/1524/1526 581/1515/1525
f 562/1534/1506 563/1545/1507 583/1536/1527 582/1524/1526
f 563/1545/1507 564/1558/1508 584/1546/1528 583/1536/1527
f 564/1558/1508 565/1569/1509 585/1559/1529 584/1546/1528
f 565/1709/1509 566/1704/1510 586/1708/1530 585/1713/1529
f 566/1704/1510 567/1694/1511 587/1703/1531 586/1708/1530
f 567/1694/1511 568/1680/1512 588/1693/1532 587/1703/1531
f 568/1680/1512 569/1668/1513 589/1692/1533 588/1693/1532
f 569/1476/1513 570/1465/1514 590/1453/1534 589/1466/1533
f 570/1465/1514 571/1452/1515 591/1443/1535 590/1453/1534
f 571/1452/1515 572/1442/1516 592/1432/1536 591/1443/1535
f 572/1442/1516 553/1429/1498 573/1421/1518 592/1432/1536
f 573/1421/1518 574/1422/1517 594/1418/1537 593/1417/1538
f 574/1422/1517 575/1431/1519 595/1423/1539 594/1418/1537
f 575/1654/1519 576/1653/1520 596/1665/1540 595/1666/1539
f 576/1653/1520 577/1664/1521 597/1679/1541 596/1665/1540
f 577/1664/1521 578/1678/1522 598/1691/1542 597/1679/1541
f 578/1678/1522 579/1690/1523 599/1700/1543 598/1691/1542
f 579/1525/1523 580/1514/1524 600/1510/1544 599/1520/1543
f 580/1514/1524 581/1515/1525 601/1511/1545 600/1510/1544
f 581/1515/1525 582/1524/1526 602/1516/1546 601/1511/1545
f 582/1524/1526 583/1536/1527 603/1526/1547 602/1516/1546
f 583/1536/1527 584/1546/1528 604/1537/1548 603/1526/1547
f 584/1546/1528 585/1559/1529 605/1547/1549 604/1537/1548
f 585/1713/1529 586/1708/1530 606/1712/1550 605/1715/1549
f 586/1708/1530 587/1703/1531 607/1707/1551 606/1712/1550
f 587/1703/1531 588/1693/1532 608/1702/1552 607/1707/1551
f 588/1693/1532 589/1692/1533 609/1701/1553 608/1702/1552
f 589/1466/1533 590/1453/1534 610/1449/1554 609/1460/1553
f 590/1453/1534 591/1443/1535 611/1437/1555 610/1449/1554
f 591/1443/1535 592/1432/1536 612/1427/1556 611/1437/1555
f 592/1432/1536 573/1421/1518 593/1417/1538 612/1427/1556
f 593/1417/1538 594/1418/1537 614/1419/1557 613/1420/1558
f 594/1418/1537 595/1423/1539 615/1424/1559 614/1419/1557
f 595/1829/1539 596/1830/1540 616/1831/1560 615/1832/1559
f 596/1830/1540 597/1833/1541 617/1834/1561 616/1831/1560
f 597/1833/1541 598/1837/1542 618/1838/1562 617/1834/1561
f 598/1837/1542 599/1842/1543 619/1843/1563 618/1838/1562
f 599/1520/1543 600/1510/1544 620/1513/1564 619/1521/1563
f 600/1510/1544 601/1511/1545 621/1512/1565 620/1513/1564
f 601/1511/1545 602/1516/1546 622/1517/1566 621/1512/1565
f 602/1516/1546 603/1526/1547 623/1527/1567 622/1517/1566
f 603/1526/1547 604/1537/1548 624/1538/1568 623/1527/1567
f 604/1537/1548 605/1547/1549 625/1548/1569 624/1538/1568
f 605/1864/1549 606/1865/1550 626/1866/1570 625/1867/1569
f 606/1865/1550 607/1868/1551 627/1869/1571 626/1866/1570
f 607/1868/1551 608/1872/1552 628/1873/1572 627/1869/1571
f 608/1872/1552 609/1877/1553 629/1878/1573 628/1873/1572
f 609/1460/1553 610/1449/1554 630/1450/1574 629/1461/1573
f 610/1449/1554 611/1437/1555 631/1438/1575 630/1450/1574
f 611/1437/1555 612/1427/1556 632/1428/1576 631/1438/1575
f 612/1427/1556 593/1417/1538 613/1420/1558 632/1428/1576
f 613/1420/1558 614/1419/1557 634/1425/1577 633/1426/1578
f 614/1419/1557 615/1424/1559 635/1433/1579 634/1425/1577
f 615/1832/1559 616/1831/1560 636/1835/1580 635/1836/1579
f 616/1831/1560 617/1834/1561 637/1839/1581 636/1835/1580
f 617/1834/1561 618/1838/1562 638/1844/1582 637/1839/1581
f 618/1838/1562 619/1843/1563 639/1848/1583 638/1844/1582
f 619/1521/1563 620/1513/1564 640/1519/1584 639/1531/1583
f 620/1513/1564 621/1512/1565 641/1518/1585 640/1519/1584
f 621/1512/1565 622/1517/1566 642/1528/1586 641/1518/1585
f 622/1517/1566 623/1527/1567 643/1539/1587 642/1528/1586
f 623/1527/1567 624/1538/1568 644/1549/1588 643/1539/1587
f 624/1538/1568 625/1548/1569 645/1560/1589 644/1549/1588
f 625/1867/1569 626/1866/1570 646/1870/1590 645/1871/1589
f 626/1866/1570 627/1869/1571 647/1874/1591 646/1870/1590
f 627/1869/1571 628/1873/1572 648/1879/1592 647/1874/1591
f 628/1873/1572 629/1878/1573 649/1883/1593 648/1879/1592
f 629/1461/1573 630/1450/1574 650/1459/1594 649/1473/1593
f 630/1450/1574 631/1438/1575 651/1448/1595 650/1459/1594
f 631/1438/1575 632/1428/1576 652/1436/1596 651/1448/1595
f 632/1428/1576 613/1420/1558 633/1426/1578 652/1436/1596
f 633/1426/1578 634/1425/1577 654/1434/1597 653/1435/1598
f 634/1425/1577 635/1433/1579 655/1444/1599 654/1434/1597
f 635/1836/1579 636/1835/1580 656/1840/1600 655/1841/1599
f 636/1835/1580 637/1839/1581 657/1845/1601 656/1840/1600
f 637/1839/1581 638/1844/1582 658/1849/1602 657/1845/1601
f 638/1844/1582 639/1848/1583 659/1853/1603 658/1849/1602
f 639/1531/1583 640/1519/1584 660/1530/1604 659/1543/1603
f 640/1519/1584 641/1518/1585 661/1529/1605 660/1530/1604
f 641/1518/1585 642/1528/1586 662/1540/1606 661/1529/1605
f 642/1528/1586 643/1539/1587 663/1550/1607 662/1540/1606
f 643/1539/1587 644/1549/1588 664/1561/1608 663/1550/1607
f 644/1549/1588 645/1560/1589 665/1570/1609 664/1561/1608
f 645/1871/1589 646/1870/1590 666/1875/1610 665/1876/1609
f 646/1870/1590 647/1874/1591 667/1880/1611 666/1875/1610
f 647/1874/1591 648/1879/1592 668/1884/1612 667/1880/1611
f 648/1879/1592 649/1883/1593 669/1888/1613 668/1884/1612
f 649/1473/1593 650/1459/1594 670/1472/1614 669/1483/1613
f 650/1459/1594 651/1448/1595 671/1458/1615 670/1472/1614
f 651/1448/1595 652/1436/1596 672/1447/1616 671/1458/1615
f 652/1436/1596 633/1426/1578 653/1435/1598 672/1447/1616
f 653/1435/1598 654/1434/1597 674/1445/1617 673/1446/1618
f 654/1434/1597 655/1444/1599 675/1454/1619 674/1445/1617
f 655/1841/1599 656/1840/1600 676/1846/1620 675/1847/1619
f 656/1840/1600 657/1845/1601 677/1850/1621 676/1846/1620
f 657/1845/1601 658/1849/1602 678/1854/1622 677/1850/1621
f 658/1849/1602 659/1853/1603 679/1858/1623 678/1854/1622
f 659/1543/1603 660/1530/1604 680/1542/1624 679/1554/1623
f 660/1530/1604 661/1529/1605 681/1541/1625 680/1542/1624
f 661/1529/1605 662/1540/1606 682/1551/1626 681/1541/1625
f 662/1540/1606 663/1550/1607 683/1562/1627 682/1551/1626
f 663/1550/1607 664/1561/1608 684/1571/1628 683/1562/1627
f 664/1561/1608 665/1570/1609 685/1577/1629 684/1571/1628
f 665/1876/1609 666/1875/1610 686/1881/1630 685/1882/1629
f 666/1875/1610 667/1880/1611 687/1885/1631 686/1881/1630
f 667/1880/1611 668/1884/1612 688/1889/1632 687/1885/1631
f 668/1884/1612 669/1888/1613 689/1893/1633 688/1889/1632
f 669/1483/1613 670/1472/1614 690/1482/1634 689/1490/1633
f 670/1472/1614 671/1458/1615 691/1471/1635 690/1482/1634
f 671/1458/1615 672/1447/1616 692/1457/1636 691/1471/1635
f 672/1447/1616 653/1435/1598 673/1446/1618 692/1457/1636
f 673/1446/1618 674/1445/1617 694/1455/1637 693/1456/1638
f 674/1445/1617 675/1454/1619 695/1467/1639 694/1455/1637
f 675/1847/1619 676/1846/1620 696/1851/1640 695/1852/1639
f 676/1846/1620 677/1850/1621 697/1855/1641 696/1851/1640
f 677/1850/1621 678/1854/1622 698/1859/1642 697/1855/1641
f 678/1854/1622 679/1858/1623 699/1861/1643 698/1859/1642
f 679/1554/1623 680/1542/1624 700/1553/1644 699/1566/1643
f 680/1542/1624 681/1541/1625 701/1552/1645 700/1553/1644
f 681/1541/1625 682/1551/1626 702/1563/1646 701/1552/1645
f 682/1551/1626 683/1562/1627 703/1572/1647 702/1563/1646
f 683/1562/1627 684/1571/1628 704/1578/1648 703/1572/1647
f 684/1571/1628 685/1577/1629 705/1584/1649 704/1578/1648
f 685/1882/1629 686/1881/1630 706/1886/1650 705/1887/1649
f 686/1881/1630 687/1885/1631 707/1890/1651 706/1886/1650
f 687/1885/1631 688/1889/1632 708/1894/1652 707/1890/1651
f 688/1889/1632 689/1893/1633 709/1896/1653 708/1894/1652
f 689/1490/1633 690/1482/1634 710/1489/1654 709/1497/1653
f 690/1482/1634 691/1471/1635 711/1481/1655 710/1489/1654
f 691/1471/1635 692/1457/1636 712/1470/1656 711/1481/1655
f 692/1457/1636 673/1446/1618 693/1456/1638 712/1470/1656
f 693/1456/1638 694/1455/1637 714/1468/1657 713/1469/1658
f 694/1455/1637 695/1467/1639 715/1477/1659 714/1468/1657
f 695/1852/1639 696/1851/1640 716/1856/1660 715/1857/1659
f 696/1851/1640 697/1855/1641 717/1860/1661 716/1856/1660
f 697/1855/1641 698/1859/1642 718/1862/1662 717/1860/1661
f 698/1859/1642 699/1861/1643 719/1863/1663 718/1862/1662
f 699/1566/1643 700/1553/1644 720/1565/1664 719/1576/1663
f 700/1553/1644 701/1552/1645 721/1564/1665 720/1565/1664
f 701/1552/1645 702/1563/1646 722/1573/1666 721/1564/1665
f 702/1563/1646 703/1572/1647 723/1579/1667 722/1573/1666
f 703/1572/1647 704/1578/1648 724/1585/1668 723/1579/1667
f 704/1578/1648 705/1584/1649 725/1591/1669 724/1585/1668
f 705/1887/1649 706/1886/1650 726/1891/1670 725/1892/1669
f 706/1886/1650 707/1890/1651 727/1895/1671 726/1891/1670
f 707/1890/1651 708/1894/1652 728/1897/1672 727/1895/1671
f 708/1894/1652 709/1896/1653 729/1898/1673 728/1897/1672
f 709/1497/1653 710/1489/1654 730/1496/1674 729/1501/1673
f 710/1489/1654 711/1481/1655 731/1488/1675 730/1496/1674
f 711/1481/1655 712/1470/1656 732/1480/1676 731/1488/1675
f 712/1470/1656 693/1456/1638 713/1469/1658 732/1480/1676
f 713/1469/1658 714/1468/1657 734/1478/1677 733/1479/1678
f 714/1468/1657 715/1477/1659 735/1484/1679 734/1478/1677
f 715/1733/1659 716/1734/1660 736/1725/1680 735/1724/1679
f 716/1734/1660 717/1743/1661 737/1735/1681 736/1725/1680
f 717/1743/1661 718/1754/1662 738/1744/1682 737/1735/1681
f 718/1754/1662 719/1764/1663 739/1755/1683 738/1744/1682
f 719/1576/1663 720/1565/1664 740/1575/1684 739/1583/1683
f 720/1565/1664 721/1564/1665 741/1574/1685 740/1575/1684
f 721/1564/1665 722/1573/1666 742/1580/1686 741/1574/1685
f 722/1573/1666 723/1579/1667 743/1586/1687 742/1580/1686
f 723/1579/1667 724/1585/1668 744/1592/1688 743/1586/1687
f 724/1585/1668 725/1591/1669 745/1595/1689 744/1592/1688
f 725/1828/1669 726/1826/1670 746/1823/1690 745/1827/1689
f 726/1826/1670 727/1822/1671 747/1819/1691 746/1823/1690
f 727/1822/1671 728/1817/1672 748/1807/1692 747/1819/1691
f 728/1817/1672 729/1818/1673 749/1808/1693 748/1807/1692
f 729/1501/1673 730/1496/1674 750/1500/1694 749/1506/1693
f 730/1496/1674 731/1488/1675 751/1495/1695 750/1500/1694
f 731/1488/1675 732/1480/1676 752/1487/1696 751/1495/1695
f 732/1480/1676 713/1469/1658 733/1479/1678 752/1487/1696
f 733/1479/1678 734/1478/1677 754/1485/1697 753/1486/1698
f 734/1478/1677 735/1484/1679 755/1491/1699 754/1485/1697
f 735/1724/1679 736/1725/1680 756/1720/1700 755/1717/1699
f 736/1725/1680 737/1735/1681 757/1726/1701 756/1720/1700
f 737/1735/1681 738/1744/1682 758/1736/1702 757/1726/1701
f 738/1744/1682 739/1755/1683 759/1745/1703 758/1736/1702
f 739/1583/1683 740/1575/1684 760/1582/1704 759/1590/1703
f 740/1575/1684 741/1574/1685 761/1581/1705 760/1582/1704
f 741/1574/1685 742/1580/1686 762/1587/1706 761/1581/1705
f 742/1580/1686 743/1586/1687 763/1593/1707 762/1587/1706
f 743/1586/1687 744/1592/1688 764/1596/1708 763/1593/1707
f 744/1592/1688 745/1595/1689 765/1600/1709 764/1596/1708
f 745/1827/1689 746/1823/1690 766/1820/1710 765/1824/1709
f 746/1823/1690 747/1819/1691 767/1809/1711 766/1820/1710
f 747/1819/1691 748/1807/1692 768/1799/1712 767/1809/1711
f 748/1807/1692 749/1808/1693 769/1790/1713 768/1799/1712
f 749/1506/1693 750/1500/1694 770/1505/1714 769/1509/1713
f 750/1500/1694 751/1495/1695 771/1499/1715 770/1505/1714
f 751/1495/1695 752/1487/1696 772/1494/1716 771/1499/1715
f 752/1487/1696 733/1479/1678 753/1486/1698 772/1494/1716
f 753/1486/1698 754/1485/1697 774/1492/1717 773/1493/1718
f 754/1716/1697 755/1717/1699 775/1718/1719 774/1719/1717
f 755/1717/1699 756/1720/1700 776/1721/1720 775/1718/1719
f 756/1720/1700 757/1726/1701 777/1727/1721 776/1721/1720
f 757/1726/1701 758/1736/1702 778/1737/1722 777/1727/1721
f 758/1736/1702 759/1745/1703 779/1746/1723 778/1737/1722
f 759/1745/1703 760/1756/1704 780/1757/1724 779/1746/1723
f 760/1582/1704 761/1581/1705 781/1588/1725 780/1589/1724
f 761/1581/1705 762/1587/1706 782/1594/1726 781/1588/1725
f 762/1587/1706 763/1593/1707 783/1597/1727 782/1594/1726
f 763/1593/1707 764/1596/1708 784/1601/1728 783/1597/1727
f 764/1825/1708 765/1824/1709 785/1821/1729 784/1814/1728
f 765/1824/1709 766/1820/1710 786/1810/1730 785/1821/1729
f 766/1820/1710 767/1809/1711 787/1800/1731 786/1810/1730
f 767/1809/1711 768/1799/1712 788/1792/1732 787/1800/1731
f 768/1799/1712 769/1790/1713 789/1783/1733 788/1792/1732
f 769/1790/1713 770/1791/1714 790/1776/1734 789/1783/1733
f 770/1505/1714 771/1499/1715 791/1504/1735 790/1508/1734
f 771/1499/1715 772/1494/1716 792/1498/1736 791/1504/1735
f 772/1494/1716 753/1486/1698 773/1493/1718 792/1498/1736
f 773/1731/1718 774/1719/1717 794/1723/1737 793/1732/1738
f 774/1719/1717 775/1718/1719 795/1722/1739 794/1723/1737
f 775/1718/1719 776/1721/1720 796/1728/1740 795/1722/1739
f 776/1721/1720 777/1727/1721 797/1738/1741 796/1728/1740
f 777/1727/1721 778/1737/1722 798/1747/1742 797/1738/1741
f 778/1737/1722 779/1746/1723 799/1758/1743 798/1747/1742
f 779/1746/1723 780/1757/1724 800/1765/1744 799/1758/1743
f 780/1757/1724 781/1771/1725 801/1772/1745 800/1765/1744
f 781/1588/1725 782/1594/1726 802/1598/1746 801/1599/1745
f 782/1594/1726 783/1597/1727 803/1602/1747 802/1598/1746
f 783/1813/1727 784/1814/1728 804/1803/1748 803/1795/1747
f 784/1814/1728 785/1821/1729 805/1811/1749 804/1803/1748
f 785/1821/1729 786/1810/1730 806/1801/1750 805/1811/1749
f 786/1810/1730 787/1800/1731 807/1793/1751 806/1801/1750
f 787/1800/1731 788/1792/1732 808/1784/1752 807/1793/1751
f 788/1792/1732 789/1783/1733 809/1778/1753 808/1784/1752
f 789/1783/1733 790/1776/1734 810/1769/1754 809/1778/1753
f 790/1776/1734 791/1777/1735 811/1762/1755 810/1769/1754
f 791/1504/1735 792/1498/1736 812/1503/1756 811/1507/1755
f 792/1498/1736 773/1493/1718 793/1502/1738 812/1503/1756
f 793/1732/1738 794/1723/1737 814/1730/1757 813/1742/1758
f 794/1723/1737 795/1722/1739 815/1729/1759 814/1730/1757
f 795/1722/1739 796/1728/1740 816/1739/1760 815/1729/1759
f 796/1728/1740 797/1738/1741 817/1748/1761 816/1739/1760
f 797/1738/1741 798/1747/1742 818/1759/1762 817/1748/1761
f 798/1747/1742 799/1758/1743 819/1766/1763 818/1759/1762
f 799/1758/1743 800/1765/1744 820/1773/1764 819/1766/1763
f 800/1765/1744 801/1772/1745 821/1780/1765 820/1773/1764
f 801/1772/1745 802/1786/1746 822/1787/1766 821/1780/1765
f 802/1786/1746 803/1795/1747 823/1796/1767 822/1787/1766
f 803/1795/1747 804/1803/1748 824/1804/1768 823/1796/1767
f 804/1803/1748 805/1811/1749 825/1812/1769 824/1804/1768
f 805/1811/1749 806/1801/1750 826/1802/1770 825/1812/1769
f 806/1801/1750 807/1793/1751 827/1794/1771 826/1802/1770
f 807/1793/1751 808/1784/1752 828/1785/1772 827/1794/1771
f 808/1784/1752 809/1778/1753 829/1779/1773 828/1785/1772
f 809/1778/1753 810/1769/1754 830/1770/1774 829/1779/1773
f 810/1769/1754 811/1762/1755 831/1763/1775 830/1770/1774
f 811/1762/1755 812/1752/1756 832/1753/1776 831/1763/1775
f 812/1752/1756 793/1732/1738 813/1742/1758 832/1753/1776
f 813/1742/1758 814/1730/1757 834/1741/1777 833/1751/1778
f 814/1730/1757 815/1729/1759 835/1740/1779 834/1741/1777
f 815/1729/1759 816/1739/1760 836/1749/1780 835/1740/1779
f 816/1739/1760 817/1748/1761 837/1760/1781 836/1749/1780
f 817/1748/1761 818/1759/1762 838/1767/1782 837/1760/1781
f 818/1759/1762 819/1766/1763 839/1774/1783 838/1767/1782
f 819/1766/1763 820/1773/1764 840/1781/1784 839/1774/1783
f 820/1773/1764 821/1780/1765 841/1788/1785 840/1781/1784
f 821/1780/1765 822/1787/1766 842/1797/1786 841/1788/1785
f 822/1787/1766 823/1796/1767 843/1805/1787 842/1797/1786
f 823/1796/1767 824/1804/1768 844/1815/1788 843/1805/1787
f 824/1804/1768 825/1812/1769 845/1816/1789 844/1815/1788
f 825/1812/1769 826/1802/1770 846/1806/1790 845/1816/1789
f 826/1802/1770 827/1794/1771 847/1798/1791 846/1806/1790
f 827/1794/1771 828/1785/1772 848/1789/1792 847/1798/1791
f 828/1785/1772 829/1779/1773 849/1782/1793 848/1789/1792
f 829/1779/1773 830/1770/1774 850/1775/1794 849/1782/1793
f 830/1770/1774 831/1763/1775 851/1768/1795 850/1775/1794
f 831/1763/1775 832/1753/1776 852/1761/1796 851/1768/1795
f 832/1753/1776 813/1742/1758 833/1751/1778 852/1761/1796
f 474/1604/1418 473/1603/1417 853/1607/1797
f 475/1608/1421 474/1604/1418 853/1607/1797
f 476/1614/1423 475/1608/1421 853/1607/1797
f 477/1622/1425 476/1614/1423 853/1607/1797
f 478/1629/1427 477/1622/1425 853/1607/1797
f 479/1638/1429 478/1629/1427 853/1607/1797
f 480/1648/1431 479/1638/1429 853/1607/1797
f 481/1659/1433 480/1648/1431 853/1607/1797
f 482/1673/1435 481/1659/1433 853/1607/1797
f 483/1685/1437 482/1673/1435 853/1607/1797
f 484/1697/1439 483/1685/1437 853/1607/1797
f 485/1683/1441 484/1697/1439 853/1607/1797
f 486/1671/1443 485/1683/1441 853/1607/1797
f 487/1657/1445 486/1671/1443 853/1607/1797
f 488/1646/1447 487/1657/1445 853/1607/1797
f 489/1636/1449 488/1646/1447 853/1607/1797
f 490/1627/1451 489/1636/1449 853/1607/1797
f 491/1620/1453 490/1627/1451 853/1607/1797
f 492/1612/1455 491/1620/1453 853/1607/1797
f 473/1603/1417 492/1612/1455 853/1607/1797
f 833/1751/1778 834/1741/1777 854/1750/1798
f 834/1741/1777 835/1740/1779 854/1750/1798
f 835/1740/1779 836/1749/1780 854/1750/1798
f 836/1749/1780 837/1760/1781 854/1750/1798
f 837/1760/1781 838/1767/1782 854/1750/1798
f 838/1767/1782 839/1774/1783 854/1750/1798
f 839/1774/1783 840/1781/1784 854/1750/1798
f 840/1781/1784 841/1788/1785 854/1750/1798
f 841/1788/1785 842/1797/1786 854/1750/1798
f 842/1797/1786 843/1805/1787 854/1750/1798
f 843/1805/1787 844/1815/1788 854/1750/1798
f 844/1815/1788 845/1816/1789 854/1750/1798
f 845/1816/1789 846/1806/1790 854/1750/1798
f 846/1806/1790 847/1798/1791 854/1750/1798
f 847/1798/1791 848/1789/1792 854/1750/1798
f 848/1789/1792 849/1782/1793 854/1750/1798
f 849/1782/1793 850/1775/1794 854/1750/1798
f 850/1775/1794 851/1768/1795 854/1750/1798
f 851/1768/1795 852/1761/1796 854/1750/1798
f 852/1761/1796 833/1751/1778 854/1750/1798
g default
v -9.108964 -0.205250 -10.758969
v -9.118563 -0.205250 -10.777808
v -9.133514 -0.205250 -10.792759
v -9.152354 -0.205250 -10.802358
v -9.173237 -0.205250 -10.805666
v -9.194121 -0.205250 -10.802358
v -9.212960 -0.205250 -10.792759
v -9.227911 -0.205250 -10.777808
v -9.237510 -0.205250 -10.758969
v -9.240818 -0.205250 -10.738085
v -9.237510 -0.205250 -10.717202
v -9.227911 -0.205250 -10.698362
v -9.212960 -0.205250 -10.683411
v -9.194121 -0.205250 -10.673812
v -9.173237 -0.205250 -10.670504
v -9.152354 -0.205250 -10.673812
v -9.133514 -0.205250 -10.683411
v -9.118563 -0.205250 -10.698362
v -9.108964 -0.205250 -10.717202
v -9.105657 -0.205250 -10.738085
v -9.046274 -0.189425 -10.779338
v -9.065236 -0.189425 -10.816553
v -9.094770 -0.189425 -10.846087
v -9.131984 -0.189425 -10.865049
v -9.173237 -0.189425 -10.871583
v -9.214490 -0.189425 -10.865049
v -9.251705 -0.189425 -10.846087
v -9.281239 -0.189425 -10.816553
v -9.300201 -0.189425 -10.779338
v -9.306735 -0.189425 -10.738085
v -9.300201 -0.189425 -10.696832
v -9.281239 -0.189425 -10.659617
v -9.251705 -0.189425 -10.630083
v -9.214490 -0.189425 -10.611122
v -9.173237 -0.189425 -10.604588
v -9.131984 -0.189425 -10.611122
v -9.094770 -0.189425 -10.630084
v -9.065236 -0.189425 -10.659617
v -9.046274 -0.189425 -10.696832
v -9.039740 -0.189425 -10.738085
v -8.986710 -0.163483 -10.798692
v -9.014567 -0.163483 -10.853366
v -9.057957 -0.163483 -10.896755
v -9.112631 -0.163483 -10.924613
v -9.173237 -0.163483 -10.934212
v -9.233844 -0.163483 -10.924613
v -9.288518 -0.163483 -10.896755
v -9.331907 -0.163483 -10.853366
v -9.359765 -0.163483 -10.798692
v -9.369364 -0.163483 -10.738085
v -9.359765 -0.163483 -10.677479
v -9.331907 -0.163483 -10.622805
v -9.288518 -0.163483 -10.579415
v -9.233844 -0.163483 -10.551557
v -9.173237 -0.163483 -10.541958
v -9.112631 -0.163483 -10.551557
v -9.057957 -0.163483 -10.579415
v -9.014567 -0.163483 -10.622805
v -8.986710 -0.163483 -10.677479
v -8.977111 -0.163483 -10.738085
v -8.931738 -0.128063 -10.816553
v -8.967806 -0.128063 -10.887340
v -9.023983 -0.128063 -10.943517
v -9.094770 -0.128063 -10.979584
v -9.173237 -0.128063 -10.992012
v -9.251705 -0.128063 -10.979584
v -9.322492 -0.128063 -10.943516
v -9.378669 -0.128063 -10.887340
v -9.414736 -0.128063 -10.816553
v -9.427164 -0.128063 -10.738085
v -9.414736 -0.128063 -10.659617
v -9.378669 -0.128063 -10.588831
v -9.322492 -0.128063 -10.532654
v -9.251705 -0.128063 -10.496586
v -9.173237 -0.128063 -10.484158
v -9.094770 -0.128063 -10.496586
v -9.023983 -0.128063 -10.532654
v -8.967806 -0.128063 -10.588831
v -8.931738 -0.128063 -10.659617
v -8.919310 -0.128063 -10.738085
v -8.882714 -0.084037 -10.832482
v -8.926103 -0.084037 -10.917639
v -8.993684 -0.084037 -10.985219
v -9.078840 -0.084037 -11.028609
v -9.173237 -0.084037 -11.043560
v -9.267634 -0.084037 -11.028609
v -9.352791 -0.084037 -10.985219
v -9.420372 -0.084037 -10.917639
v -9.463761 -0.084037 -10.832482
v -9.478712 -0.084037 -10.738085
v -9.463761 -0.084037 -10.643688
v -9.420372 -0.084037 -10.558532
v -9.352791 -0.084037 -10.490951
v -9.267634 -0.084037 -10.447561
v -9.173237 -0.084037 -10.432610
v -9.078841 -0.084037 -10.447561
v -8.993684 -0.084037 -10.490951
v -8.926103 -0.084037 -10.558532
v -8.882714 -0.084037 -10.643688
v -8.867763 -0.084037 -10.738085
v -8.840842 -0.032490 -10.846087
v -8.890485 -0.032490 -10.943517
v -8.967806 -0.032490 -11.020837
v -9.065236 -0.032490 -11.070480
v -9.173237 -0.032490 -11.087586
v -9.281239 -0.032490 -11.070480
v -9.378669 -0.032490 -11.020837
v -9.455989 -0.032490 -10.943516
v -9.505632 -0.032490 -10.846087
v -9.522738 -0.032490 -10.738085
v -9.505632 -0.032490 -10.630083
v -9.455989 -0.032490 -10.532654
v -9.378669 -0.032490 -10.455333
v -9.281239 -0.032490 -10.405690
v -9.173237 -0.032490 -10.388585
v -9.065236 -0.032490 -10.405690
v -8.967806 -0.032490 -10.455333
v -8.890485 -0.032490 -10.532654
v -8.840843 -0.032490 -10.630084
v -8.823737 -0.032490 -10.738085
v -8.807156 0.025310 -10.857032
v -8.861830 0.025310 -10.964336
v -8.946987 0.025310 -11.049493
v -9.054290 0.025310 -11.104167
v -9.173237 0.025310 -11.123006
v -9.292184 0.025310 -11.104167
v -9.399488 0.025310 -11.049493
v -9.484645 0.025310 -10.964336
v -9.539319 0.025310 -10.857032
v -9.558158 0.025310 -10.738085
v -9.539319 0.025310 -10.619138
v -9.484645 0.025310 -10.511834
v -9.399488 0.025310 -10.426678
v -9.292184 0.025310 -10.372004
v -9.173237 0.025310 -10.353165
v -9.054290 0.025310 -10.372004
v -8.946987 0.025310 -10.426678
v -8.861830 0.025310 -10.511834
v -8.807156 0.025310 -10.619138
v -8.788317 0.025310 -10.738085
v -8.782484 0.087940 -10.865049
v -8.840842 0.087940 -10.979584
v -8.931738 0.087940 -11.070480
v -9.046274 0.087940 -11.128839
v -9.173237 0.087940 -11.148948
v -9.300201 0.087940 -11.128839
v -9.414736 0.087940 -11.070480
v -9.505632 0.087940 -10.979584
v -9.563991 0.087940 -10.865049
v -9.584100 0.087940 -10.738085
v -9.563991 0.087940 -10.611122
v -9.505632 0.087940 -10.496586
v -9.414736 0.087940 -10.405690
v -9.300201 0.087940 -10.347332
v -9.173237 0.087940 -10.327223
v -9.046274 0.087940 -10.347332
v -8.931738 0.087940 -10.405690
v -8.840843 0.087940 -10.496586
v -8.782484 0.087940 -10.611122
v -8.762375 0.087940 -10.738085
v -8.767433 0.153857 -10.869939
v -8.828040 0.153857 -10.988886
v -8.922436 0.153857 -11.083283
v -9.041384 0.153857 -11.143889
v -9.173237 0.153857 -11.164773
v -9.305091 0.153857 -11.143889
v -9.424038 0.153857 -11.083283
v -9.518435 0.153857 -10.988886
v -9.579042 0.153857 -10.869939
v -9.599925 0.153857 -10.738085
v -9.579042 0.153857 -10.606231
v -9.518435 0.153857 -10.487284
v -9.424038 0.153857 -10.392887
v -9.305091 0.153857 -10.332281
v -9.173237 0.153857 -10.311397
v -9.041384 0.153857 -10.332281
v -8.922437 0.153857 -10.392887
v -8.828040 0.153857 -10.487284
v -8.767433 0.153857 -10.606231
v -8.746550 0.153857 -10.738085
v -8.762375 0.221437 -10.871583
v -8.823737 0.221437 -10.992012
v -8.919310 0.221437 -11.087586
v -9.039740 0.221437 -11.148948
v -9.173237 0.221437 -11.170092
v -9.306735 0.221437 -11.148948
v -9.427164 0.221437 -11.087586
v -9.522738 0.221437 -10.992012
v -9.584100 0.221437 -10.871582
v -9.605244 0.221437 -10.738085
v -9.584100 0.221437 -10.604588
v -9.522738 0.221437 -10.484158
v -9.427164 0.221437 -10.388585
v -9.306735 0.221437 -10.327223
v -9.173237 0.221437 -10.306079
v -9.039740 0.221437 -10.327223
v -8.919310 0.221437 -10.388585
v -8.823737 0.221437 -10.484158
v -8.762375 0.221437 -10.604588
v -8.741231 0.221437 -10.738085
v -8.767433 0.289018 -10.869939
v -8.828040 0.289018 -10.988886
v -8.922436 0.289018 -11.083283
v -9.041384 0.289018 -11.143889
v -9.173237 0.289018 -11.164773
v -9.305091 0.289018 -11.143889
v -9.424038 0.289018 -11.083283
v -9.518435 0.289018 -10.988886
v -9.579042 0.289018 -10.869939
v -9.599925 0.289018 -10.738085
v -9.579042 0.289018 -10.606231
v -9.518435 0.289018 -10.487284
v -9.424038 0.289018 -10.392887
v -9.305091 0.289018 -10.332281
v -9.173237 0.289018 -10.311397
v -9.041384 0.289018 -10.332281
v -8.922437 0.289018 -10.392887
v -8.828040 0.289018 -10.487284
v -8.767433 0.289018 -10.606231
v -8.746550 0.289018 -10.738085
v -8.782484 0.354935 -10.865049
v -8.840842 0.354935 -10.979584
v -8.931738 0.354935 -11.070480
v -9.046274 0.354935 -11.128839
v -9.173237 0.354935 -11.148948
v -9.300201 0.354935 -11.128839
v -9.414736 0.354935 -11.070480
v -9.505632 0.354935 -10.979584
v -9.563991 0.354935 -10.865049
v -9.584100 0.354935 -10.738085
v -9.563991 0.354935 -10.611122
v -9.505632 0.354935 -10.496586
v -9.414736 0.354935 -10.405690
v -9.300201 0.354935 -10.347332
v -9.173237 0.354935 -10.327223
v -9.046274 0.354935 -10.347332
v -8.931738 0.354935 -10.405690
v -8.840843 0.354935 -10.496586
v -8.782484 0.354935 -10.611122
v -8.762375 0.354935 -10.738085
v -8.807156 0.417564 -10.857032
v -8.861830 0.417564 -10.964336
v -8.946987 0.417564 -11.049493
v -9.054290 0.417564 -11.104167
v -9.173237 0.417564 -11.123006
v -9.292184 0.417564 -11.104167
v -9.399488 0.417564 -11.049493
v -9.484645 0.417564 -10.964336
v -9.539319 0.417564 -10.857032
v -9.558158 0.417564 -10.738085
v -9.539319 0.417564 -10.619138
v -9.484645 0.417564 -10.511834
v -9.399488 0.417564 -10.426678
v -9.292184 0.417564 -10.372004
v -9.173237 0.417564 -10.353165
v -9.054290 0.417564 -10.372004
v -8.946987 0.417564 -10.426678
v -8.861830 0.417564 -10.511834
v -8.807156 0.417564 -10.619138
v -8.788317 0.417564 -10.738085
v -8.840842 0.475364 -10.846087
v -8.890485 0.475364 -10.943517
v -8.967806 0.475364 -11.020837
v -9.065236 0.475364 -11.070480
v -9.173237 0.475364 -11.087586
v -9.281239 0.475364 -11.070480
v -9.378669 0.475364 -11.020837
v -9.455989 0.475364 -10.943516
v -9.505632 0.475364 -10.846087
v -9.522738 0.475364 -10.738085
v -9.505632 0.475364 -10.630083
v -9.455989 0.475364 -10.532654
v -9.378669 0.475364 -10.455333
v -9.281239 0.475364 -10.405690
v -9.173237 0.475364 -10.388585
v -9.065236 0.475364 -10.405690
v -8.967806 0.475364 -10.455333
v -8.890485 0.475364 -10.532654
v -8.840843 0.475364 -10.630084
v -8.823737 0.475364 -10.738085
v -8.882714 0.526912 -10.832482
v -8.926103 0.526912 -10.917639
v -8.993684 0.526912 -10.985219
v -9.078840 0.526912 -11.028609
v -9.173237 0.526912 -11.043560
v -9.267634 0.526912 -11.028609
v -9.352791 0.526912 -10.985219
v -9.420372 0.526912 -10.917639
v -9.463761 0.526912 -10.832482
v -9.478712 0.526912 -10.738085
v -9.463761 0.526912 -10.643688
v -9.420372 0.526912 -10.558532
v -9.352791 0.526912 -10.490951
v -9.267634 0.526912 -10.447561
v -9.173237 0.526912 -10.432610
v -9.078841 0.526912 -10.447561
v -8.993684 0.526912 -10.490951
v -8.926103 0.526912 -10.558532
v -8.882714 0.526912 -10.643688
v -8.867763 0.526912 -10.738085
v -8.931738 0.570938 -10.816553
v -8.967806 0.570938 -10.887340
v -9.023983 0.570938 -10.943517
v -9.094770 0.570938 -10.979584
v -9.173237 0.570938 -10.992012
v -9.251705 0.570938 -10.979584
v -9.322492 0.570938 -10.943516
v -9.378669 0.570938 -10.887340
v -9.414736 0.570938 -10.816553
v -9.427164 0.570938 -10.738085
v -9.414736 0.570938 -10.659617
v -9.378669 0.570938 -10.588831
v -9.322492 0.570938 -10.532654
v -9.251705 0.570938 -10.496586
v -9.173237 0.570938 -10.484158
v -9.094770 0.570938 -10.496586
v -9.023983 0.570938 -10.532654
v -8.967806 0.570938 -10.588831
v -8.931738 0.570938 -10.659617
v -8.919310 0.570938 -10.738085
v -8.986710 0.606358 -10.798692
v -9.014567 0.606358 -10.853366
v -9.057957 0.606358 -10.896755
v -9.112631 0.606358 -10.924613
v -9.173237 0.606358 -10.934212
v -9.233844 0.606358 -10.924613
v -9.288518 0.606358 -10.896755
v -9.331907 0.606358 -10.853366
v -9.359765 0.606358 -10.798692
v -9.369364 0.606358 -10.738085
v -9.359765 0.606358 -10.677479
v -9.331907 0.606358 -10.622805
v -9.288518 0.606358 -10.579415
v -9.233844 0.606358 -10.551557
v -9.173237 0.606358 -10.541958
v -9.112631 0.606358 -10.551557
v -9.057957 0.606358 -10.579415
v -9.014567 0.606358 -10.622805
v -8.986710 0.606358 -10.677479
v -8.977111 0.606358 -10.738085
v -9.046274 0.632300 -10.779338
v -9.065236 0.632300 -10.816553
v -9.094770 0.632300 -10.846087
v -9.131984 0.632300 -10.865049
v -9.173237 0.632300 -10.871583
v -9.214490 0.632300 -10.865049
v -9.251705 0.632300 -10.846087
v -9.281239 0.632300 -10.816553
v -9.300201 0.632300 -10.779338
v -9.306735 0.632300 -10.738085
v -9.300201 0.632300 -10.696832
v -9.281239 0.632300 -10.659617
v -9.251705 0.632300 -10.630083
v -9.214490 0.632300 -10.611122
v -9.173237 0.632300 -10.604588
v -9.131984 0.632300 -10.611122
v -9.094770 0.632300 -10.630084
v -9.065236 0.632300 -10.659617
v -9.046274 0.632300 -10.696832
v -9.039740 0.632300 -10.738085
v -9.108964 0.648125 -10.758969
v -9.118563 0.648125 -10.777808
v -9.133514 0.648125 -10.792759
v -9.152354 0.648125 -10.802358
v -9.173237 0.648125 -10.805666
v -9.194121 0.648125 -10.802358
v -9.212960 0.648125 -10.792759
v -9.227911 0.648125 -10.777808
v -9.237510 0.648125 -10.758969
v -9.240818 0.648125 -10.738085
v -9.237510 0.648125 -10.717202
v -9.227911 0.648125 -10.698362
v -9.212960 0.648125 -10.683411
v -9.194121 0.648125 -10.673812
v -9.173237 0.648125 -10.670504
v -9.152354 0.648125 -10.673812
v -9.133514 0.648125 -10.683411
v -9.118563 0.648125 -10.698362
v -9.108964 0.648125 -10.717202
v -9.105657 0.648125 -10.738085
v -9.173237 -0.210569 -10.738085
v -9.173237 0.653444 -10.738085
vt 0.845176 0.536451
vt 0.904565 0.536451
vt 0.913004 0.571114
vt 0.849613 0.571114
vt 0.839118 0.504461
vt 0.893042 0.504461
vt 0.951695 0.536451
vt 0.963312 0.571114
vt 0.918152 0.607596
vt 0.852319 0.607596
vt 0.779343 0.536451
vt 0.779343 0.571114
vt 0.831589 0.475931
vt 0.878719 0.475931
vt 0.935836 0.504461
vt 0.779343 0.504461
vt 0.970397 0.607596
vt 0.919883 0.645000
vt 0.853229 0.645000
vt 0.779343 0.607596
vt 0.713510 0.536451
vt 0.709073 0.571114
vt 0.822772 0.451564
vt 0.861950 0.451564
vt 0.916123 0.475931
vt 0.779343 0.475931
vt 0.719568 0.504461
vt 0.972779 0.645000
vt 0.918152 0.682403
vt 0.852319 0.682403
vt 0.779343 0.645000
vt 0.706367 0.607596
vt 0.654122 0.536451
vt 0.645683 0.571114
vt 0.779343 0.451564
vt 0.727098 0.475931
vt 0.665645 0.504461
vt 0.970397 0.682403
vt 0.913004 0.718885
vt 0.849613 0.718885
vt 0.779343 0.682403
vt 0.705458 0.645000
vt 0.640534 0.607596
vt 0.606991 0.536451
vt 0.595376 0.571114
vt 0.779343 0.431961
vt 0.812886 0.431961
vt 0.735914 0.451564
vt 0.679967 0.475931
vt 0.622851 0.504461
vt 0.963312 0.718885
vt 0.904565 0.753548
vt 0.845176 0.753548
vt 0.779343 0.718885
vt 0.706367 0.682403
vt 0.638804 0.645000
vt 0.588289 0.607596
vt 0.745800 0.431961
vt 0.696736 0.451564
vt 0.642564 0.475931
vt 0.951695 0.753548
vt 0.893042 0.785539
vt 0.839118 0.785539
vt 0.779343 0.753548
vt 0.709073 0.718885
vt 0.640534 0.682403
vt 0.585908 0.645000
vt 0.935836 0.785539
vt 0.878719 0.814068
vt 0.831589 0.814068
vt 0.779343 0.785539
vt 0.713510 0.753548
vt 0.645683 0.718885
vt 0.588289 0.682403
vt 0.916123 0.814068
vt 0.861950 0.838435
vt 0.822772 0.838435
vt 0.779343 0.814068
vt 0.719568 0.785539
vt 0.654122 0.753548
vt 0.595376 0.718885
vt 0.779343 0.838435
vt 0.727098 0.814068
vt 0.665645 0.785539
vt 0.606991 0.753548
vt 0.812886 0.858039
vt 0.779343 0.858039
vt 0.735914 0.838435
vt 0.679967 0.814068
vt 0.622851 0.785539
vt 0.745800 0.858039
vt 0.696736 0.838435
vt 0.642564 0.814068
vt 0.351499 0.106482
vt 0.410887 0.106482
vt 0.406451 0.141145
vt 0.343059 0.141145
vt 0.363022 0.074492
vt 0.416945 0.074492
vt 0.476720 0.106482
vt 0.476720 0.141145
vt 0.403744 0.177628
vt 0.337911 0.177628
vt 0.304368 0.106482
vt 0.292752 0.141145
vt 0.377344 0.045962
vt 0.424475 0.045962
vt 0.476720 0.074492
vt 0.320228 0.074492
vt 0.542553 0.106482
vt 0.546990 0.141145
vt 0.476720 0.177628
vt 0.402835 0.215031
vt 0.336181 0.215031
vt 0.285666 0.177628
vt 0.394113 0.021596
vt 0.433291 0.021596
vt 0.476720 0.045962
vt 0.339941 0.045962
vt 0.536495 0.074492
vt 0.601941 0.106482
vt 0.610381 0.141145
vt 0.549696 0.177628
vt 0.476720 0.215031
vt 0.403744 0.252434
vt 0.337911 0.252434
vt 0.283285 0.215031
vt 0.476720 0.021596
vt 0.528965 0.045962
vt 0.590419 0.074492
vt 0.649072 0.106482
vt 0.660688 0.141145
vt 0.615529 0.177628
vt 0.550606 0.215031
vt 0.476720 0.252434
vt 0.406451 0.288917
vt 0.343059 0.288917
vt 0.285666 0.252434
vt 0.443177 0.001992
vt 0.476720 0.001992
vt 0.520149 0.021596
vt 0.576096 0.045962
vt 0.633213 0.074492
vt 0.667774 0.177628
vt 0.617259 0.215031
vt 0.549696 0.252434
vt 0.476720 0.288917
vt 0.410887 0.323580
vt 0.351499 0.323580
vt 0.292752 0.288917
vt 0.510264 0.001992
vt 0.559327 0.021596
vt 0.613500 0.045962
vt 0.670155 0.215031
vt 0.615529 0.252434
vt 0.546990 0.288917
vt 0.476720 0.323580
vt 0.416945 0.355570
vt 0.363022 0.355570
vt 0.304368 0.323580
vt 0.667774 0.252434
vt 0.610381 0.288917
vt 0.542553 0.323580
vt 0.476720 0.355570
vt 0.424475 0.384100
vt 0.377344 0.384100
vt 0.320228 0.355570
vt 0.660688 0.288917
vt 0.601941 0.323580
vt 0.536495 0.355570
vt 0.476720 0.384100
vt 0.433291 0.408466
vt 0.394113 0.408466
vt 0.339941 0.384100
vt 0.649072 0.323580
vt 0.590419 0.355570
vt 0.528965 0.384100
vt 0.476720 0.408466
vt 0.633213 0.355570
vt 0.576096 0.384100
vt 0.520149 0.408466
vt 0.476720 0.428070
vt 0.443177 0.428070
vt 0.613500 0.384100
vt 0.559327 0.408466
vt 0.510264 0.428070
vt 0.174294 0.203473
vt 0.168981 0.193046
vt 0.198496 0.171602
vt 0.208991 0.192199
vt 0.138721 0.215031
vt 0.160706 0.184771
vt 0.182150 0.155256
vt 0.226539 0.151227
vt 0.241957 0.181488
vt 0.176124 0.215031
vt 0.212607 0.215031
vt 0.150280 0.179458
vt 0.161553 0.144761
vt 0.202525 0.127213
vt 0.252420 0.132424
vt 0.272382 0.171602
vt 0.247270 0.215031
vt 0.174294 0.226589
vt 0.208990 0.237863
vt 0.138721 0.177628
vt 0.138721 0.141145
vt 0.172264 0.111795
vt 0.221328 0.101332
vt 0.241957 0.248574
vt 0.168981 0.237016
vt 0.198496 0.258460
vt 0.127163 0.179458
vt 0.115889 0.144761
vt 0.138721 0.106482
vt 0.182150 0.081370
vt 0.238097 0.078252
vt 0.275501 0.115655
vt 0.226539 0.278834
vt 0.160706 0.245291
vt 0.182150 0.274806
vt 0.116736 0.184771
vt 0.095292 0.155256
vt 0.105178 0.111795
vt 0.138721 0.074492
vt 0.190966 0.054237
vt 0.272382 0.258460
vt 0.252419 0.297638
vt 0.202524 0.302849
vt 0.150279 0.250604
vt 0.161553 0.285301
vt 0.108461 0.193046
vt 0.078946 0.171602
vt 0.074918 0.127213
vt 0.095292 0.081370
vt 0.138721 0.045962
vt 0.198496 0.031063
vt 0.252420 0.058538
vt 0.221328 0.328730
vt 0.172264 0.318267
vt 0.138721 0.252434
vt 0.138721 0.288917
vt 0.103148 0.203473
vt 0.068452 0.192199
vt 0.050903 0.151227
vt 0.056114 0.101332
vt 0.086476 0.054237
vt 0.138721 0.021596
vt 0.204554 0.012419
vt 0.263942 0.042679
vt 0.275501 0.314407
vt 0.238097 0.351811
vt 0.182150 0.348692
vt 0.138721 0.323580
vt 0.127163 0.250604
vt 0.115889 0.285301
vt 0.101318 0.215031
vt 0.064835 0.215031
vt 0.035485 0.181488
vt 0.025023 0.132424
vt 0.039345 0.078252
vt 0.078946 0.031063
vt 0.138721 0.001992
vt 0.190966 0.375825
vt 0.138721 0.355570
vt 0.105178 0.318267
vt 0.116736 0.245291
vt 0.095292 0.274806
vt 0.103148 0.226589
vt 0.068452 0.237863
vt 0.030172 0.215031
vt 0.005060 0.171602
vt 0.001942 0.115655
vt 0.025023 0.058538
vt 0.072888 0.012419
vt 0.252419 0.371524
vt 0.198496 0.398999
vt 0.138721 0.384100
vt 0.095292 0.348692
vt 0.074918 0.302849
vt 0.108461 0.237016
vt 0.078946 0.258460
vt 0.035485 0.248574
vt 0.013500 0.042679
vt 0.263942 0.387383
vt 0.204554 0.417643
vt 0.138721 0.408466
vt 0.086476 0.375825
vt 0.056114 0.328730
vt 0.050903 0.278834
vt 0.138721 0.428070
vt 0.078946 0.398999
vt 0.039345 0.351811
vt 0.025023 0.297638
vt 0.005060 0.258460
vt 0.072888 0.417643
vt 0.025023 0.371524
vt 0.001942 0.314407
vt 0.013500 0.387383
vt 0.579927 0.744376
vt 0.542524 0.781779
vt 0.525755 0.758698
vt 0.556847 0.727607
vt 0.495393 0.805794
vt 0.486577 0.778660
vt 0.506951 0.732817
vt 0.530966 0.708803
vt 0.556847 0.801492
vt 0.502923 0.828968
vt 0.443148 0.814068
vt 0.443148 0.785539
vt 0.476691 0.748235
vt 0.486577 0.704774
vt 0.502923 0.688429
vt 0.576809 0.688429
vt 0.546384 0.678543
vt 0.568369 0.817352
vt 0.508981 0.847611
vt 0.443148 0.838435
vt 0.390903 0.805794
vt 0.399719 0.778660
vt 0.443148 0.753548
vt 0.465980 0.715269
vt 0.465133 0.675260
vt 0.473408 0.666984
vt 0.513418 0.667832
vt 0.443148 0.858039
vt 0.383373 0.828968
vt 0.343772 0.781779
vt 0.360541 0.758698
vt 0.409604 0.748235
vt 0.443148 0.718885
vt 0.454706 0.680572
vt 0.443148 0.645000
vt 0.478721 0.656558
vt 0.551697 0.645000
vt 0.517033 0.645000
vt 0.377315 0.847611
vt 0.329449 0.801492
vt 0.306368 0.744376
vt 0.329449 0.727607
vt 0.379344 0.732817
vt 0.420316 0.715269
vt 0.443148 0.682403
vt 0.480551 0.645000
vt 0.546384 0.611456
vt 0.513417 0.622167
vt 0.317927 0.817352
vt 0.355330 0.708803
vt 0.399719 0.704774
vt 0.431590 0.680572
vt 0.478721 0.633441
vt 0.530966 0.581196
vt 0.502923 0.601571
vt 0.309487 0.688429
vt 0.339912 0.678543
vt 0.383373 0.688429
vt 0.421163 0.675260
vt 0.473408 0.623015
vt 0.556846 0.562393
vt 0.576809 0.601571
vt 0.506951 0.557182
vt 0.486577 0.585225
vt 0.372878 0.667832
vt 0.412888 0.666984
vt 0.465133 0.614740
vt 0.525755 0.531301
vt 0.476691 0.541764
vt 0.465980 0.574730
vt 0.334599 0.645000
vt 0.369262 0.645000
vt 0.407575 0.656558
vt 0.454706 0.609427
vt 0.542524 0.508220
vt 0.579927 0.545623
vt 0.486577 0.511339
vt 0.443148 0.536451
vt 0.443148 0.571114
vt 0.339912 0.611456
vt 0.372878 0.622167
vt 0.405745 0.645000
vt 0.443148 0.607596
vt 0.495393 0.484205
vt 0.443148 0.504461
vt 0.409604 0.541764
vt 0.420316 0.574730
vt 0.355330 0.581196
vt 0.383373 0.601571
vt 0.407575 0.633441
vt 0.431590 0.609427
vt 0.502923 0.461032
vt 0.556846 0.488507
vt 0.443148 0.475931
vt 0.399719 0.511339
vt 0.379344 0.557182
vt 0.399719 0.585225
vt 0.309487 0.601571
vt 0.329449 0.562393
vt 0.412888 0.623015
vt 0.421163 0.614740
vt 0.508981 0.442388
vt 0.568369 0.472648
vt 0.443148 0.451564
vt 0.390903 0.484205
vt 0.360541 0.531301
vt 0.443148 0.431961
vt 0.383373 0.461032
vt 0.343772 0.508220
vt 0.306368 0.545623
vt 0.377315 0.442388
vt 0.329449 0.488507
vt 0.317927 0.472648
vt 0.300388 0.447278
vt 0.300388 0.506668
vt 0.265726 0.502231
vt 0.265726 0.438839
vt 0.300388 0.572500
vt 0.265726 0.572500
vt 0.229242 0.499523
vt 0.229242 0.433691
vt 0.300388 0.638332
vt 0.265726 0.642769
vt 0.229242 0.572500
vt 0.191839 0.498614
vt 0.191839 0.431961
vt 0.300388 0.697721
vt 0.265726 0.706161
vt 0.229242 0.645477
vt 0.191839 0.572500
vt 0.154436 0.499523
vt 0.154436 0.433691
vt 0.229242 0.711309
vt 0.191839 0.646386
vt 0.154436 0.572500
vt 0.117953 0.502231
vt 0.117953 0.438839
vt 0.191839 0.713039
vt 0.154436 0.645477
vt 0.117953 0.572500
vt 0.083291 0.506668
vt 0.083291 0.447278
vt 0.154436 0.711309
vt 0.117953 0.642769
vt 0.083291 0.572500
vt 0.117953 0.706161
vt 0.083291 0.638332
vt 0.083291 0.697721
vt 0.001942 0.982690
vt 0.001942 0.923302
vt 0.036605 0.927739
vt 0.036605 0.991130
vt 0.001942 0.857469
vt 0.036605 0.857469
vt 0.073087 0.930445
vt 0.073087 0.996278
vt 0.001942 0.791636
vt 0.036605 0.787200
vt 0.073087 0.857469
vt 0.110490 0.931354
vt 0.110490 0.998008
vt 0.001942 0.732248
vt 0.036605 0.723808
vt 0.073087 0.784493
vt 0.110490 0.857469
vt 0.147894 0.930445
vt 0.147894 0.996278
vt 0.073087 0.718660
vt 0.110490 0.783583
vt 0.147894 0.857469
vt 0.184376 0.927739
vt 0.184376 0.991130
vt 0.110490 0.716930
vt 0.147894 0.784493
vt 0.184376 0.857469
vt 0.219039 0.923302
vt 0.219039 0.982690
vt 0.147894 0.718660
vt 0.184376 0.787200
vt 0.219039 0.857469
vt 0.184376 0.723808
vt 0.219039 0.791636
vt 0.219039 0.732248
vn 0.190555 -0.979722 -0.061915
vn 0.162096 -0.979722 -0.117770
vn 0.269870 -0.942723 -0.196072
vn 0.317252 -0.942722 -0.103081
vn 0.117769 -0.979722 -0.162095
vn 0.196072 -0.942723 -0.269870
vn 0.061915 -0.979722 -0.190555
vn 0.103081 -0.942723 -0.317251
vn -0.000000 -0.979722 -0.200361
vn -0.000000 -0.942723 -0.333578
vn -0.061915 -0.979722 -0.190555
vn -0.103081 -0.942722 -0.317252
vn -0.117769 -0.979722 -0.162096
vn -0.196072 -0.942722 -0.269871
vn -0.162096 -0.979722 -0.117770
vn -0.269870 -0.942722 -0.196072
vn -0.190555 -0.979722 -0.061915
vn -0.317252 -0.942722 -0.103081
vn -0.200361 -0.979722 0.000000
vn -0.333578 -0.942722 -0.000000
vn -0.190555 -0.979722 0.061915
vn -0.317252 -0.942722 0.103081
vn -0.162096 -0.979722 0.117769
vn -0.269870 -0.942722 0.196072
vn -0.117769 -0.979722 0.162095
vn -0.196072 -0.942722 0.269870
vn -0.061915 -0.979722 0.190555
vn -0.103081 -0.942722 0.317252
vn 0.000000 -0.979722 0.200361
vn 0.000000 -0.942722 0.333578
vn 0.061915 -0.979722 0.190555
vn 0.103081 -0.942722 0.317252
vn 0.117769 -0.979722 0.162096
vn 0.196072 -0.942722 0.269870
vn 0.162096 -0.979722 0.117769
vn 0.269870 -0.942722 0.196072
vn 0.190555 -0.979722 0.061915
vn 0.317252 -0.942722 0.103081
vn 0.200361 -0.979722 0.000001
vn 0.333578 -0.942722 0.000000
vn 0.380846 -0.882266 -0.276701
vn 0.447712 -0.882266 -0.145470
vn 0.276701 -0.882266 -0.380846
vn 0.145470 -0.882266 -0.447711
vn -0.000000 -0.882266 -0.470752
vn -0.145470 -0.882266 -0.447711
vn -0.276701 -0.882266 -0.380846
vn -0.380846 -0.882266 -0.276701
vn -0.447712 -0.882266 -0.145470
vn -0.470752 -0.882266 0.000000
vn -0.447712 -0.882266 0.145470
vn -0.380846 -0.882266 0.276701
vn -0.276701 -0.882266 0.380846
vn -0.145470 -0.882266 0.447712
vn 0.000000 -0.882266 0.470752
vn 0.145470 -0.882266 0.447712
vn 0.276701 -0.882266 0.380846
vn 0.380846 -0.882266 0.276701
vn 0.447712 -0.882266 0.145470
vn 0.470752 -0.882266 0.000000
vn 0.485138 -0.800252 -0.352474
vn 0.570314 -0.800252 -0.185306
vn 0.352473 -0.800252 -0.485138
vn 0.185306 -0.800252 -0.570314
vn -0.000000 -0.800252 -0.599664
vn -0.185307 -0.800252 -0.570314
vn -0.352474 -0.800252 -0.485138
vn -0.485138 -0.800252 -0.352474
vn -0.570314 -0.800252 -0.185306
vn -0.599664 -0.800252 0.000000
vn -0.570314 -0.800252 0.185306
vn -0.485138 -0.800252 0.352474
vn -0.352474 -0.800252 0.485139
vn -0.185306 -0.800252 0.570314
vn 0.000000 -0.800252 0.599664
vn 0.185306 -0.800252 0.570314
vn 0.352474 -0.800252 0.485139
vn 0.485138 -0.800252 0.352474
vn 0.570315 -0.800252 0.185306
vn 0.599664 -0.800252 0.000001
vn 0.578713 -0.698789 -0.420459
vn 0.680318 -0.698789 -0.221048
vn 0.420459 -0.698789 -0.578713
vn 0.221049 -0.698789 -0.680318
vn -0.000000 -0.698789 -0.715328
vn -0.221049 -0.698789 -0.680318
vn -0.420460 -0.698789 -0.578713
vn -0.578713 -0.698789 -0.420459
vn -0.680318 -0.698788 -0.221049
vn -0.715328 -0.698788 -0.000000
vn -0.680318 -0.698789 0.221049
vn -0.578713 -0.698789 0.420460
vn -0.420459 -0.698788 0.578713
vn -0.221049 -0.698788 0.680318
vn -0.000000 -0.698789 0.715328
vn 0.221049 -0.698789 0.680318
vn 0.420460 -0.698788 0.578713
vn 0.578713 -0.698788 0.420459
vn 0.680318 -0.698788 0.221049
vn 0.715328 -0.698788 0.000001
vn 0.658808 -0.580401 -0.478652
vn 0.774475 -0.580401 -0.251641
vn 0.478652 -0.580401 -0.658808
vn 0.251642 -0.580401 -0.774475
vn -0.000000 -0.580401 -0.814331
vn -0.251642 -0.580401 -0.774475
vn -0.478652 -0.580401 -0.658808
vn -0.658808 -0.580401 -0.478652
vn -0.774475 -0.580401 -0.251642
vn -0.814331 -0.580401 -0.000000
vn -0.774475 -0.580401 0.251642
vn -0.658808 -0.580401 0.478652
vn -0.478652 -0.580401 0.658808
vn -0.251642 -0.580401 0.774475
vn 0.000000 -0.580401 0.814331
vn 0.251642 -0.580401 0.774475
vn 0.478652 -0.580401 0.658808
vn 0.658808 -0.580401 0.478652
vn 0.774475 -0.580401 0.251642
vn 0.814331 -0.580401 0.000001
vn 0.723291 -0.447994 -0.525502
vn 0.850280 -0.447994 -0.276272
vn 0.525501 -0.447994 -0.723291
vn 0.276272 -0.447994 -0.850279
vn -0.000000 -0.447994 -0.894037
vn -0.276273 -0.447994 -0.850279
vn -0.525502 -0.447994 -0.723291
vn -0.723291 -0.447994 -0.525501
vn -0.850279 -0.447994 -0.276272
vn -0.894037 -0.447994 -0.000000
vn -0.850279 -0.447994 0.276272
vn -0.723291 -0.447994 0.525502
vn -0.525502 -0.447994 0.723291
vn -0.276273 -0.447994 0.850279
vn 0.000000 -0.447994 0.894037
vn 0.276273 -0.447994 0.850279
vn 0.525502 -0.447994 0.723291
vn 0.723291 -0.447994 0.525502
vn 0.850280 -0.447994 0.276273
vn 0.894037 -0.447994 0.000001
vn 0.770524 -0.304789 -0.559819
vn 0.905806 -0.304789 -0.294313
vn 0.559818 -0.304789 -0.770524
vn 0.294314 -0.304789 -0.905805
vn -0.000000 -0.304789 -0.952420
vn -0.294314 -0.304789 -0.905805
vn -0.559819 -0.304789 -0.770524
vn -0.770524 -0.304789 -0.559818
vn -0.905805 -0.304789 -0.294314
vn -0.952420 -0.304789 -0.000000
vn -0.905805 -0.304789 0.294314
vn -0.770524 -0.304788 0.559819
vn -0.559818 -0.304788 0.770524
vn -0.294314 -0.304789 0.905805
vn 0.000000 -0.304789 0.952420
vn 0.294314 -0.304789 0.905805
vn 0.559818 -0.304789 0.770524
vn 0.770524 -0.304789 0.559818
vn 0.905805 -0.304789 0.294314
vn 0.952420 -0.304788 0.000001
vn 0.799335 -0.154249 -0.580751
vn 0.939675 -0.154249 -0.305318
vn 0.580751 -0.154249 -0.799335
vn 0.305319 -0.154249 -0.939674
vn 0.000000 -0.154249 -0.988032
vn -0.305319 -0.154249 -0.939674
vn -0.580751 -0.154249 -0.799335
vn -0.799335 -0.154249 -0.580751
vn -0.939674 -0.154248 -0.305319
vn -0.988032 -0.154248 0.000000
vn -0.939674 -0.154248 0.305319
vn -0.799335 -0.154248 0.580751
vn -0.580751 -0.154249 0.799335
vn -0.305319 -0.154249 0.939674
vn 0.000000 -0.154249 0.988032
vn 0.305319 -0.154249 0.939674
vn 0.580751 -0.154249 0.799335
vn 0.799335 -0.154249 0.580751
vn 0.939674 -0.154249 0.305319
vn 0.988032 -0.154249 0.000001
vn 0.809017 0.000000 -0.587785
vn 0.951057 -0.000000 -0.309016
vn 0.587785 -0.000000 -0.809017
vn 0.309017 -0.000000 -0.951057
vn 0.000000 0.000000 -1.000000
vn -0.309017 -0.000000 -0.951056
vn -0.587785 -0.000000 -0.809017
vn -0.809017 0.000000 -0.587785
vn -0.951056 0.000000 -0.309017
vn -1.000000 -0.000000 0.000000
vn -0.951057 -0.000000 0.309017
vn -0.809017 0.000000 0.587785
vn -0.587785 -0.000000 0.809017
vn -0.309017 -0.000000 0.951056
vn 0.000000 0.000000 1.000000
vn 0.309017 -0.000000 0.951056
vn 0.587785 -0.000000 0.809017
vn 0.809017 -0.000000 0.587785
vn 0.951056 0.000000 0.309017
vn 1.000000 0.000000 0.000001
vn 0.799335 0.154249 -0.580751
vn 0.939675 0.154249 -0.305318
vn 0.580751 0.154249 -0.799335
vn 0.305319 0.154249 -0.939674
vn 0.000000 0.154249 -0.988032
vn -0.305319 0.154249 -0.939674
vn -0.580751 0.154249 -0.799335
vn -0.799335 0.154249 -0.580751
vn -0.939674 0.154248 -0.305319
vn -0.988032 0.154248 0.000000
vn -0.939674 0.154248 0.305319
vn -0.799335 0.154248 0.580751
vn -0.580751 0.154249 0.799335
vn -0.305319 0.154249 0.939674
vn 0.000000 0.154249 0.988032
vn 0.305319 0.154249 0.939674
vn 0.580751 0.154249 0.799335
vn 0.799335 0.154249 0.580751
vn 0.939674 0.154249 0.305319
vn 0.988032 0.154249 0.000001
vn 0.770524 0.304789 -0.559819
vn 0.905806 0.304789 -0.294313
vn 0.559818 0.304789 -0.770524
vn 0.294314 0.304789 -0.905805
vn -0.000000 0.304789 -0.952420
vn -0.294314 0.304789 -0.905805
vn -0.559819 0.304789 -0.770524
vn -0.770524 0.304789 -0.559818
vn -0.905805 0.304789 -0.294314
vn -0.952420 0.304789 -0.000000
vn -0.905805 0.304789 0.294314
vn -0.770524 0.304788 0.559819
vn -0.559818 0.304788 0.770524
vn -0.294314 0.304789 0.905805
vn 0.000000 0.304789 0.952420
vn 0.294314 0.304789 0.905805
vn 0.559818 0.304789 0.770524
vn 0.770524 0.304789 0.559818
vn 0.905805 0.304788 0.294314
vn 0.952420 0.304789 0.000001
vn 0.723291 0.447994 -0.525502
vn 0.850280 0.447994 -0.276272
vn 0.525501 0.447994 -0.723291
vn 0.276272 0.447994 -0.850279
vn -0.000000 0.447994 -0.894037
vn -0.276273 0.447994 -0.850279
vn -0.525502 0.447994 -0.723291
vn -0.723291 0.447994 -0.525501
vn -0.850279 0.447994 -0.276273
vn -0.894037 0.447994 -0.000000
vn -0.850279 0.447994 0.276272
vn -0.723291 0.447994 0.525502
vn -0.525502 0.447994 0.723291
vn -0.276273 0.447994 0.850279
vn 0.000000 0.447994 0.894037
vn 0.276273 0.447994 0.850280
vn 0.525502 0.447994 0.723291
vn 0.723291 0.447994 0.525502
vn 0.850280 0.447994 0.276273
vn 0.894037 0.447994 0.000001
vn 0.658808 0.580401 -0.478652
vn 0.774475 0.580401 -0.251641
vn 0.478652 0.580401 -0.658808
vn 0.251642 0.580401 -0.774475
vn -0.000000 0.580401 -0.814331
vn -0.251642 0.580401 -0.774475
vn -0.478652 0.580401 -0.658808
vn -0.658808 0.580401 -0.478652
vn -0.774475 0.580401 -0.251642
vn -0.814331 0.580401 -0.000000
vn -0.774475 0.580401 0.251642
vn -0.658808 0.580401 0.478652
vn -0.478652 0.580401 0.658808
vn -0.251642 0.580401 0.774475
vn 0.000000 0.580401 0.814331
vn 0.251642 0.580401 0.774475
vn 0.478652 0.580401 0.658808
vn 0.658808 0.580401 0.478652
vn 0.774475 0.580401 0.251642
vn 0.814331 0.580401 0.000001
vn 0.578712 0.698789 -0.420459
vn 0.680318 0.698789 -0.221048
vn 0.420459 0.698789 -0.578713
vn 0.221049 0.698789 -0.680318
vn -0.000000 0.698789 -0.715328
vn -0.221049 0.698789 -0.680318
vn -0.420460 0.698789 -0.578713
vn -0.578713 0.698789 -0.420459
vn -0.680318 0.698789 -0.221049
vn -0.715328 0.698789 0.000000
vn -0.680318 0.698789 0.221049
vn -0.578713 0.698789 0.420460
vn -0.420459 0.698788 0.578713
vn -0.221049 0.698788 0.680318
vn -0.000000 0.698788 0.715328
vn 0.221049 0.698789 0.680318
vn 0.420460 0.698788 0.578713
vn 0.578713 0.698788 0.420460
vn 0.680318 0.698788 0.221049
vn 0.715328 0.698788 0.000001
vn 0.485138 0.800252 -0.352474
vn 0.570314 0.800252 -0.185306
vn 0.352473 0.800252 -0.485138
vn 0.185306 0.800252 -0.570314
vn -0.000000 0.800252 -0.599664
vn -0.185307 0.800252 -0.570314
vn -0.352474 0.800252 -0.485138
vn -0.485138 0.800252 -0.352474
vn -0.570314 0.800252 -0.185306
vn -0.599664 0.800252 0.000000
vn -0.570314 0.800252 0.185306
vn -0.485138 0.800252 0.352474
vn -0.352474 0.800252 0.485138
vn -0.185306 0.800252 0.570314
vn 0.000000 0.800252 0.599664
vn 0.185306 0.800252 0.570315
vn 0.352474 0.800252 0.485139
vn 0.485139 0.800252 0.352474
vn 0.570314 0.800252 0.185306
vn 0.599664 0.800252 0.000001
vn 0.380846 0.882266 -0.276701
vn 0.447711 0.882266 -0.145470
vn 0.276701 0.882266 -0.380846
vn 0.145470 0.882266 -0.447712
vn -0.000000 0.882266 -0.470752
vn -0.145470 0.882266 -0.447711
vn -0.276701 0.882266 -0.380846
vn -0.380846 0.882266 -0.276701
vn -0.447712 0.882266 -0.145470
vn -0.470752 0.882266 0.000000
vn -0.447712 0.882266 0.145471
vn -0.380846 0.882266 0.276701
vn -0.276701 0.882266 0.380846
vn -0.145470 0.882266 0.447712
vn 0.000000 0.882266 0.470752
vn 0.145470 0.882266 0.447712
vn 0.276701 0.882266 0.380846
vn 0.380846 0.882266 0.276701
vn 0.447712 0.882266 0.145470
vn 0.470752 0.882266 0.000000
vn 0.269870 0.942722 -0.196073
vn 0.317252 0.942722 -0.103081
vn 0.196072 0.942722 -0.269871
vn 0.103081 0.942723 -0.317251
vn -0.000000 0.942723 -0.333578
vn -0.103081 0.942723 -0.317251
vn -0.196072 0.942722 -0.269870
vn -0.269870 0.942723 -0.196072
vn -0.317252 0.942722 -0.103081
vn -0.333578 0.942722 0.000000
vn -0.317252 0.942722 0.103082
vn -0.269870 0.942722 0.196072
vn -0.196072 0.942722 0.269870
vn -0.103081 0.942722 0.317252
vn 0.000000 0.942722 0.333578
vn 0.103081 0.942722 0.317252
vn 0.196072 0.942722 0.269870
vn 0.269870 0.942722 0.196072
vn 0.317252 0.942722 0.103081
vn 0.333578 0.942722 0.000000
vn 0.162096 0.979722 -0.117769
vn 0.190555 0.979722 -0.061915
vn 0.117769 0.979722 -0.162096
vn 0.061915 0.979722 -0.190555
vn -0.000000 0.979722 -0.200361
vn -0.061915 0.979722 -0.190555
vn -0.117769 0.979722 -0.162095
vn -0.162096 0.979722 -0.117769
vn -0.190555 0.979722 -0.061915
vn -0.200361 0.979722 0.000000
vn -0.190555 0.979722 0.061915
vn -0.162096 0.979722 0.117769
vn -0.117769 0.979722 0.162096
vn -0.061915 0.979722 0.190555
vn 0.000000 0.979722 0.200361
vn 0.061915 0.979722 0.190555
vn 0.117769 0.979722 0.162096
vn 0.162096 0.979722 0.117769
vn 0.190555 0.979722 0.061915
vn 0.200361 0.979722 0.000001
vn -0.000000 -1.000000 -0.000000
vn -0.000000 1.000000 0.000000
s 1
g pasted__pSphere5
usemtl pasted__standardSurface4SG2
f 855/2085/1799 856/2086/1800 876/2087/1801 875/2088/1802
f 856/2086/1800 857/2090/1803 877/2091/1804 876/2087/1801
f 857/2090/1803 858/2096/1805 878/2097/1806 877/2091/1804
f 858/2096/1805 859/2104/1807 879/2105/1808 878/2097/1806
f 859/2104/1807 860/2111/1809 880/2112/1810 879/2105/1808
f 860/2111/1809 861/2120/1811 881/2121/1812 880/2112/1810
f 861/2120/1811 862/2130/1813 882/2131/1814 881/2121/1812
f 862/2130/1813 863/2141/1815 883/2142/1816 882/2131/1814
f 863/2141/1815 864/2155/1817 884/2156/1818 883/2142/1816
f 864/2155/1817 865/2167/1819 885/2168/1820 884/2156/1818
f 865/2167/1819 866/2179/1821 886/2180/1822 885/2168/1820
f 866/2179/1821 867/2165/1823 887/2166/1824 886/2180/1822
f 867/2165/1823 868/2153/1825 888/2154/1826 887/2166/1824
f 868/2153/1825 869/2139/1827 889/2140/1828 888/2154/1826
f 869/2139/1827 870/2128/1829 890/2129/1830 889/2140/1828
f 870/2128/1829 871/2118/1831 891/2119/1832 890/2129/1830
f 871/2118/1831 872/2109/1833 892/2110/1834 891/2119/1832
f 872/2109/1833 873/2102/1835 893/2103/1836 892/2110/1834
f 873/2102/1835 874/2094/1837 894/2095/1838 893/2103/1836
f 874/2094/1837 855/2085/1799 875/2088/1802 894/2095/1838
f 875/2088/1802 876/2087/1801 896/2092/1839 895/2093/1840
f 876/2087/1801 877/2091/1804 897/2098/1841 896/2092/1839
f 877/2091/1804 878/2097/1806 898/2106/1842 897/2098/1841
f 878/2097/1806 879/2105/1808 899/2113/1843 898/2106/1842
f 879/2105/1808 880/2112/1810 900/2122/1844 899/2113/1843
f 880/2112/1810 881/2121/1812 901/2132/1845 900/2122/1844
f 881/2121/1812 882/2131/1814 902/2143/1846 901/2132/1845
f 882/2131/1814 883/2142/1816 903/2157/1847 902/2143/1846
f 883/2142/1816 884/2156/1818 904/2169/1848 903/2157/1847
f 884/2156/1818 885/2168/1820 905/2181/1849 904/2169/1848
f 885/2168/1820 886/2180/1822 906/2188/1850 905/2181/1849
f 886/2180/1822 887/2166/1824 907/2178/1851 906/2188/1850
f 887/2166/1824 888/2154/1826 908/2164/1852 907/2178/1851
f 888/2154/1826 889/2140/1828 909/2152/1853 908/2164/1852
f 889/2140/1828 890/2129/1830 910/2138/1854 909/2152/1853
f 890/2129/1830 891/2119/1832 911/2127/1855 910/2138/1854
f 891/2119/1832 892/2110/1834 912/2117/1856 911/2127/1855
f 892/2110/1834 893/2103/1836 913/2108/1857 912/2117/1856
f 893/2103/1836 894/2095/1838 914/2101/1858 913/2108/1857
f 894/2095/1838 875/2088/1802 895/2093/1840 914/2101/1858
f 895/2093/1840 896/2092/1839 916/2099/1859 915/2100/1860
f 896/2092/1839 897/2098/1841 917/2107/1861 916/2099/1859
f 897/2098/1841 898/2106/1842 918/2114/1862 917/2107/1861
f 898/2106/1842 899/2113/1843 919/2123/1863 918/2114/1862
f 899/2113/1843 900/2122/1844 920/2133/1864 919/2123/1863
f 900/2122/1844 901/2132/1845 921/2144/1865 920/2133/1864
f 901/2132/1845 902/2143/1846 922/2158/1866 921/2144/1865
f 902/2143/1846 903/2157/1847 923/2170/1867 922/2158/1866
f 903/2037/1847 904/2038/1848 924/2026/1868 923/2015/1867
f 904/2038/1848 905/2049/1849 925/2039/1869 924/2026/1868
f 905/2181/1849 906/2188/1850 926/2192/1870 925/2193/1869
f 906/2188/1850 907/2178/1851 927/2187/1871 926/2192/1870
f 907/2178/1851 908/2164/1852 928/2177/1872 927/2187/1871
f 908/2164/1852 909/2152/1853 929/2163/1873 928/2177/1872
f 909/2152/1853 910/2138/1854 930/2151/1874 929/2163/1873
f 910/2138/1854 911/2127/1855 931/2137/1875 930/2151/1874
f 911/2127/1855 912/2117/1856 932/2126/1876 931/2137/1875
f 912/2117/1856 913/2108/1857 933/2125/1877 932/2126/1876
f 913/1956/1857 914/1944/1858 934/1933/1878 933/1946/1877
f 914/1944/1858 895/1945/1840 915/1921/1860 934/1933/1878
f 915/1921/1860 916/1922/1859 936/1912/1879 935/1911/1880
f 916/2099/1859 917/2107/1861 937/2115/1881 936/2116/1879
f 917/2107/1861 918/2114/1862 938/2124/1882 937/2115/1881
f 918/2114/1862 919/2123/1863 939/2134/1883 938/2124/1882
f 919/2123/1863 920/2133/1864 940/2145/1884 939/2134/1883
f 920/2133/1864 921/2144/1865 941/2159/1885 940/2145/1884
f 921/2144/1865 922/2158/1866 942/2171/1886 941/2159/1885
f 922/2014/1866 923/2015/1867 943/2005/1887 942/2004/1886
f 923/2015/1867 924/2026/1868 944/2016/1888 943/2005/1887
f 924/2026/1868 925/2039/1869 945/2027/1889 944/2016/1888
f 925/2039/1869 926/2050/1870 946/2040/1890 945/2027/1889
f 926/2192/1870 927/2187/1871 947/2191/1891 946/2196/1890
f 927/2187/1871 928/2177/1872 948/2186/1892 947/2191/1891
f 928/2177/1872 929/2163/1873 949/2176/1893 948/2186/1892
f 929/2163/1873 930/2151/1874 950/2162/1894 949/2176/1893
f 930/2151/1874 931/2137/1875 951/2150/1895 950/2162/1894
f 931/2137/1875 932/2126/1876 952/2149/1896 951/2150/1895
f 932/1957/1876 933/1946/1877 953/1934/1897 952/1947/1896
f 933/1946/1877 934/1933/1878 954/1924/1898 953/1934/1897
f 934/1933/1878 915/1921/1860 935/1911/1880 954/1924/1898
f 935/1911/1880 936/1912/1879 956/1904/1899 955/1903/1900
f 936/1912/1879 937/1923/1881 957/1913/1901 956/1904/1899
f 937/2115/1881 938/2124/1882 958/2135/1902 957/2136/1901
f 938/2124/1882 939/2134/1883 959/2146/1903 958/2135/1902
f 939/2134/1883 940/2145/1884 960/2160/1904 959/2146/1903
f 940/2145/1884 941/2159/1885 961/2172/1905 960/2160/1904
f 941/2017/1885 942/2004/1886 962/1996/1906 961/2007/1905
f 942/2004/1886 943/2005/1887 963/1997/1907 962/1996/1906
f 943/2005/1887 944/2016/1888 964/2006/1908 963/1997/1907
f 944/2016/1888 945/2027/1889 965/2018/1909 964/2006/1908
f 945/2027/1889 946/2040/1890 966/2028/1910 965/2018/1909
f 946/2040/1890 947/2051/1891 967/2041/1911 966/2028/1910
f 947/2191/1891 948/2186/1892 968/2190/1912 967/2195/1911
f 948/2186/1892 949/2176/1893 969/2185/1913 968/2190/1912
f 949/2176/1893 950/2162/1894 970/2175/1914 969/2185/1913
f 950/2162/1894 951/2150/1895 971/2174/1915 970/2175/1914
f 951/1958/1895 952/1947/1896 972/1935/1916 971/1948/1915
f 952/1947/1896 953/1934/1897 973/1925/1917 972/1935/1916
f 953/1934/1897 954/1924/1898 974/1914/1918 973/1925/1917
f 954/1924/1898 935/1911/1880 955/1903/1900 974/1914/1918
f 955/1903/1900 956/1904/1899 976/1900/1919 975/1899/1920
f 956/1904/1899 957/1913/1901 977/1905/1921 976/1900/1919
f 957/2136/1901 958/2135/1902 978/2147/1922 977/2148/1921
f 958/2135/1902 959/2146/1903 979/2161/1923 978/2147/1922
f 959/2146/1903 960/2160/1904 980/2173/1924 979/2161/1923
f 960/2160/1904 961/2172/1905 981/2182/1925 980/2173/1924
f 961/2007/1905 962/1996/1906 982/1992/1926 981/2002/1925
f 962/1996/1906 963/1997/1907 983/1993/1927 982/1992/1926
f 963/1997/1907 964/2006/1908 984/1998/1928 983/1993/1927
f 964/2006/1908 965/2018/1909 985/2008/1929 984/1998/1928
f 965/2018/1909 966/2028/1910 986/2019/1930 985/2008/1929
f 966/2028/1910 967/2041/1911 987/2029/1931 986/2019/1930
f 967/2195/1911 968/2190/1912 988/2194/1932 987/2197/1931
f 968/2190/1912 969/2185/1913 989/2189/1933 988/2194/1932
f 969/2185/1913 970/2175/1914 990/2184/1934 989/2189/1933
f 970/2175/1914 971/2174/1915 991/2183/1935 990/2184/1934
f 971/1948/1915 972/1935/1916 992/1931/1936 991/1942/1935
f 972/1935/1916 973/1925/1917 993/1919/1937 992/1931/1936
f 973/1925/1917 974/1914/1918 994/1909/1938 993/1919/1937
f 974/1914/1918 955/1903/1900 975/1899/1920 994/1909/1938
f 975/1899/1920 976/1900/1919 996/1901/1939 995/1902/1940
f 976/1900/1919 977/1905/1921 997/1906/1941 996/1901/1939
f 977/2311/1921 978/2312/1922 998/2313/1942 997/2314/1941
f 978/2312/1922 979/2315/1923 999/2316/1943 998/2313/1942
f 979/2315/1923 980/2319/1924 1000/2320/1944 999/2316/1943
f 980/2319/1924 981/2324/1925 1001/2325/1945 1000/2320/1944
f 981/2002/1925 982/1992/1926 1002/1995/1946 1001/2003/1945
f 982/1992/1926 983/1993/1927 1003/1994/1947 1002/1995/1946
f 983/1993/1927 984/1998/1928 1004/1999/1948 1003/1994/1947
f 984/1998/1928 985/2008/1929 1005/2009/1949 1004/1999/1948
f 985/2008/1929 986/2019/1930 1006/2020/1950 1005/2009/1949
f 986/2019/1930 987/2029/1931 1007/2030/1951 1006/2020/1950
f 987/2346/1931 988/2347/1932 1008/2348/1952 1007/2349/1951
f 988/2347/1932 989/2350/1933 1009/2351/1953 1008/2348/1952
f 989/2350/1933 990/2354/1934 1010/2355/1954 1009/2351/1953
f 990/2354/1934 991/2359/1935 1011/2360/1955 1010/2355/1954
f 991/1942/1935 992/1931/1936 1012/1932/1956 1011/1943/1955
f 992/1931/1936 993/1919/1937 1013/1920/1957 1012/1932/1956
f 993/1919/1937 994/1909/1938 1014/1910/1958 1013/1920/1957
f 994/1909/1938 975/1899/1920 995/1902/1940 1014/1910/1958
f 995/1902/1940 996/1901/1939 1016/1907/1959 1015/1908/1960
f 996/1901/1939 997/1906/1941 1017/1915/1961 1016/1907/1959
f 997/2314/1941 998/2313/1942 1018/2317/1962 1017/2318/1961
f 998/2313/1942 999/2316/1943 1019/2321/1963 1018/2317/1962
f 999/2316/1943 1000/2320/1944 1020/2326/1964 1019/2321/1963
f 1000/2320/1944 1001/2325/1945 1021/2330/1965 1020/2326/1964
f 1001/2003/1945 1002/1995/1946 1022/2001/1966 1021/2013/1965
f 1002/1995/1946 1003/1994/1947 1023/2000/1967 1022/2001/1966
f 1003/1994/1947 1004/1999/1948 1024/2010/1968 1023/2000/1967
f 1004/1999/1948 1005/2009/1949 1025/2021/1969 1024/2010/1968
f 1005/2009/1949 1006/2020/1950 1026/2031/1970 1025/2021/1969
f 1006/2020/1950 1007/2030/1951 1027/2042/1971 1026/2031/1970
f 1007/2349/1951 1008/2348/1952 1028/2352/1972 1027/2353/1971
f 1008/2348/1952 1009/2351/1953 1029/2356/1973 1028/2352/1972
f 1009/2351/1953 1010/2355/1954 1030/2361/1974 1029/2356/1973
f 1010/2355/1954 1011/2360/1955 1031/2365/1975 1030/2361/1974
f 1011/1943/1955 1012/1932/1956 1032/1941/1976 1031/1955/1975
f 1012/1932/1956 1013/1920/1957 1033/1930/1977 1032/1941/1976
f 1013/1920/1957 1014/1910/1958 1034/1918/1978 1033/1930/1977
f 1014/1910/1958 995/1902/1940 1015/1908/1960 1034/1918/1978
f 1015/1908/1960 1016/1907/1959 1036/1916/1979 1035/1917/1980
f 1016/1907/1959 1017/1915/1961 1037/1926/1981 1036/1916/1979
f 1017/2318/1961 1018/2317/1962 1038/2322/1982 1037/2323/1981
f 1018/2317/1962 1019/2321/1963 1039/2327/1983 1038/2322/1982
f 1019/2321/1963 1020/2326/1964 1040/2331/1984 1039/2327/1983
f 1020/2326/1964 1021/2330/1965 1041/2335/1985 1040/2331/1984
f 1021/2013/1965 1022/2001/1966 1042/2012/1986 1041/2025/1985
f 1022/2001/1966 1023/2000/1967 1043/2011/1987 1042/2012/1986
f 1023/2000/1967 1024/2010/1968 1044/2022/1988 1043/2011/1987
f 1024/2010/1968 1025/2021/1969 1045/2032/1989 1044/2022/1988
f 1025/2021/1969 1026/2031/1970 1046/2043/1990 1045/2032/1989
f 1026/2031/1970 1027/2042/1971 1047/2052/1991 1046/2043/1990
f 1027/2353/1971 1028/2352/1972 1048/2357/1992 1047/2358/1991
f 1028/2352/1972 1029/2356/1973 1049/2362/1993 1048/2357/1992
f 1029/2356/1973 1030/2361/1974 1050/2366/1994 1049/2362/1993
f 1030/2361/1974 1031/2365/1975 1051/2370/1995 1050/2366/1994
f 1031/1955/1975 1032/1941/1976 1052/1954/1996 1051/1965/1995
f 1032/1941/1976 1033/1930/1977 1053/1940/1997 1052/1954/1996
f 1033/1930/1977 1034/1918/1978 1054/1929/1998 1053/1940/1997
f 1034/1918/1978 1015/1908/1960 1035/1917/1980 1054/1929/1998
f 1035/1917/1980 1036/1916/1979 1056/1927/1999 1055/1928/2000
f 1036/1916/1979 1037/1926/1981 1057/1936/2001 1056/1927/1999
f 1037/2323/1981 1038/2322/1982 1058/2328/2002 1057/2329/2001
f 1038/2322/1982 1039/2327/1983 1059/2332/2003 1058/2328/2002
f 1039/2327/1983 1040/2331/1984 1060/2336/2004 1059/2332/2003
f 1040/2331/1984 1041/2335/1985 1061/2340/2005 1060/2336/2004
f 1041/2025/1985 1042/2012/1986 1062/2024/2006 1061/2036/2005
f 1042/2012/1986 1043/2011/1987 1063/2023/2007 1062/2024/2006
f 1043/2011/1987 1044/2022/1988 1064/2033/2008 1063/2023/2007
f 1044/2022/1988 1045/2032/1989 1065/2044/2009 1064/2033/2008
f 1045/2032/1989 1046/2043/1990 1066/2053/2010 1065/2044/2009
f 1046/2043/1990 1047/2052/1991 1067/2059/2011 1066/2053/2010
f 1047/2358/1991 1048/2357/1992 1068/2363/2012 1067/2364/2011
f 1048/2357/1992 1049/2362/1993 1069/2367/2013 1068/2363/2012
f 1049/2362/1993 1050/2366/1994 1070/2371/2014 1069/2367/2013
f 1050/2366/1994 1051/2370/1995 1071/2375/2015 1070/2371/2014
f 1051/1965/1995 1052/1954/1996 1072/1964/2016 1071/1972/2015
f 1052/1954/1996 1053/1940/1997 1073/1953/2017 1072/1964/2016
f 1053/1940/1997 1054/1929/1998 1074/1939/2018 1073/1953/2017
f 1054/1929/1998 1035/1917/1980 1055/1928/2000 1074/1939/2018
f 1055/1928/2000 1056/1927/1999 1076/1937/2019 1075/1938/2020
f 1056/1927/1999 1057/1936/2001 1077/1949/2021 1076/1937/2019
f 1057/2329/2001 1058/2328/2002 1078/2333/2022 1077/2334/2021
f 1058/2328/2002 1059/2332/2003 1079/2337/2023 1078/2333/2022
f 1059/2332/2003 1060/2336/2004 1080/2341/2024 1079/2337/2023
f 1060/2336/2004 1061/2340/2005 1081/2343/2025 1080/2341/2024
f 1061/2036/2005 1062/2024/2006 1082/2035/2026 1081/2048/2025
f 1062/2024/2006 1063/2023/2007 1083/2034/2027 1082/2035/2026
f 1063/2023/2007 1064/2033/2008 1084/2045/2028 1083/2034/2027
f 1064/2033/2008 1065/2044/2009 1085/2054/2029 1084/2045/2028
f 1065/2044/2009 1066/2053/2010 1086/2060/2030 1085/2054/2029
f 1066/2053/2010 1067/2059/2011 1087/2066/2031 1086/2060/2030
f 1067/2364/2011 1068/2363/2012 1088/2368/2032 1087/2369/2031
f 1068/2363/2012 1069/2367/2013 1089/2372/2033 1088/2368/2032
f 1069/2367/2013 1070/2371/2014 1090/2376/2034 1089/2372/2033
f 1070/2371/2014 1071/2375/2015 1091/2378/2035 1090/2376/2034
f 1071/1972/2015 1072/1964/2016 1092/1971/2036 1091/1979/2035
f 1072/1964/2016 1073/1953/2017 1093/1963/2037 1092/1971/2036
f 1073/1953/2017 1074/1939/2018 1094/1952/2038 1093/1963/2037
f 1074/1939/2018 1055/1928/2000 1075/1938/2020 1094/1952/2038
f 1075/1938/2020 1076/1937/2019 1096/1950/2039 1095/1951/2040
f 1076/1937/2019 1077/1949/2021 1097/1959/2041 1096/1950/2039
f 1077/2334/2021 1078/2333/2022 1098/2338/2042 1097/2339/2041
f 1078/2333/2022 1079/2337/2023 1099/2342/2043 1098/2338/2042
f 1079/2337/2023 1080/2341/2024 1100/2344/2044 1099/2342/2043
f 1080/2341/2024 1081/2343/2025 1101/2345/2045 1100/2344/2044
f 1081/2048/2025 1082/2035/2026 1102/2047/2046 1101/2058/2045
f 1082/2035/2026 1083/2034/2027 1103/2046/2047 1102/2047/2046
f 1083/2034/2027 1084/2045/2028 1104/2055/2048 1103/2046/2047
f 1084/2045/2028 1085/2054/2029 1105/2061/2049 1104/2055/2048
f 1085/2054/2029 1086/2060/2030 1106/2067/2050 1105/2061/2049
f 1086/2060/2030 1087/2066/2031 1107/2073/2051 1106/2067/2050
f 1087/2369/2031 1088/2368/2032 1108/2373/2052 1107/2374/2051
f 1088/2368/2032 1089/2372/2033 1109/2377/2053 1108/2373/2052
f 1089/2372/2033 1090/2376/2034 1110/2379/2054 1109/2377/2053
f 1090/2376/2034 1091/2378/2035 1111/2380/2055 1110/2379/2054
f 1091/1979/2035 1092/1971/2036 1112/1978/2056 1111/1983/2055
f 1092/1971/2036 1093/1963/2037 1113/1970/2057 1112/1978/2056
f 1093/1963/2037 1094/1952/2038 1114/1962/2058 1113/1970/2057
f 1094/1952/2038 1075/1938/2020 1095/1951/2040 1114/1962/2058
f 1095/1951/2040 1096/1950/2039 1116/1960/2059 1115/1961/2060
f 1096/1950/2039 1097/1959/2041 1117/1966/2061 1116/1960/2059
f 1097/2215/2041 1098/2216/2042 1118/2207/2062 1117/2206/2061
f 1098/2216/2042 1099/2225/2043 1119/2217/2063 1118/2207/2062
f 1099/2225/2043 1100/2236/2044 1120/2226/2064 1119/2217/2063
f 1100/2236/2044 1101/2246/2045 1121/2237/2065 1120/2226/2064
f 1101/2058/2045 1102/2047/2046 1122/2057/2066 1121/2065/2065
f 1102/2047/2046 1103/2046/2047 1123/2056/2067 1122/2057/2066
f 1103/2046/2047 1104/2055/2048 1124/2062/2068 1123/2056/2067
f 1104/2055/2048 1105/2061/2049 1125/2068/2069 1124/2062/2068
f 1105/2061/2049 1106/2067/2050 1126/2074/2070 1125/2068/2069
f 1106/2067/2050 1107/2073/2051 1127/2077/2071 1126/2074/2070
f 1107/2310/2051 1108/2308/2052 1128/2305/2072 1127/2309/2071
f 1108/2308/2052 1109/2304/2053 1129/2301/2073 1128/2305/2072
f 1109/2304/2053 1110/2299/2054 1130/2289/2074 1129/2301/2073
f 1110/2299/2054 1111/2300/2055 1131/2290/2075 1130/2289/2074
f 1111/1983/2055 1112/1978/2056 1132/1982/2076 1131/1988/2075
f 1112/1978/2056 1113/1970/2057 1133/1977/2077 1132/1982/2076
f 1113/1970/2057 1114/1962/2058 1134/1969/2078 1133/1977/2077
f 1114/1962/2058 1095/1951/2040 1115/1961/2060 1134/1969/2078
f 1115/1961/2060 1116/1960/2059 1136/1967/2079 1135/1968/2080
f 1116/1960/2059 1117/1966/2061 1137/1973/2081 1136/1967/2079
f 1117/2206/2061 1118/2207/2062 1138/2202/2082 1137/2199/2081
f 1118/2207/2062 1119/2217/2063 1139/2208/2083 1138/2202/2082
f 1119/2217/2063 1120/2226/2064 1140/2218/2084 1139/2208/2083
f 1120/2226/2064 1121/2237/2065 1141/2227/2085 1140/2218/2084
f 1121/2065/2065 1122/2057/2066 1142/2064/2086 1141/2072/2085
f 1122/2057/2066 1123/2056/2067 1143/2063/2087 1142/2064/2086
f 1123/2056/2067 1124/2062/2068 1144/2069/2088 1143/2063/2087
f 1124/2062/2068 1125/2068/2069 1145/2075/2089 1144/2069/2088
f 1125/2068/2069 1126/2074/2070 1146/2078/2090 1145/2075/2089
f 1126/2074/2070 1127/2077/2071 1147/2082/2091 1146/2078/2090
f 1127/2309/2071 1128/2305/2072 1148/2302/2092 1147/2306/2091
f 1128/2305/2072 1129/2301/2073 1149/2291/2093 1148/2302/2092
f 1129/2301/2073 1130/2289/2074 1150/2281/2094 1149/2291/2093
f 1130/2289/2074 1131/2290/2075 1151/2272/2095 1150/2281/2094
f 1131/1988/2075 1132/1982/2076 1152/1987/2096 1151/1991/2095
f 1132/1982/2076 1133/1977/2077 1153/1981/2097 1152/1987/2096
f 1133/1977/2077 1134/1969/2078 1154/1976/2098 1153/1981/2097
f 1134/1969/2078 1115/1961/2060 1135/1968/2080 1154/1976/2098
f 1135/1968/2080 1136/1967/2079 1156/1974/2099 1155/1975/2100
f 1136/2198/2079 1137/2199/2081 1157/2200/2101 1156/2201/2099
f 1137/2199/2081 1138/2202/2082 1158/2203/2102 1157/2200/2101
f 1138/2202/2082 1139/2208/2083 1159/2209/2103 1158/2203/2102
f 1139/2208/2083 1140/2218/2084 1160/2219/2104 1159/2209/2103
f 1140/2218/2084 1141/2227/2085 1161/2228/2105 1160/2219/2104
f 1141/2227/2085 1142/2238/2086 1162/2239/2106 1161/2228/2105
f 1142/2064/2086 1143/2063/2087 1163/2070/2107 1162/2071/2106
f 1143/2063/2087 1144/2069/2088 1164/2076/2108 1163/2070/2107
f 1144/2069/2088 1145/2075/2089 1165/2079/2109 1164/2076/2108
f 1145/2075/2089 1146/2078/2090 1166/2083/2110 1165/2079/2109
f 1146/2307/2090 1147/2306/2091 1167/2303/2111 1166/2296/2110
f 1147/2306/2091 1148/2302/2092 1168/2292/2112 1167/2303/2111
f 1148/2302/2092 1149/2291/2093 1169/2282/2113 1168/2292/2112
f 1149/2291/2093 1150/2281/2094 1170/2274/2114 1169/2282/2113
f 1150/2281/2094 1151/2272/2095 1171/2265/2115 1170/2274/2114
f 1151/2272/2095 1152/2273/2096 1172/2258/2116 1171/2265/2115
f 1152/1987/2096 1153/1981/2097 1173/1986/2117 1172/1990/2116
f 1153/1981/2097 1154/1976/2098 1174/1980/2118 1173/1986/2117
f 1154/1976/2098 1135/1968/2080 1155/1975/2100 1174/1980/2118
f 1155/2213/2100 1156/2201/2099 1176/2205/2119 1175/2214/2120
f 1156/2201/2099 1157/2200/2101 1177/2204/2121 1176/2205/2119
f 1157/2200/2101 1158/2203/2102 1178/2210/2122 1177/2204/2121
f 1158/2203/2102 1159/2209/2103 1179/2220/2123 1178/2210/2122
f 1159/2209/2103 1160/2219/2104 1180/2229/2124 1179/2220/2123
f 1160/2219/2104 1161/2228/2105 1181/2240/2125 1180/2229/2124
f 1161/2228/2105 1162/2239/2106 1182/2247/2126 1181/2240/2125
f 1162/2239/2106 1163/2253/2107 1183/2254/2127 1182/2247/2126
f 1163/2070/2107 1164/2076/2108 1184/2080/2128 1183/2081/2127
f 1164/2076/2108 1165/2079/2109 1185/2084/2129 1184/2080/2128
f 1165/2295/2109 1166/2296/2110 1186/2285/2130 1185/2277/2129
f 1166/2296/2110 1167/2303/2111 1187/2293/2131 1186/2285/2130
f 1167/2303/2111 1168/2292/2112 1188/2283/2132 1187/2293/2131
f 1168/2292/2112 1169/2282/2113 1189/2275/2133 1188/2283/2132
f 1169/2282/2113 1170/2274/2114 1190/2266/2134 1189/2275/2133
f 1170/2274/2114 1171/2265/2115 1191/2260/2135 1190/2266/2134
f 1171/2265/2115 1172/2258/2116 1192/2251/2136 1191/2260/2135
f 1172/2258/2116 1173/2259/2117 1193/2244/2137 1192/2251/2136
f 1173/1986/2117 1174/1980/2118 1194/1985/2138 1193/1989/2137
f 1174/1980/2118 1155/1975/2100 1175/1984/2120 1194/1985/2138
f 1175/2214/2120 1176/2205/2119 1196/2212/2139 1195/2224/2140
f 1176/2205/2119 1177/2204/2121 1197/2211/2141 1196/2212/2139
f 1177/2204/2121 1178/2210/2122 1198/2221/2142 1197/2211/2141
f 1178/2210/2122 1179/2220/2123 1199/2230/2143 1198/2221/2142
f 1179/2220/2123 1180/2229/2124 1200/2241/2144 1199/2230/2143
f 1180/2229/2124 1181/2240/2125 1201/2248/2145 1200/2241/2144
f 1181/2240/2125 1182/2247/2126 1202/2255/2146 1201/2248/2145
f 1182/2247/2126 1183/2254/2127 1203/2262/2147 1202/2255/2146
f 1183/2254/2127 1184/2268/2128 1204/2269/2148 1203/2262/2147
f 1184/2268/2128 1185/2277/2129 1205/2278/2149 1204/2269/2148
f 1185/2277/2129 1186/2285/2130 1206/2286/2150 1205/2278/2149
f 1186/2285/2130 1187/2293/2131 1207/2294/2151 1206/2286/2150
f 1187/2293/2131 1188/2283/2132 1208/2284/2152 1207/2294/2151
f 1188/2283/2132 1189/2275/2133 1209/2276/2153 1208/2284/2152
f 1189/2275/2133 1190/2266/2134 1210/2267/2154 1209/2276/2153
f 1190/2266/2134 1191/2260/2135 1211/2261/2155 1210/2267/2154
f 1191/2260/2135 1192/2251/2136 1212/2252/2156 1211/2261/2155
f 1192/2251/2136 1193/2244/2137 1213/2245/2157 1212/2252/2156
f 1193/2244/2137 1194/2234/2138 1214/2235/2158 1213/2245/2157
f 1194/2234/2138 1175/2214/2120 1195/2224/2140 1214/2235/2158
f 1195/2224/2140 1196/2212/2139 1216/2223/2159 1215/2233/2160
f 1196/2212/2139 1197/2211/2141 1217/2222/2161 1216/2223/2159
f 1197/2211/2141 1198/2221/2142 1218/2231/2162 1217/2222/2161
f 1198/2221/2142 1199/2230/2143 1219/2242/2163 1218/2231/2162
f 1199/2230/2143 1200/2241/2144 1220/2249/2164 1219/2242/2163
f 1200/2241/2144 1201/2248/2145 1221/2256/2165 1220/2249/2164
f 1201/2248/2145 1202/2255/2146 1222/2263/2166 1221/2256/2165
f 1202/2255/2146 1203/2262/2147 1223/2270/2167 1222/2263/2166
f 1203/2262/2147 1204/2269/2148 1224/2279/2168 1223/2270/2167
f 1204/2269/2148 1205/2278/2149 1225/2287/2169 1224/2279/2168
f 1205/2278/2149 1206/2286/2150 1226/2297/2170 1225/2287/2169
f 1206/2286/2150 1207/2294/2151 1227/2298/2171 1226/2297/2170
f 1207/2294/2151 1208/2284/2152 1228/2288/2172 1227/2298/2171
f 1208/2284/2152 1209/2276/2153 1229/2280/2173 1228/2288/2172
f 1209/2276/2153 1210/2267/2154 1230/2271/2174 1229/2280/2173
f 1210/2267/2154 1211/2261/2155 1231/2264/2175 1230/2271/2174
f 1211/2261/2155 1212/2252/2156 1232/2257/2176 1231/2264/2175
f 1212/2252/2156 1213/2245/2157 1233/2250/2177 1232/2257/2176
f 1213/2245/2157 1214/2235/2158 1234/2243/2178 1233/2250/2177
f 1214/2235/2158 1195/2224/2140 1215/2233/2160 1234/2243/2178
f 856/2086/1800 855/2085/1799 1235/2089/2179
f 857/2090/1803 856/2086/1800 1235/2089/2179
f 858/2096/1805 857/2090/1803 1235/2089/2179
f 859/2104/1807 858/2096/1805 1235/2089/2179
f 860/2111/1809 859/2104/1807 1235/2089/2179
f 861/2120/1811 860/2111/1809 1235/2089/2179
f 862/2130/1813 861/2120/1811 1235/2089/2179
f 863/2141/1815 862/2130/1813 1235/2089/2179
f 864/2155/1817 863/2141/1815 1235/2089/2179
f 865/2167/1819 864/2155/1817 1235/2089/2179
f 866/2179/1821 865/2167/1819 1235/2089/2179
f 867/2165/1823 866/2179/1821 1235/2089/2179
f 868/2153/1825 867/2165/1823 1235/2089/2179
f 869/2139/1827 868/2153/1825 1235/2089/2179
f 870/2128/1829 869/2139/1827 1235/2089/2179
f 871/2118/1831 870/2128/1829 1235/2089/2179
f 872/2109/1833 871/2118/1831 1235/2089/2179
f 873/2102/1835 872/2109/1833 1235/2089/2179
f 874/2094/1837 873/2102/1835 1235/2089/2179
f 855/2085/1799 874/2094/1837 1235/2089/2179
f 1215/2233/2160 1216/2223/2159 1236/2232/2180
f 1216/2223/2159 1217/2222/2161 1236/2232/2180
f 1217/2222/2161 1218/2231/2162 1236/2232/2180
f 1218/2231/2162 1219/2242/2163 1236/2232/2180
f 1219/2242/2163 1220/2249/2164 1236/2232/2180
f 1220/2249/2164 1221/2256/2165 1236/2232/2180
f 1221/2256/2165 1222/2263/2166 1236/2232/2180
f 1222/2263/2166 1223/2270/2167 1236/2232/2180
f 1223/2270/2167 1224/2279/2168 1236/2232/2180
f 1224/2279/2168 1225/2287/2169 1236/2232/2180
f 1225/2287/2169 1226/2297/2170 1236/2232/2180
f 1226/2297/2170 1227/2298/2171 1236/2232/2180
f 1227/2298/2171 1228/2288/2172 1236/2232/2180
f 1228/2288/2172 1229/2280/2173 1236/2232/2180
f 1229/2280/2173 1230/2271/2174 1236/2232/2180
f 1230/2271/2174 1231/2264/2175 1236/2232/2180
f 1231/2264/2175 1232/2257/2176 1236/2232/2180
f 1232/2257/2176 1233/2250/2177 1236/2232/2180
f 1233/2250/2177 1234/2243/2178 1236/2232/2180
f 1234/2243/2178 1215/2233/2160 1236/2232/2180
