# This file uses centimeters as units for non-parametric coordinates.

mtllib laberinto2texx.mtl
g default
v 0.918746 -0.005316 6.657979
v 0.918746 -0.005316 9.506845
v 0.918746 2.022482 6.657979
v 0.918746 2.022482 9.506845
v 1.642019 2.022482 6.657979
v 1.642019 2.022482 9.506845
v 1.642019 -0.005316 6.657979
v 1.642019 -0.005316 9.506845
v 11.868681 0.024736 -12.586351
v 11.868681 0.024736 12.145603
v 11.868681 2.052535 -12.586351
v 11.868681 2.052535 12.145603
v 12.888668 2.052535 -12.586351
v 12.888668 2.052535 12.145603
v 12.888668 0.024736 -12.586351
v 12.888668 0.024736 12.145603
v 0.918746 -0.005316 2.373083
v 0.918746 -0.005316 5.424844
v 0.918746 2.022482 2.373083
v 0.918746 2.022482 5.424844
v 1.642019 2.022482 2.373083
v 1.642019 2.022482 5.424844
v 1.642019 -0.005316 2.373083
v 1.642019 -0.005316 5.424844
v 3.101608 -0.005316 -12.336153
v 3.101608 -0.005316 -9.633753
v 3.101608 2.022482 -12.336153
v 3.101608 2.022482 -9.633753
v 3.824882 2.022482 -12.336153
v 3.824882 2.022482 -9.633753
v 3.824882 -0.005316 -12.336153
v 3.824882 -0.005316 -9.633753
v -12.327760 0.024736 12.169786
v 12.367607 0.024736 12.169786
v -12.327760 2.052535 12.169786
v 12.367607 2.052535 12.169786
v -12.327760 2.052535 11.149799
v 12.367607 2.052535 11.149799
v -12.327760 0.024736 11.149799
v 12.367607 0.024736 11.149799
v -12.533756 0.024736 -12.586351
v -12.533756 0.024736 12.145603
v -12.533756 2.052535 -12.586351
v -12.533756 2.052535 12.145603
v -11.513768 2.052535 -12.586351
v -11.513768 2.052535 12.145603
v -11.513768 0.024736 -12.586351
v -11.513768 0.024736 12.145603
v -12.327760 0.024736 -11.575949
v 12.367607 0.024736 -11.575949
v -12.327760 2.052535 -11.575949
v 12.367607 2.052535 -11.575949
v -12.327760 2.052535 -12.595937
v 12.367607 2.052535 -12.595937
v -12.327760 0.024736 -12.595937
v 12.367607 0.024736 -12.595937
v -5.366642 -0.005316 -1.182848
v -0.398605 -0.005316 -1.182848
v -5.366642 2.022482 -1.182848
v -0.398605 2.022482 -1.182848
v -5.366642 2.022482 -1.906121
v -0.398605 2.022482 -1.906121
v -5.366642 -0.005316 -1.906121
v -0.398605 -0.005316 -1.906121
v 5.343078 -0.005316 5.202346
v 8.085075 -0.005316 5.202346
v 5.343078 2.022482 5.202346
v 8.085075 2.022482 5.202346
v 5.343078 2.022482 4.479073
v 8.085075 2.022482 4.479073
v 5.343078 -0.005316 4.479073
v 8.085075 -0.005316 4.479073
v -10.057184 -0.005316 5.249897
v -0.514237 -0.005316 5.249897
v -10.057184 2.022482 5.249897
v -0.514237 2.022482 5.249897
v -10.057184 2.022482 4.526623
v -0.514237 2.022482 4.526623
v -10.057184 -0.005316 4.526623
v -0.514237 -0.005316 4.526623
v -11.963487 -0.005316 9.494243
v -4.663226 -0.005316 9.494243
v -11.963487 2.022482 9.494243
v -4.663226 2.022482 9.494243
v -11.963487 2.022482 8.770970
v -4.663226 2.022482 8.770970
v -11.963487 -0.005316 8.770970
v -4.663226 -0.005316 8.770970
v -11.780657 -0.005316 3.074380
v -7.034994 -0.005316 3.074380
v -11.780657 2.022482 3.074380
v -7.034994 2.022482 3.074380
v -11.780657 2.022482 2.351107
v -7.034994 2.022482 2.351107
v -11.780657 -0.005316 2.351107
v -7.034994 -0.005316 2.351107
v -3.305642 -0.005316 -7.681951
v 1.662395 -0.005316 -7.681951
v -3.305642 2.022482 -7.681951
v 1.662395 2.022482 -7.681951
v -3.305642 2.022482 -8.405224
v 1.662395 2.022482 -8.405224
v -3.305642 -0.005316 -8.405224
v 1.662395 -0.005316 -8.405224
v -5.366642 -0.005316 -9.867470
v -0.398605 -0.005316 -9.867470
v -5.366642 2.022482 -9.867470
v -0.398605 2.022482 -9.867470
v -5.366642 2.022482 -10.590742
v -0.398605 2.022482 -10.590742
v -5.366642 -0.005316 -10.590742
v -0.398605 -0.005316 -10.590742
v -9.992436 -0.005316 7.364563
v -2.692177 -0.005316 7.364563
v -9.992436 2.022482 7.364563
v -2.692177 2.022482 7.364563
v -9.992436 2.022482 6.641290
v -2.692177 2.022482 6.641290
v -9.992436 -0.005316 6.641290
v -2.692177 -0.005316 6.641290
v -1.366016 -0.005316 9.516361
v 1.638121 -0.005316 9.516361
v -1.366016 2.022482 9.516361
v 1.638121 2.022482 9.516361
v -1.366016 2.022482 8.793089
v 1.638121 2.022482 8.793089
v -1.366016 -0.005316 8.793089
v 1.638121 -0.005316 8.793089
v 3.264085 -0.005316 7.374668
v 6.085825 -0.005316 7.374668
v 3.264085 2.022482 7.374668
v 6.085825 2.022482 7.374668
v 3.264085 2.022482 6.651394
v 6.085825 2.022482 6.651394
v 3.264085 -0.005316 6.651394
v 6.085825 -0.005316 6.651394
v 2.893529 -0.005316 -7.690366
v 5.567940 -0.005316 -7.690366
v 2.893529 2.022482 -7.690366
v 5.567940 2.022482 -7.690366
v 2.893529 2.022482 -8.413639
v 5.567940 2.022482 -8.413639
v 2.893529 -0.005316 -8.413639
v 5.567940 -0.005316 -8.413639
v 9.553104 -0.005316 -5.535518
v 12.374844 -0.005316 -5.535518
v 9.553104 2.022482 -5.535518
v 12.374844 2.022482 -5.535518
v 9.553104 2.022482 -6.258791
v 12.374844 2.022482 -6.258791
v 9.553104 -0.005316 -6.258791
v 12.374844 -0.005316 -6.258791
v 4.998003 -0.005316 9.516361
v 8.070358 -0.005316 9.516361
v 4.998003 2.022482 9.516361
v 8.070358 2.022482 9.516361
v 4.998003 2.022482 8.793089
v 8.070358 2.022482 8.793089
v 4.998003 -0.005316 8.793089
v 8.070358 -0.005316 8.793089
v 7.391636 -0.005316 7.388978
v 10.213376 -0.005316 7.388978
v 7.391636 2.022482 7.388978
v 10.213376 2.022482 7.388978
v 7.391636 2.022482 6.665704
v 10.213376 2.022482 6.665704
v 7.391636 -0.005316 6.665704
v 10.213376 -0.005316 6.665704
v 0.947880 -0.005316 -3.436437
v 5.915916 -0.005316 -3.436437
v 0.947880 2.022482 -3.436437
v 5.915916 2.022482 -3.436437
v 0.947880 2.022482 -4.159710
v 5.915916 2.022482 -4.159710
v 0.947880 -0.005316 -4.159710
v 5.915916 -0.005316 -4.159710
v -1.228194 -0.005316 7.382689
v 1.643786 -0.005316 7.382689
v -1.228194 2.022482 7.382689
v 1.643786 2.022482 7.382689
v -1.228194 2.022482 6.659416
v 1.643786 2.022482 6.659416
v -1.228194 -0.005316 6.659416
v 1.643786 -0.005316 6.659416
v -3.562944 -0.005316 0.920194
v 10.207133 -0.005316 0.920194
v -3.562944 2.022482 0.920194
v 10.207133 2.022482 0.920194
v -3.562944 2.022482 0.196920
v 10.207133 2.022482 0.196920
v -3.562944 -0.005316 0.196920
v 10.207133 -0.005316 0.196920
v 7.392760 -0.005316 -9.803195
v 10.214499 -0.005316 -9.803195
v 7.392760 2.022482 -9.803195
v 10.214499 2.022482 -9.803195
v 7.392760 2.022482 -10.526467
v 10.214499 2.022482 -10.526467
v 7.392760 -0.005316 -10.526467
v 10.214499 -0.005316 -10.526467
v -3.313412 -0.005316 -5.561072
v 3.966813 -0.005316 -5.561072
v -3.313412 2.022482 -5.561072
v 3.966813 2.022482 -5.561072
v -3.313412 2.022482 -6.284345
v 3.966813 2.022482 -6.284345
v -3.313412 -0.005316 -6.284345
v 3.966813 -0.005316 -6.284345
v 9.329376 -0.005316 9.516361
v 12.401731 -0.005316 9.516361
v 9.329376 2.022482 9.516361
v 12.401731 2.022482 9.516361
v 9.329376 2.022482 8.793089
v 12.401731 2.022482 8.793089
v 9.329376 -0.005316 8.793089
v 12.401731 -0.005316 8.793089
v 9.497443 -0.005316 0.171456
v 9.497443 -0.005316 7.397805
v 9.497443 2.022482 0.171456
v 9.497443 2.022482 7.397805
v 10.220716 2.022482 0.171456
v 10.220716 2.022482 7.397805
v 10.220716 -0.005316 0.171456
v 10.220716 -0.005316 7.397805
v -3.350528 -0.005316 -8.383108
v -3.350528 -0.005316 -3.268678
v -3.350528 2.022482 -8.383108
v -3.350528 2.022482 -3.268678
v -2.627254 2.022482 -8.383108
v -2.627254 2.022482 -3.268678
v -2.627254 -0.005316 -8.383108
v -2.627254 -0.005316 -3.268678
v 0.968570 -0.005316 -12.362762
v 0.968570 -0.005316 -7.679897
v 0.968570 2.022482 -12.362762
v 0.968570 2.022482 -7.679897
v 1.691843 2.022482 -12.362762
v 1.691843 2.022482 -7.679897
v 1.691843 -0.005316 -12.362762
v 1.691843 -0.005316 -7.679897
v 0.935016 -0.005316 3.103648
v 3.872391 -0.005316 3.103648
v 0.935016 2.022482 3.103648
v 3.872391 2.022482 3.103648
v 0.935016 2.022482 2.380375
v 3.872391 2.022482 2.380375
v 0.935016 -0.005316 2.380375
v 3.872391 -0.005316 2.380375
v -9.815986 -0.005316 -7.714159
v -6.979398 -0.005316 -7.714159
v -9.815986 2.022482 -7.714159
v -6.979398 2.022482 -7.714159
v -9.815986 2.022482 -8.437431
v -6.979398 2.022482 -8.437431
v -9.815986 -0.005316 -8.437431
v -6.979398 -0.005316 -8.437431
v -7.685805 -0.005316 -10.625751
v -7.685805 -0.005316 -7.732074
v -7.685805 2.022482 -10.625751
v -7.685805 2.022482 -7.732074
v -6.962532 2.022482 -10.625751
v -6.962532 2.022482 -7.732074
v -6.962532 -0.005316 -10.625751
v -6.962532 -0.005316 -7.732074
v -7.876560 -0.005316 -5.565587
v -4.939185 -0.005316 -5.565587
v -7.876560 2.022482 -5.565587
v -4.939185 2.022482 -5.565587
v -7.876560 2.022482 -6.288860
v -4.939185 2.022482 -6.288860
v -7.876560 -0.005316 -6.288860
v -4.939185 -0.005316 -6.288860
v -9.815791 -0.005316 -8.470341
v -9.815791 -0.005316 1.201975
v -9.815791 2.022482 -8.470341
v -9.815791 2.022482 1.201975
v -9.092519 2.022482 -8.470341
v -9.092519 2.022482 1.201975
v -9.092519 -0.005316 -8.470341
v -9.092519 -0.005316 1.201975
v -5.441488 -0.005316 -10.590597
v -5.441488 -0.005316 5.066868
v -5.441488 2.022482 -10.590597
v -5.441488 2.022482 5.066868
v -4.718215 2.022482 -10.590597
v -4.718215 2.022482 5.066868
v -4.718215 -0.005316 -10.590597
v -4.718215 -0.005316 5.066868
v -5.361967 -0.005316 3.103648
v -2.424591 -0.005316 3.103648
v -5.361967 2.022482 3.103648
v -2.424591 2.022482 3.103648
v -5.361967 2.022482 2.380375
v -2.424591 2.022482 2.380375
v -5.361967 -0.005316 2.380375
v -2.424591 -0.005316 2.380375
v -9.815986 -0.005316 -9.881186
v -6.979398 -0.005316 -9.881186
v -9.815986 2.022482 -9.881186
v -6.979398 2.022482 -9.881186
v -9.815986 2.022482 -10.604459
v -6.979398 2.022482 -10.604459
v -9.815986 -0.005316 -10.604459
v -6.979398 -0.005316 -10.604459
v 9.497443 -0.005316 -10.527953
v 9.497443 -0.005316 -1.159584
v 9.497443 2.022482 -10.527953
v 9.497443 2.022482 -1.159584
v 10.220716 2.022482 -10.527953
v 10.220716 2.022482 -1.159584
v 10.220716 -0.005316 -10.527953
v 10.220716 -0.005316 -1.159584
v -7.685805 -0.005316 -4.100079
v -7.685805 -0.005316 3.059160
v -7.685805 2.022482 -4.100079
v -7.685805 2.022482 3.059160
v -6.962532 2.022482 -4.100079
v -6.962532 2.022482 3.059160
v -6.962532 -0.005316 -4.100079
v -6.962532 -0.005316 3.059160
v -9.815986 -0.005316 -3.382566
v -6.979398 -0.005316 -3.382566
v -9.815986 2.022482 -3.382566
v -6.979398 2.022482 -3.382566
v -9.815986 2.022482 -4.105839
v -6.979398 2.022482 -4.105839
v -9.815986 -0.005316 -4.105839
v -6.979398 -0.005316 -4.105839
v 3.157176 -0.005316 3.095560
v 3.157176 -0.005316 11.170578
v 3.157176 2.022482 3.095560
v 3.157176 2.022482 11.170578
v 3.880449 2.022482 3.095560
v 3.880449 2.022482 11.170578
v 3.880449 -0.005316 3.095560
v 3.880449 -0.005316 11.170578
v 7.353214 -0.005316 -10.502859
v 7.353214 -0.005316 0.237384
v 7.353214 2.022482 -10.502859
v 7.353214 2.022482 0.237384
v 8.076487 2.022482 -10.502859
v 8.076487 2.022482 0.237384
v 8.076487 -0.005316 -10.502859
v 8.076487 -0.005316 0.237384
v -1.226685 -0.005316 0.587819
v -1.226685 -0.005316 6.795787
v -1.226685 2.022482 0.587819
v -1.226685 2.022482 6.795787
v -0.503412 2.022482 0.587819
v -0.503412 2.022482 6.795787
v -0.503412 -0.005316 0.587819
v -0.503412 -0.005316 6.795787
v -3.402012 -0.005316 6.636318
v -3.402012 -0.005316 11.594940
v -3.402012 2.022482 6.636318
v -3.402012 2.022482 11.594940
v -2.678739 2.022482 6.636318
v -2.678739 2.022482 11.594940
v -2.678739 -0.005316 6.636318
v -2.678739 -0.005316 11.594940
v 0.930190 -0.005316 -6.142837
v 0.930190 -0.005316 -1.184214
v 0.930190 2.022482 -6.142837
v 0.930190 2.022482 -1.184214
v 1.653463 2.022482 -6.142837
v 1.653463 2.022482 -1.184214
v 1.653463 -0.005316 -6.142837
v 1.653463 -0.005316 -1.184214
v 7.362123 -0.005316 2.219500
v 7.362123 -0.005316 9.506187
v 7.362123 2.022482 2.219500
v 7.362123 2.022482 9.506187
v 8.085397 2.022482 2.219500
v 8.085397 2.022482 9.506187
v 8.085397 -0.005316 2.219500
v 8.085397 -0.005316 9.506187
v 5.217063 -0.005316 -10.891739
v 5.217063 -0.005316 -1.262480
v 5.217063 2.022482 -10.891739
v 5.217063 2.022482 -1.262480
v 5.940337 2.022482 -10.891739
v 5.940337 2.022482 -1.262480
v 5.940337 -0.005316 -10.891739
v 5.940337 -0.005316 -1.262480
v -1.122388 -0.005316 -4.252324
v -1.122388 -0.005316 -1.200562
v -1.122388 2.022482 -4.252324
v -1.122388 2.022482 -1.200562
v -0.399115 2.022482 -4.252324
v -0.399115 2.022482 -1.200562
v -0.399115 -0.005316 -4.252324
v -0.399115 -0.005316 -1.200562
v 3.101608 -0.005316 -2.136120
v 3.101608 -0.005316 0.915642
v 3.101608 2.022482 -2.136120
v 3.101608 2.022482 0.915642
v 3.824882 2.022482 -2.136120
v 3.824882 2.022482 0.915642
v 3.824882 -0.005316 -2.136120
v 3.824882 -0.005316 0.915642
v 5.235322 -0.005316 0.193560
v 5.235322 -0.005316 3.245321
v 5.235322 2.022482 0.193560
v 5.235322 2.022482 3.245321
v 5.958596 2.022482 0.193560
v 5.958596 2.022482 3.245321
v 5.958596 -0.005316 0.193560
v 5.958596 -0.005316 3.245321
vt 0.729878 0.690318
vt 0.729878 0.641551
vt 0.764590 0.641551
vt 0.764590 0.690318
vt 0.705933 0.672382
vt 0.705933 0.721148
vt 0.671221 0.721148
vt 0.671221 0.672382
vt 0.001877 0.425350
vt 0.001877 0.001992
vt 0.036589 0.001992
vt 0.036589 0.425350
vt 0.101059 0.001992
vt 0.101059 0.425350
vt 0.066348 0.425350
vt 0.066348 0.001992
vt 0.084654 0.737306
vt 0.084654 0.685067
vt 0.119366 0.685067
vt 0.119366 0.737306
vt 0.060709 0.685989
vt 0.060709 0.738229
vt 0.025998 0.738229
vt 0.025998 0.685989
vt 0.303290 0.905741
vt 0.303290 0.859482
vt 0.338002 0.859482
vt 0.338002 0.905741
vt 0.398615 0.871929
vt 0.398615 0.918188
vt 0.363904 0.918188
vt 0.363904 0.871929
vt 0.703705 0.724910
vt 0.721165 0.724910
vt 0.721165 0.759621
vt 0.703705 0.759621
vt 0.727583 0.694079
vt 0.745043 0.694079
vt 0.745043 0.728791
vt 0.727583 0.728791
vt 0.132471 0.425350
vt 0.132471 0.001992
vt 0.167183 0.001992
vt 0.167183 0.425350
vt 0.233306 0.001992
vt 0.233306 0.425350
vt 0.198595 0.425350
vt 0.198595 0.001992
vt 0.799217 0.642611
vt 0.816677 0.642611
vt 0.816677 0.677322
vt 0.799217 0.677322
vt 0.823095 0.642772
vt 0.840555 0.642772
vt 0.840555 0.677483
vt 0.823095 0.677483
vt 0.846973 0.642761
vt 0.859354 0.642761
vt 0.859354 0.677472
vt 0.846973 0.677472
vt 0.865340 0.642761
vt 0.877721 0.642761
vt 0.877721 0.677472
vt 0.865340 0.677472
vt 0.883708 0.643132
vt 0.896089 0.643132
vt 0.896089 0.677844
vt 0.883708 0.677844
vt 0.902076 0.643132
vt 0.914457 0.643132
vt 0.914457 0.677844
vt 0.902076 0.677844
vt 0.920443 0.643132
vt 0.932824 0.643132
vt 0.932824 0.677844
vt 0.920443 0.677844
vt 0.928179 0.681605
vt 0.940559 0.681605
vt 0.940559 0.716317
vt 0.928179 0.716317
vt 0.910016 0.681606
vt 0.922396 0.681606
vt 0.922396 0.716317
vt 0.910016 0.716317
vt 0.891852 0.681606
vt 0.904233 0.681606
vt 0.904233 0.716317
vt 0.891852 0.716317
vt 0.873690 0.681606
vt 0.886070 0.681606
vt 0.886070 0.716317
vt 0.873690 0.716317
vt 0.855527 0.681234
vt 0.867907 0.681234
vt 0.867907 0.715946
vt 0.855527 0.715946
vt 0.837363 0.681245
vt 0.849744 0.681245
vt 0.849744 0.715957
vt 0.837363 0.715957
vt 0.819201 0.681245
vt 0.831581 0.681245
vt 0.831581 0.715957
vt 0.819201 0.715957
vt 0.801037 0.681084
vt 0.813418 0.681084
vt 0.813418 0.715796
vt 0.801037 0.715796
vt 0.782874 0.732948
vt 0.795255 0.732948
vt 0.795255 0.767660
vt 0.782874 0.767660
vt 0.764711 0.732948
vt 0.777092 0.732948
vt 0.777092 0.767660
vt 0.764711 0.767660
vt 0.746548 0.732948
vt 0.758929 0.732948
vt 0.758929 0.767660
vt 0.746548 0.767660
vt 0.728385 0.732553
vt 0.740766 0.732553
vt 0.740766 0.767264
vt 0.728385 0.767264
vt 0.710222 0.763383
vt 0.722603 0.763383
vt 0.722603 0.798095
vt 0.710222 0.798095
vt 0.692059 0.763383
vt 0.704440 0.763383
vt 0.704440 0.798095
vt 0.692059 0.798095
vt 0.673896 0.763383
vt 0.686277 0.763383
vt 0.686277 0.798095
vt 0.673896 0.798095
vt 0.655733 0.763383
vt 0.668114 0.763383
vt 0.668114 0.798095
vt 0.655733 0.798095
vt 0.637570 0.763383
vt 0.649951 0.763383
vt 0.649951 0.798095
vt 0.637570 0.798095
vt 0.619407 0.763173
vt 0.631788 0.763173
vt 0.631788 0.797884
vt 0.619407 0.797884
vt 0.601244 0.913755
vt 0.613625 0.913755
vt 0.613625 0.948466
vt 0.601244 0.948466
vt 0.583081 0.913755
vt 0.595462 0.913755
vt 0.595462 0.948466
vt 0.583081 0.948466
vt 0.564918 0.913755
vt 0.577299 0.913755
vt 0.577299 0.948466
vt 0.564918 0.948466
vt 0.546755 0.913755
vt 0.559136 0.913755
vt 0.559136 0.948466
vt 0.546755 0.948466
vt 0.528592 0.924823
vt 0.540973 0.924823
vt 0.540973 0.959535
vt 0.528592 0.959535
vt 0.510429 0.924823
vt 0.522810 0.924823
vt 0.522810 0.959535
vt 0.510429 0.959535
vt 0.492266 0.924823
vt 0.504647 0.924823
vt 0.504647 0.959535
vt 0.492266 0.959535
vt 0.474103 0.924823
vt 0.486484 0.924823
vt 0.486484 0.959535
vt 0.474103 0.959535
vt 0.455940 0.924823
vt 0.468321 0.924823
vt 0.468321 0.959535
vt 0.455940 0.959535
vt 0.437777 0.921471
vt 0.450158 0.921471
vt 0.450158 0.956182
vt 0.437777 0.956182
vt 0.419614 0.921950
vt 0.431995 0.921950
vt 0.431995 0.956661
vt 0.419614 0.956661
vt 0.401451 0.921950
vt 0.413832 0.921950
vt 0.413832 0.956661
vt 0.401451 0.956661
vt 0.383288 0.921950
vt 0.395669 0.921950
vt 0.395669 0.956661
vt 0.383288 0.956661
vt 0.365125 0.921950
vt 0.377506 0.921950
vt 0.377506 0.956661
vt 0.365125 0.956661
vt 0.346962 0.921950
vt 0.359343 0.921950
vt 0.359343 0.956661
vt 0.346962 0.956661
vt 0.328799 0.909503
vt 0.341180 0.909503
vt 0.341180 0.944214
vt 0.328799 0.944214
vt 0.310636 0.909503
vt 0.323017 0.909503
vt 0.323017 0.944214
vt 0.310636 0.944214
vt 0.081042 0.681305
vt 0.081042 0.557606
vt 0.115753 0.557606
vt 0.115753 0.681305
vt 0.176367 0.557838
vt 0.176367 0.681537
vt 0.141655 0.681537
vt 0.141655 0.557838
vt 0.444721 0.658022
vt 0.444721 0.570474
vt 0.479433 0.570474
vt 0.479433 0.658022
vt 0.540046 0.592613
vt 0.540046 0.680161
vt 0.505335 0.680161
vt 0.505335 0.592613
vt 0.436594 0.760663
vt 0.436594 0.680503
vt 0.471306 0.680503
vt 0.471306 0.760663
vt 0.412649 0.680503
vt 0.412649 0.760663
vt 0.377938 0.760663
vt 0.377938 0.680503
vt 0.183495 0.900417
vt 0.195875 0.900417
vt 0.195875 0.935128
vt 0.183495 0.935128
vt 0.165332 0.901782
vt 0.177713 0.901782
vt 0.177713 0.936493
vt 0.165332 0.936493
vt 0.147169 0.902119
vt 0.159549 0.902119
vt 0.159549 0.936831
vt 0.147169 0.936831
vt 0.129006 0.902119
vt 0.141386 0.902119
vt 0.141386 0.936831
vt 0.129006 0.936831
vt 0.848809 0.586075
vt 0.848809 0.536542
vt 0.883521 0.536542
vt 0.883521 0.586075
vt 0.940559 0.589837
vt 0.940559 0.639371
vt 0.905848 0.639371
vt 0.905848 0.589837
vt 0.074516 0.902119
vt 0.086897 0.902119
vt 0.086897 0.936831
vt 0.074516 0.936831
vt 0.056353 0.902119
vt 0.068734 0.902119
vt 0.068734 0.936831
vt 0.056353 0.936831
vt 0.892892 0.167561
vt 0.892892 0.001992
vt 0.927603 0.001992
vt 0.927603 0.167561
vt 0.922397 0.189604
vt 0.922397 0.355173
vt 0.887685 0.355173
vt 0.887685 0.189604
vt 0.529212 0.270014
vt 0.529212 0.001992
vt 0.563924 0.001992
vt 0.563924 0.270014
vt 0.624537 0.001992
vt 0.624537 0.270014
vt 0.589826 0.270014
vt 0.589826 0.001992
vt 0.038796 0.940593
vt 0.051177 0.940593
vt 0.051177 0.975304
vt 0.038796 0.975304
vt 0.057164 0.940593
vt 0.069545 0.940593
vt 0.069545 0.975304
vt 0.057164 0.975304
vt 0.075532 0.940593
vt 0.087912 0.940593
vt 0.087912 0.975304
vt 0.075532 0.975304
vt 0.093899 0.940593
vt 0.106280 0.940593
vt 0.106280 0.975304
vt 0.093899 0.975304
vt 0.594402 0.434142
vt 0.594402 0.273776
vt 0.629113 0.273776
vt 0.629113 0.434142
vt 0.570456 0.273776
vt 0.570456 0.434142
vt 0.535745 0.434142
vt 0.535745 0.273776
vt 0.202268 0.680389
vt 0.202268 0.557838
vt 0.236980 0.557838
vt 0.236980 0.680389
vt 0.297593 0.557838
vt 0.297593 0.680389
vt 0.262882 0.680389
vt 0.262882 0.557838
vt 0.185738 0.938890
vt 0.198118 0.938890
vt 0.198118 0.973602
vt 0.185738 0.973602
vt 0.204105 0.938890
vt 0.216486 0.938890
vt 0.216486 0.973602
vt 0.204105 0.973602
vt 0.477088 0.566712
vt 0.477088 0.428485
vt 0.511800 0.428485
vt 0.511800 0.566712
vt 0.453143 0.428485
vt 0.453143 0.566712
vt 0.418432 0.566712
vt 0.418432 0.428485
vt 0.771665 0.185842
vt 0.771665 0.001992
vt 0.806377 0.001992
vt 0.806377 0.185842
vt 0.866990 0.001992
vt 0.866990 0.185842
vt 0.832279 0.185842
vt 0.832279 0.001992
vt 0.323495 0.663479
vt 0.323495 0.557212
vt 0.358206 0.557212
vt 0.358206 0.663479
vt 0.418820 0.570474
vt 0.418820 0.676741
vt 0.384108 0.676741
vt 0.384108 0.570474
vt 0.788535 0.531882
vt 0.788535 0.447001
vt 0.823246 0.447001
vt 0.823246 0.531882
vt 0.764589 0.498865
vt 0.764589 0.583746
vt 0.729878 0.583746
vt 0.729878 0.498865
vt 0.671221 0.582269
vt 0.671221 0.497388
vt 0.705933 0.497388
vt 0.705933 0.582269
vt 0.647276 0.529696
vt 0.647276 0.614577
vt 0.612564 0.614577
vt 0.612564 0.529696
vt 0.125148 0.553844
vt 0.125148 0.429111
vt 0.159860 0.429111
vt 0.159860 0.553844
vt 0.101203 0.429112
vt 0.101203 0.553844
vt 0.066492 0.553844
vt 0.066492 0.429112
vt 0.829028 0.354436
vt 0.829028 0.189604
vt 0.863740 0.189604
vt 0.863740 0.354436
vt 0.805083 0.189604
vt 0.805083 0.354436
vt 0.770372 0.354436
vt 0.770372 0.189604
vt 0.001877 0.794230
vt 0.001877 0.741990
vt 0.036589 0.741990
vt 0.036589 0.794230
vt 0.095549 0.741990
vt 0.095549 0.794230
vt 0.060838 0.794230
vt 0.060838 0.741990
vt 0.121451 0.793893
vt 0.121451 0.741653
vt 0.156162 0.741653
vt 0.156162 0.793893
vt 0.216776 0.741653
vt 0.216776 0.793892
vt 0.182064 0.793892
vt 0.182064 0.741653
vt 0.242677 0.792744
vt 0.242677 0.740504
vt 0.277389 0.740504
vt 0.277389 0.792744
vt 0.338002 0.740504
vt 0.338002 0.792744
vt 0.303290 0.792744
vt 0.303290 0.740504
vt 0.711715 0.690318
vt 0.711715 0.641551
vt 0.724096 0.641551
vt 0.724096 0.690318
vt 0.665439 0.672382
vt 0.665439 0.721148
vt 0.653058 0.721148
vt 0.653058 0.672382
vt 0.042470 0.425350
vt 0.042470 0.001992
vt 0.059930 0.001992
vt 0.059930 0.425350
vt 0.126053 0.001992
vt 0.126053 0.425350
vt 0.108593 0.425350
vt 0.108593 0.001992
vt 0.066491 0.738229
vt 0.066491 0.685989
vt 0.078872 0.685989
vt 0.078872 0.738229
vt 0.020215 0.685989
vt 0.020215 0.738228
vt 0.007835 0.738228
vt 0.007835 0.685989
vt 0.345536 0.918188
vt 0.345536 0.871929
vt 0.357917 0.871929
vt 0.357917 0.918188
vt 0.418530 0.871929
vt 0.418530 0.918188
vt 0.406149 0.918188
vt 0.406149 0.871929
vt 0.306964 0.424723
vt 0.306964 0.001992
vt 0.324424 0.001992
vt 0.324424 0.424723
vt 0.373087 0.424723
vt 0.373087 0.001992
vt 0.390547 0.001992
vt 0.390547 0.424723
vt 0.174717 0.425350
vt 0.174717 0.001992
vt 0.192177 0.001992
vt 0.192177 0.425350
vt 0.258300 0.001992
vt 0.258300 0.425350
vt 0.240840 0.425350
vt 0.240840 0.001992
vt 0.439211 0.424723
vt 0.439211 0.001992
vt 0.456671 0.001992
vt 0.456671 0.424723
vt 0.505335 0.424723
vt 0.505335 0.001992
vt 0.522795 0.001992
vt 0.522795 0.424723
vt 0.608193 0.522946
vt 0.608193 0.437904
vt 0.620574 0.437904
vt 0.620574 0.522946
vt 0.668807 0.493626
vt 0.668807 0.408584
vt 0.681187 0.408584
vt 0.681187 0.493626
vt 0.224310 0.896655
vt 0.224310 0.849718
vt 0.236690 0.849718
vt 0.236690 0.896655
vt 0.284923 0.895761
vt 0.284923 0.848823
vt 0.297304 0.848823
vt 0.297304 0.895761
vt 0.693552 0.404822
vt 0.693552 0.241468
vt 0.705933 0.241468
vt 0.705933 0.404822
vt 0.634895 0.437130
vt 0.634895 0.273776
vt 0.647276 0.273776
vt 0.647276 0.437130
vt 0.341612 0.553450
vt 0.341612 0.428485
vt 0.353993 0.428485
vt 0.353993 0.553450
vt 0.282955 0.553450
vt 0.282955 0.428485
vt 0.295336 0.428485
vt 0.295336 0.553450
vt 0.535745 0.765158
vt 0.535745 0.683923
vt 0.548126 0.683923
vt 0.548126 0.765158
vt 0.477088 0.743019
vt 0.477088 0.661783
vt 0.489469 0.661783
vt 0.489469 0.743019
vt 0.729420 0.493626
vt 0.729420 0.408584
vt 0.741801 0.408584
vt 0.741801 0.493626
vt 0.790033 0.443239
vt 0.790033 0.358197
vt 0.802414 0.358197
vt 0.802414 0.443239
vt 0.850646 0.443239
vt 0.850646 0.358197
vt 0.863027 0.358197
vt 0.863027 0.443239
vt 0.911259 0.443976
vt 0.911259 0.358934
vt 0.923640 0.358934
vt 0.923640 0.443976
vt 0.224299 0.554076
vt 0.224299 0.429112
vt 0.236679 0.429112
vt 0.236679 0.554076
vt 0.165642 0.554076
vt 0.165642 0.429111
vt 0.178023 0.429111
vt 0.178023 0.554076
vt 0.406149 0.815849
vt 0.406149 0.764425
vt 0.418530 0.764425
vt 0.418530 0.815849
vt 0.466763 0.815849
vt 0.466763 0.764425
vt 0.479143 0.764425
vt 0.479143 0.815849
vt 0.242462 0.844808
vt 0.242462 0.796506
vt 0.254843 0.796506
vt 0.254843 0.844808
vt 0.183805 0.845956
vt 0.183805 0.797654
vt 0.196186 0.797654
vt 0.196186 0.845956
vt 0.466763 0.921061
vt 0.466763 0.875281
vt 0.479143 0.875281
vt 0.479143 0.921061
vt 0.527376 0.921062
vt 0.527376 0.875281
vt 0.539757 0.875281
vt 0.539757 0.921062
vt 0.125148 0.845956
vt 0.125148 0.797654
vt 0.137529 0.797654
vt 0.137529 0.845956
vt 0.066492 0.846294
vt 0.066492 0.797992
vt 0.078872 0.797992
vt 0.078872 0.846294
vt 0.301118 0.736742
vt 0.301118 0.684150
vt 0.313499 0.684150
vt 0.313499 0.736742
vt 0.242461 0.736742
vt 0.242461 0.684150
vt 0.254842 0.684150
vt 0.254842 0.736742
vt 0.007835 0.846294
vt 0.007835 0.797992
vt 0.020216 0.797992
vt 0.020216 0.846294
vt 0.042470 0.898358
vt 0.042470 0.850055
vt 0.054851 0.850055
vt 0.054851 0.898358
vt 0.887685 0.532780
vt 0.887685 0.447738
vt 0.900066 0.447738
vt 0.900066 0.532780
vt 0.829028 0.532043
vt 0.829028 0.447001
vt 0.841409 0.447001
vt 0.841409 0.532043
vt 0.829028 0.639010
vt 0.829028 0.589848
vt 0.841409 0.589848
vt 0.841409 0.639010
vt 0.770372 0.690713
vt 0.770372 0.641551
vt 0.782753 0.641551
vt 0.782753 0.690713
vt 0.692685 0.237706
vt 0.692685 0.001992
vt 0.705065 0.001992
vt 0.705065 0.237706
vt 0.753298 0.237706
vt 0.753298 0.001992
vt 0.765679 0.001992
vt 0.765679 0.237706
vt 0.103083 0.898358
vt 0.103083 0.850056
vt 0.115464 0.850056
vt 0.115464 0.898358
vt 0.163696 0.898020
vt 0.163696 0.849718
vt 0.176077 0.849718
vt 0.176077 0.898020
vt 0.001877 0.682117
vt 0.001877 0.557495
vt 0.014258 0.557495
vt 0.014258 0.682117
vt 0.062674 0.682227
vt 0.062674 0.557606
vt 0.075055 0.557606
vt 0.075055 0.682227
vt 0.183805 0.737891
vt 0.183805 0.685299
vt 0.196186 0.685299
vt 0.196186 0.737891
vt 0.125148 0.737659
vt 0.125148 0.685067
vt 0.137529 0.685067
vt 0.137529 0.737659
vt 0.123288 0.681305
vt 0.123288 0.557606
vt 0.135668 0.557606
vt 0.135668 0.681305
vt 0.196282 0.557838
vt 0.196282 0.681537
vt 0.183901 0.681537
vt 0.183901 0.557838
vt 0.486967 0.658022
vt 0.486967 0.570474
vt 0.499348 0.570474
vt 0.499348 0.658022
vt 0.559961 0.437904
vt 0.559961 0.525452
vt 0.547580 0.525452
vt 0.547580 0.437904
vt 0.418431 0.760663
vt 0.418431 0.680503
vt 0.430812 0.680503
vt 0.430812 0.760663
vt 0.372156 0.667240
vt 0.372156 0.747401
vt 0.359775 0.747401
vt 0.359775 0.667240
vt 0.527376 0.819202
vt 0.527376 0.768920
vt 0.539757 0.768920
vt 0.539757 0.819202
vt 0.587989 0.665632
vt 0.587989 0.615350
vt 0.600370 0.615350
vt 0.600370 0.665632
vt 0.594402 0.720938
vt 0.594402 0.672382
vt 0.606782 0.672382
vt 0.606782 0.720938
vt 0.535745 0.871520
vt 0.535745 0.822963
vt 0.548126 0.822963
vt 0.548126 0.871520
vt 0.891055 0.586075
vt 0.891055 0.536542
vt 0.903436 0.536542
vt 0.903436 0.586075
vt 0.900066 0.589837
vt 0.900066 0.639371
vt 0.887685 0.639371
vt 0.887685 0.589837
vt 0.648602 0.668620
vt 0.648602 0.618338
vt 0.660983 0.618338
vt 0.660983 0.668620
vt 0.709215 0.636312
vt 0.709215 0.586031
vt 0.721596 0.586031
vt 0.721596 0.636312
vt 0.928179 0.336892
vt 0.928179 0.171323
vt 0.940560 0.171323
vt 0.940560 0.336892
vt 0.881903 0.189604
vt 0.881903 0.355173
vt 0.869522 0.355173
vt 0.869522 0.189604
vt 0.571458 0.270014
vt 0.571458 0.001992
vt 0.583839 0.001992
vt 0.583839 0.270014
vt 0.644452 0.001992
vt 0.644452 0.270014
vt 0.632071 0.270014
vt 0.632071 0.001992
vt 0.769829 0.637790
vt 0.769829 0.587508
vt 0.782210 0.587508
vt 0.782210 0.637790
vt 0.830442 0.586086
vt 0.830442 0.535805
vt 0.842823 0.535805
vt 0.842823 0.586086
vt 0.477088 0.871520
vt 0.477088 0.822963
vt 0.489469 0.822963
vt 0.489469 0.871520
vt 0.418432 0.868167
vt 0.418432 0.819611
vt 0.430813 0.819611
vt 0.430813 0.868167
vt 0.576239 0.434142
vt 0.576239 0.273776
vt 0.588620 0.273776
vt 0.588620 0.434142
vt 0.529963 0.428485
vt 0.529963 0.588851
vt 0.517582 0.588851
vt 0.517582 0.428485
vt 0.244514 0.680389
vt 0.244514 0.557838
vt 0.256895 0.557838
vt 0.256895 0.680389
vt 0.317508 0.557212
vt 0.317508 0.679762
vt 0.305127 0.679762
vt 0.305127 0.557212
vt 0.359775 0.868167
vt 0.359775 0.819611
vt 0.372156 0.819611
vt 0.372156 0.868167
vt 0.301118 0.845062
vt 0.301118 0.796505
vt 0.313499 0.796505
vt 0.313499 0.845062
vt 0.458925 0.566712
vt 0.458925 0.428485
vt 0.471306 0.428485
vt 0.471306 0.566712
vt 0.412649 0.428485
vt 0.412649 0.566712
vt 0.400269 0.566712
vt 0.400269 0.428485
vt 0.813911 0.185842
vt 0.813911 0.001992
vt 0.826292 0.001992
vt 0.826292 0.185842
vt 0.886905 0.001992
vt 0.886905 0.185842
vt 0.874524 0.185842
vt 0.874524 0.001992
vt 0.365740 0.663479
vt 0.365740 0.557212
vt 0.378121 0.557212
vt 0.378121 0.663479
vt 0.438735 0.570474
vt 0.438735 0.676741
vt 0.426354 0.676741
vt 0.426354 0.570474
vt 0.770372 0.583746
vt 0.770372 0.498865
vt 0.782752 0.498865
vt 0.782752 0.583746
vt 0.724096 0.497388
vt 0.724096 0.582269
vt 0.711715 0.582269
vt 0.711715 0.497388
vt 0.653058 0.614577
vt 0.653058 0.529696
vt 0.665439 0.529696
vt 0.665439 0.614577
vt 0.606782 0.526708
vt 0.606782 0.611588
vt 0.594401 0.611588
vt 0.594401 0.526708
vt 0.106985 0.553844
vt 0.106985 0.429111
vt 0.119366 0.429111
vt 0.119366 0.553844
vt 0.060709 0.429112
vt 0.060709 0.553844
vt 0.048329 0.553844
vt 0.048329 0.429112
vt 0.810865 0.354436
vt 0.810865 0.189604
vt 0.823246 0.189604
vt 0.823246 0.354436
vt 0.764590 0.241468
vt 0.764590 0.406300
vt 0.752209 0.406300
vt 0.752209 0.241468
vt 0.042470 0.794230
vt 0.042470 0.741990
vt 0.054851 0.741990
vt 0.054851 0.794230
vt 0.115464 0.741068
vt 0.115464 0.793308
vt 0.103083 0.793308
vt 0.103083 0.741068
vt 0.163696 0.793893
vt 0.163696 0.741653
vt 0.176077 0.741653
vt 0.176077 0.793893
vt 0.236690 0.740504
vt 0.236690 0.792744
vt 0.224310 0.792744
vt 0.224310 0.740504
vt 0.284923 0.792744
vt 0.284923 0.740504
vt 0.297304 0.740504
vt 0.297304 0.792744
vt 0.357917 0.751163
vt 0.357917 0.803402
vt 0.345536 0.803402
vt 0.345536 0.751163
vt 0.545743 0.875281
vt 0.558124 0.875281
vt 0.558124 0.909993
vt 0.545743 0.909993
vt 0.576492 0.909993
vt 0.564111 0.909993
vt 0.564111 0.875281
vt 0.576492 0.875281
vt 0.582479 0.875281
vt 0.599939 0.875281
vt 0.599939 0.909993
vt 0.582479 0.909993
vt 0.623817 0.759411
vt 0.606357 0.759411
vt 0.606357 0.724700
vt 0.623817 0.724700
vt 0.630235 0.724700
vt 0.642615 0.724700
vt 0.642615 0.759411
vt 0.630235 0.759411
vt 0.660983 0.759621
vt 0.648602 0.759621
vt 0.648602 0.724910
vt 0.660983 0.724910
vt 0.666970 0.724910
vt 0.679351 0.724910
vt 0.679351 0.759621
vt 0.666970 0.759621
vt 0.697718 0.759621
vt 0.685337 0.759621
vt 0.685337 0.724910
vt 0.697718 0.724910
vt 0.264718 0.424723
vt 0.264718 0.001992
vt 0.299430 0.001992
vt 0.299430 0.424723
vt 0.330842 0.424723
vt 0.330842 0.001992
vt 0.365553 0.001992
vt 0.365553 0.424723
vt 0.751461 0.694475
vt 0.768921 0.694475
vt 0.768921 0.729187
vt 0.751461 0.729187
vt 0.792799 0.729187
vt 0.775339 0.729187
vt 0.775339 0.694475
vt 0.792799 0.694475
vt 0.396965 0.424723
vt 0.396965 0.001992
vt 0.431677 0.001992
vt 0.431677 0.424723
vt 0.463089 0.424723
vt 0.463089 0.001992
vt 0.497800 0.001992
vt 0.497800 0.424723
vt 0.565948 0.522946
vt 0.565948 0.437904
vt 0.600659 0.437904
vt 0.600659 0.522946
vt 0.626561 0.525934
vt 0.626561 0.440892
vt 0.661273 0.440892
vt 0.661273 0.525934
vt 0.182064 0.896655
vt 0.182064 0.849718
vt 0.216775 0.849718
vt 0.216775 0.896655
vt 0.242677 0.895507
vt 0.242677 0.848569
vt 0.277389 0.848569
vt 0.277389 0.895507
vt 0.711715 0.404822
vt 0.711715 0.241468
vt 0.746427 0.241468
vt 0.746427 0.404822
vt 0.653058 0.404822
vt 0.653058 0.241468
vt 0.687770 0.241468
vt 0.687770 0.404822
vt 0.359775 0.553450
vt 0.359775 0.428485
vt 0.394486 0.428485
vt 0.394486 0.553450
vt 0.301118 0.553450
vt 0.301118 0.428485
vt 0.335830 0.428485
vt 0.335830 0.553450
vt 0.553908 0.610449
vt 0.553908 0.529213
vt 0.588619 0.529213
vt 0.588619 0.610449
vt 0.495251 0.765158
vt 0.495251 0.683923
vt 0.529963 0.683923
vt 0.529963 0.765158
vt 0.687174 0.493626
vt 0.687174 0.408584
vt 0.721886 0.408584
vt 0.721886 0.493626
vt 0.747787 0.495104
vt 0.747787 0.410062
vt 0.782499 0.410062
vt 0.782499 0.495104
vt 0.808401 0.443239
vt 0.808401 0.358197
vt 0.843112 0.358197
vt 0.843112 0.443239
vt 0.869014 0.443976
vt 0.869014 0.358934
vt 0.903725 0.358934
vt 0.903725 0.443976
vt 0.242462 0.554076
vt 0.242462 0.429111
vt 0.277173 0.429111
vt 0.277173 0.554076
vt 0.183805 0.554076
vt 0.183805 0.429112
vt 0.218517 0.429112
vt 0.218517 0.554076
vt 0.363904 0.815849
vt 0.363904 0.764425
vt 0.398615 0.764425
vt 0.398615 0.815849
vt 0.424517 0.815849
vt 0.424517 0.764425
vt 0.459228 0.764425
vt 0.459228 0.815849
vt 0.260625 0.844808
vt 0.260625 0.796506
vt 0.295336 0.796506
vt 0.295336 0.844808
vt 0.201968 0.845956
vt 0.201968 0.797654
vt 0.236680 0.797654
vt 0.236680 0.845956
vt 0.424517 0.917709
vt 0.424517 0.871929
vt 0.459228 0.871929
vt 0.459228 0.917709
vt 0.485130 0.921061
vt 0.485130 0.875281
vt 0.519842 0.875281
vt 0.519842 0.921061
vt 0.143311 0.845956
vt 0.143311 0.797654
vt 0.178023 0.797654
vt 0.178023 0.845956
vt 0.084655 0.846294
vt 0.084655 0.797992
vt 0.119366 0.797992
vt 0.119366 0.846294
vt 0.319281 0.736116
vt 0.319281 0.683524
vt 0.353993 0.683524
vt 0.353993 0.736116
vt 0.260624 0.736742
vt 0.260624 0.684150
vt 0.295336 0.684150
vt 0.295336 0.736742
vt 0.025998 0.846294
vt 0.025998 0.797992
vt 0.060709 0.797992
vt 0.060709 0.846294
vt 0.001877 0.898358
vt 0.001877 0.850055
vt 0.036589 0.850055
vt 0.036589 0.898358
vt 0.905848 0.532780
vt 0.905848 0.447738
vt 0.940559 0.447738
vt 0.940559 0.532780
vt 0.847191 0.532780
vt 0.847191 0.447738
vt 0.881903 0.447738
vt 0.881903 0.532780
vt 0.847191 0.638999
vt 0.847191 0.589837
vt 0.881903 0.589837
vt 0.881903 0.638999
vt 0.788535 0.638849
vt 0.788535 0.589687
vt 0.823246 0.589687
vt 0.823246 0.638849
vt 0.650439 0.237706
vt 0.650439 0.001992
vt 0.685150 0.001992
vt 0.685150 0.237706
vt 0.711052 0.237706
vt 0.711052 0.001992
vt 0.745764 0.001992
vt 0.745764 0.237706
vt 0.060838 0.898358
vt 0.060838 0.850056
vt 0.095549 0.850056
vt 0.095549 0.898358
vt 0.121451 0.898358
vt 0.121451 0.850056
vt 0.156162 0.850056
vt 0.156162 0.898358
vt 0.007835 0.553733
vt 0.007835 0.429112
vt 0.042546 0.429112
vt 0.042546 0.553733
vt 0.020429 0.682227
vt 0.020429 0.557606
vt 0.055140 0.557606
vt 0.055140 0.682227
vt 0.201968 0.736742
vt 0.201968 0.684150
vt 0.236679 0.684150
vt 0.236679 0.736742
vt 0.143311 0.737891
vt 0.143311 0.685299
vt 0.178023 0.685299
vt 0.178023 0.737891
vt 0.292473 0.909503
vt 0.304854 0.909503
vt 0.304854 0.944214
vt 0.292473 0.944214
vt 0.286691 0.934234
vt 0.274310 0.934234
vt 0.274310 0.899522
vt 0.286691 0.899522
vt 0.256147 0.899268
vt 0.268528 0.899268
vt 0.268528 0.933980
vt 0.256147 0.933980
vt 0.250365 0.935128
vt 0.237984 0.935128
vt 0.237984 0.900417
vt 0.250365 0.900417
vt 0.219821 0.900417
vt 0.232202 0.900417
vt 0.232202 0.935128
vt 0.219821 0.935128
vt 0.214039 0.935128
vt 0.201658 0.935128
vt 0.201658 0.900417
vt 0.214039 0.900417
vt 0.485130 0.819202
vt 0.485130 0.768920
vt 0.519842 0.768920
vt 0.519842 0.819202
vt 0.545743 0.819202
vt 0.545743 0.768920
vt 0.580455 0.768920
vt 0.580455 0.819202
vt 0.612565 0.720938
vt 0.612565 0.672382
vt 0.647276 0.672382
vt 0.647276 0.720938
vt 0.553908 0.871520
vt 0.553908 0.822963
vt 0.588619 0.822963
vt 0.588619 0.871520
vt 0.110842 0.902119
vt 0.123223 0.902119
vt 0.123223 0.936831
vt 0.110842 0.936831
vt 0.105060 0.936831
vt 0.092679 0.936831
vt 0.092679 0.902119
vt 0.105060 0.902119
vt 0.606357 0.668620
vt 0.606357 0.618338
vt 0.641068 0.618338
vt 0.641068 0.668620
vt 0.666970 0.668620
vt 0.666970 0.618338
vt 0.701681 0.618338
vt 0.701681 0.668620
vt 0.038190 0.902119
vt 0.050571 0.902119
vt 0.050571 0.936831
vt 0.038190 0.936831
vt 0.032408 0.936831
vt 0.020027 0.936831
vt 0.020027 0.902119
vt 0.032408 0.902119
vt 0.001877 0.902119
vt 0.014258 0.902119
vt 0.014258 0.936831
vt 0.001877 0.936831
vt 0.032810 0.975304
vt 0.020429 0.975304
vt 0.020429 0.940593
vt 0.032810 0.940593
vt 0.727583 0.637789
vt 0.727583 0.587508
vt 0.762295 0.587508
vt 0.762295 0.637789
vt 0.788196 0.585925
vt 0.788196 0.535644
vt 0.822908 0.535644
vt 0.822908 0.585925
vt 0.495251 0.871520
vt 0.495251 0.822963
vt 0.529963 0.822963
vt 0.529963 0.871520
vt 0.436595 0.868167
vt 0.436595 0.819611
vt 0.471306 0.819611
vt 0.471306 0.868167
vt 0.112267 0.940593
vt 0.124648 0.940593
vt 0.124648 0.975304
vt 0.112267 0.975304
vt 0.143015 0.975304
vt 0.130635 0.975304
vt 0.130635 0.940593
vt 0.143015 0.940593
vt 0.149002 0.940593
vt 0.161383 0.940593
vt 0.161383 0.975304
vt 0.149002 0.975304
vt 0.179751 0.974967
vt 0.167370 0.974967
vt 0.167370 0.940255
vt 0.179751 0.940255
vt 0.377938 0.868167
vt 0.377938 0.819611
vt 0.412650 0.819611
vt 0.412650 0.868167
vt 0.319281 0.855720
vt 0.319281 0.807164
vt 0.353993 0.807164
vt 0.353993 0.855720
vt 0.222473 0.938890
vt 0.234854 0.938890
vt 0.234854 0.973602
vt 0.222473 0.973602
vt 0.253221 0.973602
vt 0.240840 0.973602
vt 0.240840 0.938890
vt 0.253221 0.938890
vt 0.259208 0.937995
vt 0.271589 0.937995
vt 0.271589 0.972707
vt 0.259208 0.972707
vt 0.289957 0.982688
vt 0.277576 0.982688
vt 0.277576 0.947976
vt 0.289957 0.947976
vt 0.295943 0.947976
vt 0.308324 0.947976
vt 0.308324 0.982688
vt 0.295943 0.982688
vt 0.326692 0.982688
vt 0.314311 0.982688
vt 0.314311 0.947976
vt 0.326692 0.947976
vt 0.332679 0.960423
vt 0.345060 0.960423
vt 0.345060 0.995135
vt 0.332679 0.995135
vt 0.363427 0.995135
vt 0.351046 0.995135
vt 0.351046 0.960423
vt 0.363427 0.960423
vt 0.369414 0.960423
vt 0.381795 0.960423
vt 0.381795 0.995135
vt 0.369414 0.995135
vt 0.400162 0.995135
vt 0.387782 0.995135
vt 0.387782 0.960423
vt 0.400162 0.960423
vt 0.406149 0.960423
vt 0.418530 0.960423
vt 0.418530 0.995135
vt 0.406149 0.995135
vt 0.436898 0.995135
vt 0.424517 0.995135
vt 0.424517 0.960423
vt 0.436898 0.960423
vt 0.442885 0.963296
vt 0.455265 0.963296
vt 0.455265 0.998008
vt 0.442885 0.998008
vt 0.473633 0.998008
vt 0.461252 0.998008
vt 0.461252 0.963296
vt 0.473633 0.963296
vt 0.479620 0.963296
vt 0.492001 0.963296
vt 0.492001 0.998008
vt 0.479620 0.998008
vt 0.510368 0.998008
vt 0.497987 0.998008
vt 0.497987 0.963296
vt 0.510368 0.963296
vt 0.516355 0.963296
vt 0.528736 0.963296
vt 0.528736 0.998008
vt 0.516355 0.998008
vt 0.547104 0.998008
vt 0.534723 0.998008
vt 0.534723 0.963296
vt 0.547104 0.963296
vt 0.553090 0.952228
vt 0.565471 0.952228
vt 0.565471 0.986939
vt 0.553090 0.986939
vt 0.583839 0.986939
vt 0.571458 0.986939
vt 0.571458 0.952228
vt 0.583839 0.952228
vn -1.000000 0.000000 0.000000
vn -1.000000 0.000000 0.000000
vn -1.000000 0.000000 0.000000
vn -1.000000 0.000000 0.000000
vn 0.000000 1.000000 0.000000
vn 0.000000 1.000000 0.000000
vn 0.000000 1.000000 0.000000
vn 0.000000 1.000000 0.000000
vn 1.000000 0.000000 0.000000
vn 1.000000 0.000000 0.000000
vn 1.000000 0.000000 0.000000
vn 1.000000 0.000000 0.000000
vn 0.000000 -1.000000 0.000000
vn 0.000000 -1.000000 0.000000
vn 0.000000 -1.000000 0.000000
vn 0.000000 -1.000000 0.000000
vn 0.000000 0.000000 1.000000
vn 0.000000 0.000000 1.000000
vn 0.000000 0.000000 1.000000
vn 0.000000 0.000000 1.000000
vn 0.000000 0.000000 -1.000000
vn 0.000000 0.000000 -1.000000
vn 0.000000 0.000000 -1.000000
vn 0.000000 0.000000 -1.000000
vn -1.000000 0.000000 0.000000
vn -1.000000 0.000000 0.000000
vn -1.000000 0.000000 0.000000
vn -1.000000 0.000000 0.000000
vn 0.000000 1.000000 0.000000
vn 0.000000 1.000000 0.000000
vn 0.000000 1.000000 0.000000
vn 0.000000 1.000000 0.000000
vn 1.000000 0.000000 0.000000
vn 1.000000 0.000000 0.000000
vn 1.000000 0.000000 0.000000
vn 1.000000 0.000000 0.000000
vn 0.000000 -1.000000 0.000000
vn 0.000000 -1.000000 0.000000
vn 0.000000 -1.000000 0.000000
vn 0.000000 -1.000000 0.000000
vn 0.000000 0.000000 1.000000
vn 0.000000 0.000000 1.000000
vn 0.000000 0.000000 1.000000
vn 0.000000 0.000000 1.000000
vn 0.000000 0.000000 -1.000000
vn 0.000000 0.000000 -1.000000
vn 0.000000 0.000000 -1.000000
vn 0.000000 0.000000 -1.000000
vn -1.000000 0.000000 0.000000
vn -1.000000 0.000000 0.000000
vn -1.000000 0.000000 0.000000
vn -1.000000 0.000000 0.000000
vn 0.000000 1.000000 0.000000
vn 0.000000 1.000000 0.000000
vn 0.000000 1.000000 0.000000
vn 0.000000 1.000000 0.000000
vn 1.000000 0.000000 0.000000
vn 1.000000 0.000000 0.000000
vn 1.000000 0.000000 0.000000
vn 1.000000 0.000000 0.000000
vn 0.000000 -1.000000 0.000000
vn 0.000000 -1.000000 0.000000
vn 0.000000 -1.000000 0.000000
vn 0.000000 -1.000000 0.000000
vn 0.000000 0.000000 1.000000
vn 0.000000 0.000000 1.000000
vn 0.000000 0.000000 1.000000
vn 0.000000 0.000000 1.000000
vn 0.000000 0.000000 -1.000000
vn 0.000000 0.000000 -1.000000
vn 0.000000 0.000000 -1.000000
vn 0.000000 0.000000 -1.000000
vn -1.000000 0.000000 0.000000
vn -1.000000 0.000000 0.000000
vn -1.000000 0.000000 0.000000
vn -1.000000 0.000000 0.000000
vn 0.000000 1.000000 0.000000
vn 0.000000 1.000000 0.000000
vn 0.000000 1.000000 0.000000
vn 0.000000 1.000000 0.000000
vn 1.000000 0.000000 0.000000
vn 1.000000 0.000000 0.000000
vn 1.000000 0.000000 0.000000
vn 1.000000 0.000000 0.000000
vn 0.000000 -1.000000 0.000000
vn 0.000000 -1.000000 0.000000
vn 0.000000 -1.000000 0.000000
vn 0.000000 -1.000000 0.000000
vn 0.000000 0.000000 1.000000
vn 0.000000 0.000000 1.000000
vn 0.000000 0.000000 1.000000
vn 0.000000 0.000000 1.000000
vn 0.000000 0.000000 -1.000000
vn 0.000000 0.000000 -1.000000
vn 0.000000 0.000000 -1.000000
vn 0.000000 0.000000 -1.000000
vn 0.000000 0.000000 1.000000
vn 0.000000 0.000000 1.000000
vn 0.000000 0.000000 1.000000
vn 0.000000 0.000000 1.000000
vn 0.000000 1.000000 0.000000
vn 0.000000 1.000000 0.000000
vn 0.000000 1.000000 0.000000
vn 0.000000 1.000000 0.000000
vn 0.000000 0.000000 -1.000000
vn 0.000000 0.000000 -1.000000
vn 0.000000 0.000000 -1.000000
vn 0.000000 0.000000 -1.000000
vn 0.000000 -1.000000 0.000000
vn 0.000000 -1.000000 0.000000
vn 0.000000 -1.000000 0.000000
vn 0.000000 -1.000000 0.000000
vn 1.000000 0.000000 0.000000
vn 1.000000 0.000000 0.000000
vn 1.000000 0.000000 0.000000
vn 1.000000 0.000000 0.000000
vn -1.000000 0.000000 0.000000
vn -1.000000 0.000000 0.000000
vn -1.000000 0.000000 0.000000
vn -1.000000 0.000000 0.000000
vn -1.000000 0.000000 0.000000
vn -1.000000 0.000000 0.000000
vn -1.000000 0.000000 0.000000
vn -1.000000 0.000000 0.000000
vn 0.000000 1.000000 0.000000
vn 0.000000 1.000000 0.000000
vn 0.000000 1.000000 0.000000
vn 0.000000 1.000000 0.000000
vn 1.000000 0.000000 0.000000
vn 1.000000 0.000000 0.000000
vn 1.000000 0.000000 0.000000
vn 1.000000 0.000000 0.000000
vn 0.000000 -1.000000 0.000000
vn 0.000000 -1.000000 0.000000
vn 0.000000 -1.000000 0.000000
vn 0.000000 -1.000000 0.000000
vn 0.000000 0.000000 1.000000
vn 0.000000 0.000000 1.000000
vn 0.000000 0.000000 1.000000
vn 0.000000 0.000000 1.000000
vn 0.000000 0.000000 -1.000000
vn 0.000000 0.000000 -1.000000
vn 0.000000 0.000000 -1.000000
vn 0.000000 0.000000 -1.000000
vn 0.000000 0.000000 1.000000
vn 0.000000 0.000000 1.000000
vn 0.000000 0.000000 1.000000
vn 0.000000 0.000000 1.000000
vn 0.000000 1.000000 0.000000
vn 0.000000 1.000000 0.000000
vn 0.000000 1.000000 0.000000
vn 0.000000 1.000000 0.000000
vn 0.000000 0.000000 -1.000000
vn 0.000000 0.000000 -1.000000
vn 0.000000 0.000000 -1.000000
vn 0.000000 0.000000 -1.000000
vn 0.000000 -1.000000 0.000000
vn 0.000000 -1.000000 0.000000
vn 0.000000 -1.000000 0.000000
vn 0.000000 -1.000000 0.000000
vn 1.000000 0.000000 0.000000
vn 1.000000 0.000000 0.000000
vn 1.000000 0.000000 0.000000
vn 1.000000 0.000000 0.000000
vn -1.000000 0.000000 0.000000
vn -1.000000 0.000000 0.000000
vn -1.000000 0.000000 0.000000
vn -1.000000 0.000000 0.000000
vn 0.000000 0.000000 1.000000
vn 0.000000 0.000000 1.000000
vn 0.000000 0.000000 1.000000
vn 0.000000 0.000000 1.000000
vn 0.000000 1.000000 0.000000
vn 0.000000 1.000000 0.000000
vn 0.000000 1.000000 0.000000
vn 0.000000 1.000000 0.000000
vn 0.000000 0.000000 -1.000000
vn 0.000000 0.000000 -1.000000
vn 0.000000 0.000000 -1.000000
vn 0.000000 0.000000 -1.000000
vn 0.000000 -1.000000 0.000000
vn 0.000000 -1.000000 0.000000
vn 0.000000 -1.000000 0.000000
vn 0.000000 -1.000000 0.000000
vn 1.000000 0.000000 0.000000
vn 1.000000 0.000000 0.000000
vn 1.000000 0.000000 0.000000
vn 1.000000 0.000000 0.000000
vn -1.000000 0.000000 0.000000
vn -1.000000 0.000000 0.000000
vn -1.000000 0.000000 0.000000
vn -1.000000 0.000000 0.000000
vn 0.000000 0.000000 1.000000
vn 0.000000 0.000000 1.000000
vn 0.000000 0.000000 1.000000
vn 0.000000 0.000000 1.000000
vn 0.000000 1.000000 0.000000
vn 0.000000 1.000000 0.000000
vn 0.000000 1.000000 0.000000
vn 0.000000 1.000000 0.000000
vn 0.000000 0.000000 -1.000000
vn 0.000000 0.000000 -1.000000
vn 0.000000 0.000000 -1.000000
vn 0.000000 0.000000 -1.000000
vn 0.000000 -1.000000 0.000000
vn 0.000000 -1.000000 0.000000
vn 0.000000 -1.000000 0.000000
vn 0.000000 -1.000000 0.000000
vn 1.000000 0.000000 0.000000
vn 1.000000 0.000000 0.000000
vn 1.000000 0.000000 0.000000
vn 1.000000 0.000000 0.000000
vn -1.000000 0.000000 0.000000
vn -1.000000 0.000000 0.000000
vn -1.000000 0.000000 0.000000
vn -1.000000 0.000000 0.000000
vn 0.000000 0.000000 1.000000
vn 0.000000 0.000000 1.000000
vn 0.000000 0.000000 1.000000
vn 0.000000 0.000000 1.000000
vn 0.000000 1.000000 0.000000
vn 0.000000 1.000000 0.000000
vn 0.000000 1.000000 0.000000
vn 0.000000 1.000000 0.000000
vn 0.000000 0.000000 -1.000000
vn 0.000000 0.000000 -1.000000
vn 0.000000 0.000000 -1.000000
vn 0.000000 0.000000 -1.000000
vn 0.000000 -1.000000 0.000000
vn 0.000000 -1.000000 0.000000
vn 0.000000 -1.000000 0.000000
vn 0.000000 -1.000000 0.000000
vn 1.000000 0.000000 0.000000
vn 1.000000 0.000000 0.000000
vn 1.000000 0.000000 0.000000
vn 1.000000 0.000000 0.000000
vn -1.000000 0.000000 0.000000
vn -1.000000 0.000000 0.000000
vn -1.000000 0.000000 0.000000
vn -1.000000 0.000000 0.000000
vn 0.000000 0.000000 1.000000
vn 0.000000 0.000000 1.000000
vn 0.000000 0.000000 1.000000
vn 0.000000 0.000000 1.000000
vn 0.000000 1.000000 0.000000
vn 0.000000 1.000000 0.000000
vn 0.000000 1.000000 0.000000
vn 0.000000 1.000000 0.000000
vn 0.000000 0.000000 -1.000000
vn 0.000000 0.000000 -1.000000
vn 0.000000 0.000000 -1.000000
vn 0.000000 0.000000 -1.000000
vn 0.000000 -1.000000 0.000000
vn 0.000000 -1.000000 0.000000
vn 0.000000 -1.000000 0.000000
vn 0.000000 -1.000000 0.000000
vn 1.000000 0.000000 0.000000
vn 1.000000 0.000000 0.000000
vn 1.000000 0.000000 0.000000
vn 1.000000 0.000000 0.000000
vn -1.000000 0.000000 0.000000
vn -1.000000 0.000000 0.000000
vn -1.000000 0.000000 0.000000
vn -1.000000 0.000000 0.000000
vn 0.000000 0.000000 1.000000
vn 0.000000 0.000000 1.000000
vn 0.000000 0.000000 1.000000
vn 0.000000 0.000000 1.000000
vn 0.000000 1.000000 0.000000
vn 0.000000 1.000000 0.000000
vn 0.000000 1.000000 0.000000
vn 0.000000 1.000000 0.000000
vn 0.000000 0.000000 -1.000000
vn 0.000000 0.000000 -1.000000
vn 0.000000 0.000000 -1.000000
vn 0.000000 0.000000 -1.000000
vn 0.000000 -1.000000 0.000000
vn 0.000000 -1.000000 0.000000
vn 0.000000 -1.000000 0.000000
vn 0.000000 -1.000000 0.000000
vn 1.000000 0.000000 0.000000
vn 1.000000 0.000000 0.000000
vn 1.000000 0.000000 0.000000
vn 1.000000 0.000000 0.000000
vn -1.000000 0.000000 0.000000
vn -1.000000 0.000000 0.000000
vn -1.000000 0.000000 0.000000
vn -1.000000 0.000000 0.000000
vn 0.000000 0.000000 1.000000
vn 0.000000 0.000000 1.000000
vn 0.000000 0.000000 1.000000
vn 0.000000 0.000000 1.000000
vn 0.000000 1.000000 0.000000
vn 0.000000 1.000000 0.000000
vn 0.000000 1.000000 0.000000
vn 0.000000 1.000000 0.000000
vn 0.000000 0.000000 -1.000000
vn 0.000000 0.000000 -1.000000
vn 0.000000 0.000000 -1.000000
vn 0.000000 0.000000 -1.000000
vn 0.000000 -1.000000 0.000000
vn 0.000000 -1.000000 0.000000
vn 0.000000 -1.000000 0.000000
vn 0.000000 -1.000000 0.000000
vn 1.000000 0.000000 0.000000
vn 1.000000 0.000000 0.000000
vn 1.000000 0.000000 0.000000
vn 1.000000 0.000000 0.000000
vn -1.000000 0.000000 0.000000
vn -1.000000 0.000000 0.000000
vn -1.000000 0.000000 0.000000
vn -1.000000 0.000000 0.000000
vn 0.000000 0.000000 1.000000
vn 0.000000 0.000000 1.000000
vn 0.000000 0.000000 1.000000
vn 0.000000 0.000000 1.000000
vn 0.000000 1.000000 0.000000
vn 0.000000 1.000000 0.000000
vn 0.000000 1.000000 0.000000
vn 0.000000 1.000000 0.000000
vn 0.000000 0.000000 -1.000000
vn 0.000000 0.000000 -1.000000
vn 0.000000 0.000000 -1.000000
vn 0.000000 0.000000 -1.000000
vn 0.000000 -1.000000 0.000000
vn 0.000000 -1.000000 0.000000
vn 0.000000 -1.000000 0.000000
vn 0.000000 -1.000000 0.000000
vn 1.000000 0.000000 0.000000
vn 1.000000 0.000000 0.000000
vn 1.000000 0.000000 0.000000
vn 1.000000 0.000000 0.000000
vn -1.000000 0.000000 0.000000
vn -1.000000 0.000000 0.000000
vn -1.000000 0.000000 0.000000
vn -1.000000 0.000000 0.000000
vn 0.000000 0.000000 1.000000
vn 0.000000 0.000000 1.000000
vn 0.000000 0.000000 1.000000
vn 0.000000 0.000000 1.000000
vn 0.000000 1.000000 0.000000
vn 0.000000 1.000000 0.000000
vn 0.000000 1.000000 0.000000
vn 0.000000 1.000000 0.000000
vn 0.000000 0.000000 -1.000000
vn 0.000000 0.000000 -1.000000
vn 0.000000 0.000000 -1.000000
vn 0.000000 0.000000 -1.000000
vn 0.000000 -1.000000 0.000000
vn 0.000000 -1.000000 0.000000
vn 0.000000 -1.000000 0.000000
vn 0.000000 -1.000000 0.000000
vn 1.000000 0.000000 0.000000
vn 1.000000 0.000000 0.000000
vn 1.000000 0.000000 0.000000
vn 1.000000 0.000000 0.000000
vn -1.000000 0.000000 0.000000
vn -1.000000 0.000000 0.000000
vn -1.000000 0.000000 0.000000
vn -1.000000 0.000000 0.000000
vn 0.000000 0.000000 1.000000
vn 0.000000 0.000000 1.000000
vn 0.000000 0.000000 1.000000
vn 0.000000 0.000000 1.000000
vn 0.000000 1.000000 0.000000
vn 0.000000 1.000000 0.000000
vn 0.000000 1.000000 0.000000
vn 0.000000 1.000000 0.000000
vn 0.000000 0.000000 -1.000000
vn 0.000000 0.000000 -1.000000
vn 0.000000 0.000000 -1.000000
vn 0.000000 0.000000 -1.000000
vn 0.000000 -1.000000 0.000000
vn 0.000000 -1.000000 0.000000
vn 0.000000 -1.000000 0.000000
vn 0.000000 -1.000000 0.000000
vn 1.000000 0.000000 0.000000
vn 1.000000 0.000000 0.000000
vn 1.000000 0.000000 0.000000
vn 1.000000 0.000000 0.000000
vn -1.000000 0.000000 0.000000
vn -1.000000 0.000000 0.000000
vn -1.000000 0.000000 0.000000
vn -1.000000 0.000000 0.000000
vn 0.000000 0.000000 1.000000
vn 0.000000 0.000000 1.000000
vn 0.000000 0.000000 1.000000
vn 0.000000 0.000000 1.000000
vn 0.000000 1.000000 0.000000
vn 0.000000 1.000000 0.000000
vn 0.000000 1.000000 0.000000
vn 0.000000 1.000000 0.000000
vn 0.000000 0.000000 -1.000000
vn 0.000000 0.000000 -1.000000
vn 0.000000 0.000000 -1.000000
vn 0.000000 0.000000 -1.000000
vn 0.000000 -1.000000 0.000000
vn 0.000000 -1.000000 0.000000
vn 0.000000 -1.000000 0.000000
vn 0.000000 -1.000000 0.000000
vn 1.000000 0.000000 0.000000
vn 1.000000 0.000000 0.000000
vn 1.000000 0.000000 0.000000
vn 1.000000 0.000000 0.000000
vn -1.000000 0.000000 0.000000
vn -1.000000 0.000000 0.000000
vn -1.000000 0.000000 0.000000
vn -1.000000 0.000000 0.000000
vn 0.000000 0.000000 1.000000
vn 0.000000 0.000000 1.000000
vn 0.000000 0.000000 1.000000
vn 0.000000 0.000000 1.000000
vn 0.000000 1.000000 0.000000
vn 0.000000 1.000000 0.000000
vn 0.000000 1.000000 0.000000
vn 0.000000 1.000000 0.000000
vn 0.000000 0.000000 -1.000000
vn 0.000000 0.000000 -1.000000
vn 0.000000 0.000000 -1.000000
vn 0.000000 0.000000 -1.000000
vn 0.000000 -1.000000 0.000000
vn 0.000000 -1.000000 0.000000
vn 0.000000 -1.000000 0.000000
vn 0.000000 -1.000000 0.000000
vn 1.000000 0.000000 0.000000
vn 1.000000 0.000000 0.000000
vn 1.000000 0.000000 0.000000
vn 1.000000 0.000000 0.000000
vn -1.000000 0.000000 0.000000
vn -1.000000 0.000000 0.000000
vn -1.000000 0.000000 0.000000
vn -1.000000 0.000000 0.000000
vn 0.000000 0.000000 1.000000
vn 0.000000 0.000000 1.000000
vn 0.000000 0.000000 1.000000
vn 0.000000 0.000000 1.000000
vn 0.000000 1.000000 0.000000
vn 0.000000 1.000000 0.000000
vn 0.000000 1.000000 0.000000
vn 0.000000 1.000000 0.000000
vn 0.000000 0.000000 -1.000000
vn 0.000000 0.000000 -1.000000
vn 0.000000 0.000000 -1.000000
vn 0.000000 0.000000 -1.000000
vn 0.000000 -1.000000 0.000000
vn 0.000000 -1.000000 0.000000
vn 0.000000 -1.000000 0.000000
vn 0.000000 -1.000000 0.000000
vn 1.000000 0.000000 0.000000
vn 1.000000 0.000000 0.000000
vn 1.000000 0.000000 0.000000
vn 1.000000 0.000000 0.000000
vn -1.000000 0.000000 0.000000
vn -1.000000 0.000000 0.000000
vn -1.000000 0.000000 0.000000
vn -1.000000 0.000000 0.000000
vn 0.000000 0.000000 1.000000
vn 0.000000 0.000000 1.000000
vn 0.000000 0.000000 1.000000
vn 0.000000 0.000000 1.000000
vn 0.000000 1.000000 0.000000
vn 0.000000 1.000000 0.000000
vn 0.000000 1.000000 0.000000
vn 0.000000 1.000000 0.000000
vn 0.000000 0.000000 -1.000000
vn 0.000000 0.000000 -1.000000
vn 0.000000 0.000000 -1.000000
vn 0.000000 0.000000 -1.000000
vn 0.000000 -1.000000 0.000000
vn 0.000000 -1.000000 0.000000
vn 0.000000 -1.000000 0.000000
vn 0.000000 -1.000000 0.000000
vn 1.000000 0.000000 0.000000
vn 1.000000 0.000000 0.000000
vn 1.000000 0.000000 0.000000
vn 1.000000 0.000000 0.000000
vn -1.000000 0.000000 0.000000
vn -1.000000 0.000000 0.000000
vn -1.000000 0.000000 0.000000
vn -1.000000 0.000000 0.000000
vn 0.000000 0.000000 1.000000
vn 0.000000 0.000000 1.000000
vn 0.000000 0.000000 1.000000
vn 0.000000 0.000000 1.000000
vn 0.000000 1.000000 0.000000
vn 0.000000 1.000000 0.000000
vn 0.000000 1.000000 0.000000
vn 0.000000 1.000000 0.000000
vn 0.000000 0.000000 -1.000000
vn 0.000000 0.000000 -1.000000
vn 0.000000 0.000000 -1.000000
vn 0.000000 0.000000 -1.000000
vn 0.000000 -1.000000 0.000000
vn 0.000000 -1.000000 0.000000
vn 0.000000 -1.000000 0.000000
vn 0.000000 -1.000000 0.000000
vn 1.000000 0.000000 0.000000
vn 1.000000 0.000000 0.000000
vn 1.000000 0.000000 0.000000
vn 1.000000 0.000000 0.000000
vn -1.000000 0.000000 0.000000
vn -1.000000 0.000000 0.000000
vn -1.000000 0.000000 0.000000
vn -1.000000 0.000000 0.000000
vn 0.000000 0.000000 1.000000
vn 0.000000 0.000000 1.000000
vn 0.000000 0.000000 1.000000
vn 0.000000 0.000000 1.000000
vn 0.000000 1.000000 0.000000
vn 0.000000 1.000000 0.000000
vn 0.000000 1.000000 0.000000
vn 0.000000 1.000000 0.000000
vn 0.000000 0.000000 -1.000000
vn 0.000000 0.000000 -1.000000
vn 0.000000 0.000000 -1.000000
vn 0.000000 0.000000 -1.000000
vn 0.000000 -1.000000 0.000000
vn 0.000000 -1.000000 0.000000
vn 0.000000 -1.000000 0.000000
vn 0.000000 -1.000000 0.000000
vn 1.000000 0.000000 0.000000
vn 1.000000 0.000000 0.000000
vn 1.000000 0.000000 0.000000
vn 1.000000 0.000000 0.000000
vn -1.000000 0.000000 0.000000
vn -1.000000 0.000000 0.000000
vn -1.000000 0.000000 0.000000
vn -1.000000 0.000000 0.000000
vn 0.000000 0.000000 1.000000
vn 0.000000 0.000000 1.000000
vn 0.000000 0.000000 1.000000
vn 0.000000 0.000000 1.000000
vn 0.000000 1.000000 0.000000
vn 0.000000 1.000000 0.000000
vn 0.000000 1.000000 0.000000
vn 0.000000 1.000000 0.000000
vn 0.000000 0.000000 -1.000000
vn 0.000000 0.000000 -1.000000
vn 0.000000 0.000000 -1.000000
vn 0.000000 0.000000 -1.000000
vn 0.000000 -1.000000 0.000000
vn 0.000000 -1.000000 0.000000
vn 0.000000 -1.000000 0.000000
vn 0.000000 -1.000000 0.000000
vn 1.000000 0.000000 0.000000
vn 1.000000 0.000000 0.000000
vn 1.000000 0.000000 0.000000
vn 1.000000 0.000000 0.000000
vn -1.000000 0.000000 0.000000
vn -1.000000 0.000000 0.000000
vn -1.000000 0.000000 0.000000
vn -1.000000 0.000000 0.000000
vn 0.000000 0.000000 1.000000
vn 0.000000 0.000000 1.000000
vn 0.000000 0.000000 1.000000
vn 0.000000 0.000000 1.000000
vn 0.000000 1.000000 0.000000
vn 0.000000 1.000000 0.000000
vn 0.000000 1.000000 0.000000
vn 0.000000 1.000000 0.000000
vn 0.000000 0.000000 -1.000000
vn 0.000000 0.000000 -1.000000
vn 0.000000 0.000000 -1.000000
vn 0.000000 0.000000 -1.000000
vn 0.000000 -1.000000 0.000000
vn 0.000000 -1.000000 0.000000
vn 0.000000 -1.000000 0.000000
vn 0.000000 -1.000000 0.000000
vn 1.000000 0.000000 0.000000
vn 1.000000 0.000000 0.000000
vn 1.000000 0.000000 0.000000
vn 1.000000 0.000000 0.000000
vn -1.000000 0.000000 0.000000
vn -1.000000 0.000000 0.000000
vn -1.000000 0.000000 0.000000
vn -1.000000 0.000000 0.000000
vn 0.000000 0.000000 1.000000
vn 0.000000 0.000000 1.000000
vn 0.000000 0.000000 1.000000
vn 0.000000 0.000000 1.000000
vn 0.000000 1.000000 0.000000
vn 0.000000 1.000000 0.000000
vn 0.000000 1.000000 0.000000
vn 0.000000 1.000000 0.000000
vn 0.000000 0.000000 -1.000000
vn 0.000000 0.000000 -1.000000
vn 0.000000 0.000000 -1.000000
vn 0.000000 0.000000 -1.000000
vn 0.000000 -1.000000 0.000000
vn 0.000000 -1.000000 0.000000
vn 0.000000 -1.000000 0.000000
vn 0.000000 -1.000000 0.000000
vn 1.000000 0.000000 0.000000
vn 1.000000 0.000000 0.000000
vn 1.000000 0.000000 0.000000
vn 1.000000 0.000000 0.000000
vn -1.000000 0.000000 0.000000
vn -1.000000 0.000000 0.000000
vn -1.000000 0.000000 0.000000
vn -1.000000 0.000000 0.000000
vn 0.000000 0.000000 1.000000
vn 0.000000 0.000000 1.000000
vn 0.000000 0.000000 1.000000
vn 0.000000 0.000000 1.000000
vn 0.000000 1.000000 0.000000
vn 0.000000 1.000000 0.000000
vn 0.000000 1.000000 0.000000
vn 0.000000 1.000000 0.000000
vn 0.000000 0.000000 -1.000000
vn 0.000000 0.000000 -1.000000
vn 0.000000 0.000000 -1.000000
vn 0.000000 0.000000 -1.000000
vn 0.000000 -1.000000 0.000000
vn 0.000000 -1.000000 0.000000
vn 0.000000 -1.000000 0.000000
vn 0.000000 -1.000000 0.000000
vn 1.000000 0.000000 0.000000
vn 1.000000 0.000000 0.000000
vn 1.000000 0.000000 0.000000
vn 1.000000 0.000000 0.000000
vn -1.000000 0.000000 0.000000
vn -1.000000 0.000000 0.000000
vn -1.000000 0.000000 0.000000
vn -1.000000 0.000000 0.000000
vn 0.000000 0.000000 1.000000
vn 0.000000 0.000000 1.000000
vn 0.000000 0.000000 1.000000
vn 0.000000 0.000000 1.000000
vn 0.000000 1.000000 0.000000
vn 0.000000 1.000000 0.000000
vn 0.000000 1.000000 0.000000
vn 0.000000 1.000000 0.000000
vn 0.000000 0.000000 -1.000000
vn 0.000000 0.000000 -1.000000
vn 0.000000 0.000000 -1.000000
vn 0.000000 0.000000 -1.000000
vn 0.000000 -1.000000 0.000000
vn 0.000000 -1.000000 0.000000
vn 0.000000 -1.000000 0.000000
vn 0.000000 -1.000000 0.000000
vn 1.000000 0.000000 0.000000
vn 1.000000 0.000000 0.000000
vn 1.000000 0.000000 0.000000
vn 1.000000 0.000000 0.000000
vn -1.000000 0.000000 0.000000
vn -1.000000 0.000000 0.000000
vn -1.000000 0.000000 0.000000
vn -1.000000 0.000000 0.000000
vn -1.000000 0.000000 0.000000
vn -1.000000 0.000000 0.000000
vn -1.000000 0.000000 0.000000
vn -1.000000 0.000000 0.000000
vn 0.000000 1.000000 0.000000
vn 0.000000 1.000000 0.000000
vn 0.000000 1.000000 0.000000
vn 0.000000 1.000000 0.000000
vn 1.000000 0.000000 0.000000
vn 1.000000 0.000000 0.000000
vn 1.000000 0.000000 0.000000
vn 1.000000 0.000000 0.000000
vn 0.000000 -1.000000 0.000000
vn 0.000000 -1.000000 0.000000
vn 0.000000 -1.000000 0.000000
vn 0.000000 -1.000000 0.000000
vn 0.000000 0.000000 1.000000
vn 0.000000 0.000000 1.000000
vn 0.000000 0.000000 1.000000
vn 0.000000 0.000000 1.000000
vn 0.000000 0.000000 -1.000000
vn 0.000000 0.000000 -1.000000
vn 0.000000 0.000000 -1.000000
vn 0.000000 0.000000 -1.000000
vn -1.000000 0.000000 0.000000
vn -1.000000 0.000000 0.000000
vn -1.000000 0.000000 0.000000
vn -1.000000 0.000000 0.000000
vn 0.000000 1.000000 0.000000
vn 0.000000 1.000000 0.000000
vn 0.000000 1.000000 0.000000
vn 0.000000 1.000000 0.000000
vn 1.000000 0.000000 0.000000
vn 1.000000 0.000000 0.000000
vn 1.000000 0.000000 0.000000
vn 1.000000 0.000000 0.000000
vn 0.000000 -1.000000 0.000000
vn 0.000000 -1.000000 0.000000
vn 0.000000 -1.000000 0.000000
vn 0.000000 -1.000000 0.000000
vn 0.000000 0.000000 1.000000
vn 0.000000 0.000000 1.000000
vn 0.000000 0.000000 1.000000
vn 0.000000 0.000000 1.000000
vn 0.000000 0.000000 -1.000000
vn 0.000000 0.000000 -1.000000
vn 0.000000 0.000000 -1.000000
vn 0.000000 0.000000 -1.000000
vn -1.000000 0.000000 0.000000
vn -1.000000 0.000000 0.000000
vn -1.000000 0.000000 0.000000
vn -1.000000 0.000000 0.000000
vn 0.000000 1.000000 0.000000
vn 0.000000 1.000000 0.000000
vn 0.000000 1.000000 0.000000
vn 0.000000 1.000000 0.000000
vn 1.000000 0.000000 0.000000
vn 1.000000 0.000000 0.000000
vn 1.000000 0.000000 0.000000
vn 1.000000 0.000000 0.000000
vn 0.000000 -1.000000 0.000000
vn 0.000000 -1.000000 0.000000
vn 0.000000 -1.000000 0.000000
vn 0.000000 -1.000000 0.000000
vn 0.000000 0.000000 1.000000
vn 0.000000 0.000000 1.000000
vn 0.000000 0.000000 1.000000
vn 0.000000 0.000000 1.000000
vn 0.000000 0.000000 -1.000000
vn 0.000000 0.000000 -1.000000
vn 0.000000 0.000000 -1.000000
vn 0.000000 0.000000 -1.000000
vn 0.000000 0.000000 1.000000
vn 0.000000 0.000000 1.000000
vn 0.000000 0.000000 1.000000
vn 0.000000 0.000000 1.000000
vn 0.000000 1.000000 0.000000
vn 0.000000 1.000000 0.000000
vn 0.000000 1.000000 0.000000
vn 0.000000 1.000000 0.000000
vn 0.000000 0.000000 -1.000000
vn 0.000000 0.000000 -1.000000
vn 0.000000 0.000000 -1.000000
vn 0.000000 0.000000 -1.000000
vn 0.000000 -1.000000 0.000000
vn 0.000000 -1.000000 0.000000
vn 0.000000 -1.000000 0.000000
vn 0.000000 -1.000000 0.000000
vn 1.000000 0.000000 0.000000
vn 1.000000 0.000000 0.000000
vn 1.000000 0.000000 0.000000
vn 1.000000 0.000000 0.000000
vn -1.000000 0.000000 0.000000
vn -1.000000 0.000000 0.000000
vn -1.000000 0.000000 0.000000
vn -1.000000 0.000000 0.000000
vn 0.000000 0.000000 1.000000
vn 0.000000 0.000000 1.000000
vn 0.000000 0.000000 1.000000
vn 0.000000 0.000000 1.000000
vn 0.000000 1.000000 0.000000
vn 0.000000 1.000000 0.000000
vn 0.000000 1.000000 0.000000
vn 0.000000 1.000000 0.000000
vn 0.000000 0.000000 -1.000000
vn 0.000000 0.000000 -1.000000
vn 0.000000 0.000000 -1.000000
vn 0.000000 0.000000 -1.000000
vn 0.000000 -1.000000 0.000000
vn 0.000000 -1.000000 0.000000
vn 0.000000 -1.000000 0.000000
vn 0.000000 -1.000000 0.000000
vn 1.000000 0.000000 0.000000
vn 1.000000 0.000000 0.000000
vn 1.000000 0.000000 0.000000
vn 1.000000 0.000000 0.000000
vn -1.000000 0.000000 0.000000
vn -1.000000 0.000000 0.000000
vn -1.000000 0.000000 0.000000
vn -1.000000 0.000000 0.000000
vn -1.000000 0.000000 0.000000
vn -1.000000 0.000000 0.000000
vn -1.000000 0.000000 0.000000
vn -1.000000 0.000000 0.000000
vn 0.000000 1.000000 0.000000
vn 0.000000 1.000000 0.000000
vn 0.000000 1.000000 0.000000
vn 0.000000 1.000000 0.000000
vn 1.000000 0.000000 0.000000
vn 1.000000 0.000000 0.000000
vn 1.000000 0.000000 0.000000
vn 1.000000 0.000000 0.000000
vn 0.000000 -1.000000 0.000000
vn 0.000000 -1.000000 0.000000
vn 0.000000 -1.000000 0.000000
vn 0.000000 -1.000000 0.000000
vn 0.000000 0.000000 1.000000
vn 0.000000 0.000000 1.000000
vn 0.000000 0.000000 1.000000
vn 0.000000 0.000000 1.000000
vn 0.000000 0.000000 -1.000000
vn 0.000000 0.000000 -1.000000
vn 0.000000 0.000000 -1.000000
vn 0.000000 0.000000 -1.000000
vn 0.000000 0.000000 1.000000
vn 0.000000 0.000000 1.000000
vn 0.000000 0.000000 1.000000
vn 0.000000 0.000000 1.000000
vn 0.000000 1.000000 0.000000
vn 0.000000 1.000000 0.000000
vn 0.000000 1.000000 0.000000
vn 0.000000 1.000000 0.000000
vn 0.000000 0.000000 -1.000000
vn 0.000000 0.000000 -1.000000
vn 0.000000 0.000000 -1.000000
vn 0.000000 0.000000 -1.000000
vn 0.000000 -1.000000 0.000000
vn 0.000000 -1.000000 0.000000
vn 0.000000 -1.000000 0.000000
vn 0.000000 -1.000000 0.000000
vn 1.000000 0.000000 0.000000
vn 1.000000 0.000000 0.000000
vn 1.000000 0.000000 0.000000
vn 1.000000 0.000000 0.000000
vn -1.000000 0.000000 0.000000
vn -1.000000 0.000000 0.000000
vn -1.000000 0.000000 0.000000
vn -1.000000 0.000000 0.000000
vn -1.000000 0.000000 0.000000
vn -1.000000 0.000000 0.000000
vn -1.000000 0.000000 0.000000
vn -1.000000 0.000000 0.000000
vn 0.000000 1.000000 0.000000
vn 0.000000 1.000000 0.000000
vn 0.000000 1.000000 0.000000
vn 0.000000 1.000000 0.000000
vn 1.000000 0.000000 0.000000
vn 1.000000 0.000000 0.000000
vn 1.000000 0.000000 0.000000
vn 1.000000 0.000000 0.000000
vn 0.000000 -1.000000 0.000000
vn 0.000000 -1.000000 0.000000
vn 0.000000 -1.000000 0.000000
vn 0.000000 -1.000000 0.000000
vn 0.000000 0.000000 1.000000
vn 0.000000 0.000000 1.000000
vn 0.000000 0.000000 1.000000
vn 0.000000 0.000000 1.000000
vn 0.000000 0.000000 -1.000000
vn 0.000000 0.000000 -1.000000
vn 0.000000 0.000000 -1.000000
vn 0.000000 0.000000 -1.000000
vn -1.000000 0.000000 0.000000
vn -1.000000 0.000000 0.000000
vn -1.000000 0.000000 0.000000
vn -1.000000 0.000000 0.000000
vn 0.000000 1.000000 0.000000
vn 0.000000 1.000000 0.000000
vn 0.000000 1.000000 0.000000
vn 0.000000 1.000000 0.000000
vn 1.000000 0.000000 0.000000
vn 1.000000 0.000000 0.000000
vn 1.000000 0.000000 0.000000
vn 1.000000 0.000000 0.000000
vn 0.000000 -1.000000 0.000000
vn 0.000000 -1.000000 0.000000
vn 0.000000 -1.000000 0.000000
vn 0.000000 -1.000000 0.000000
vn 0.000000 0.000000 1.000000
vn 0.000000 0.000000 1.000000
vn 0.000000 0.000000 1.000000
vn 0.000000 0.000000 1.000000
vn 0.000000 0.000000 -1.000000
vn 0.000000 0.000000 -1.000000
vn 0.000000 0.000000 -1.000000
vn 0.000000 0.000000 -1.000000
vn 0.000000 0.000000 1.000000
vn 0.000000 0.000000 1.000000
vn 0.000000 0.000000 1.000000
vn 0.000000 0.000000 1.000000
vn 0.000000 1.000000 0.000000
vn 0.000000 1.000000 0.000000
vn 0.000000 1.000000 0.000000
vn 0.000000 1.000000 0.000000
vn 0.000000 0.000000 -1.000000
vn 0.000000 0.000000 -1.000000
vn 0.000000 0.000000 -1.000000
vn 0.000000 0.000000 -1.000000
vn 0.000000 -1.000000 0.000000
vn 0.000000 -1.000000 0.000000
vn 0.000000 -1.000000 0.000000
vn 0.000000 -1.000000 0.000000
vn 1.000000 0.000000 0.000000
vn 1.000000 0.000000 0.000000
vn 1.000000 0.000000 0.000000
vn 1.000000 0.000000 0.000000
vn -1.000000 0.000000 0.000000
vn -1.000000 0.000000 0.000000
vn -1.000000 0.000000 0.000000
vn -1.000000 0.000000 0.000000
vn 0.000000 0.000000 1.000000
vn 0.000000 0.000000 1.000000
vn 0.000000 0.000000 1.000000
vn 0.000000 0.000000 1.000000
vn 0.000000 1.000000 0.000000
vn 0.000000 1.000000 0.000000
vn 0.000000 1.000000 0.000000
vn 0.000000 1.000000 0.000000
vn 0.000000 0.000000 -1.000000
vn 0.000000 0.000000 -1.000000
vn 0.000000 0.000000 -1.000000
vn 0.000000 0.000000 -1.000000
vn 0.000000 -1.000000 0.000000
vn 0.000000 -1.000000 0.000000
vn 0.000000 -1.000000 0.000000
vn 0.000000 -1.000000 0.000000
vn 1.000000 0.000000 0.000000
vn 1.000000 0.000000 0.000000
vn 1.000000 0.000000 0.000000
vn 1.000000 0.000000 0.000000
vn -1.000000 0.000000 0.000000
vn -1.000000 0.000000 0.000000
vn -1.000000 0.000000 0.000000
vn -1.000000 0.000000 0.000000
vn -1.000000 0.000000 0.000000
vn -1.000000 0.000000 0.000000
vn -1.000000 0.000000 0.000000
vn -1.000000 0.000000 0.000000
vn 0.000000 1.000000 0.000000
vn 0.000000 1.000000 0.000000
vn 0.000000 1.000000 0.000000
vn 0.000000 1.000000 0.000000
vn 1.000000 0.000000 0.000000
vn 1.000000 0.000000 0.000000
vn 1.000000 0.000000 0.000000
vn 1.000000 0.000000 0.000000
vn 0.000000 -1.000000 0.000000
vn 0.000000 -1.000000 0.000000
vn 0.000000 -1.000000 0.000000
vn 0.000000 -1.000000 0.000000
vn 0.000000 0.000000 1.000000
vn 0.000000 0.000000 1.000000
vn 0.000000 0.000000 1.000000
vn 0.000000 0.000000 1.000000
vn 0.000000 0.000000 -1.000000
vn 0.000000 0.000000 -1.000000
vn 0.000000 0.000000 -1.000000
vn 0.000000 0.000000 -1.000000
vn -1.000000 0.000000 0.000000
vn -1.000000 0.000000 0.000000
vn -1.000000 0.000000 0.000000
vn -1.000000 0.000000 0.000000
vn 0.000000 1.000000 0.000000
vn 0.000000 1.000000 0.000000
vn 0.000000 1.000000 0.000000
vn 0.000000 1.000000 0.000000
vn 1.000000 0.000000 0.000000
vn 1.000000 0.000000 0.000000
vn 1.000000 0.000000 0.000000
vn 1.000000 0.000000 0.000000
vn 0.000000 -1.000000 0.000000
vn 0.000000 -1.000000 0.000000
vn 0.000000 -1.000000 0.000000
vn 0.000000 -1.000000 0.000000
vn 0.000000 0.000000 1.000000
vn 0.000000 0.000000 1.000000
vn 0.000000 0.000000 1.000000
vn 0.000000 0.000000 1.000000
vn 0.000000 0.000000 -1.000000
vn 0.000000 0.000000 -1.000000
vn 0.000000 0.000000 -1.000000
vn 0.000000 0.000000 -1.000000
vn 0.000000 0.000000 1.000000
vn 0.000000 0.000000 1.000000
vn 0.000000 0.000000 1.000000
vn 0.000000 0.000000 1.000000
vn 0.000000 1.000000 0.000000
vn 0.000000 1.000000 0.000000
vn 0.000000 1.000000 0.000000
vn 0.000000 1.000000 0.000000
vn 0.000000 0.000000 -1.000000
vn 0.000000 0.000000 -1.000000
vn 0.000000 0.000000 -1.000000
vn 0.000000 0.000000 -1.000000
vn 0.000000 -1.000000 0.000000
vn 0.000000 -1.000000 0.000000
vn 0.000000 -1.000000 0.000000
vn 0.000000 -1.000000 0.000000
vn 1.000000 0.000000 0.000000
vn 1.000000 0.000000 0.000000
vn 1.000000 0.000000 0.000000
vn 1.000000 0.000000 0.000000
vn -1.000000 0.000000 0.000000
vn -1.000000 0.000000 0.000000
vn -1.000000 0.000000 0.000000
vn -1.000000 0.000000 0.000000
vn -1.000000 0.000000 0.000000
vn -1.000000 0.000000 0.000000
vn -1.000000 0.000000 0.000000
vn -1.000000 0.000000 0.000000
vn 0.000000 1.000000 0.000000
vn 0.000000 1.000000 0.000000
vn 0.000000 1.000000 0.000000
vn 0.000000 1.000000 0.000000
vn 1.000000 0.000000 0.000000
vn 1.000000 0.000000 0.000000
vn 1.000000 0.000000 0.000000
vn 1.000000 0.000000 0.000000
vn 0.000000 -1.000000 0.000000
vn 0.000000 -1.000000 0.000000
vn 0.000000 -1.000000 0.000000
vn 0.000000 -1.000000 0.000000
vn 0.000000 0.000000 1.000000
vn 0.000000 0.000000 1.000000
vn 0.000000 0.000000 1.000000
vn 0.000000 0.000000 1.000000
vn 0.000000 0.000000 -1.000000
vn 0.000000 0.000000 -1.000000
vn 0.000000 0.000000 -1.000000
vn 0.000000 0.000000 -1.000000
vn -1.000000 0.000000 0.000000
vn -1.000000 0.000000 0.000000
vn -1.000000 0.000000 0.000000
vn -1.000000 0.000000 0.000000
vn 0.000000 1.000000 0.000000
vn 0.000000 1.000000 0.000000
vn 0.000000 1.000000 0.000000
vn 0.000000 1.000000 0.000000
vn 1.000000 0.000000 0.000000
vn 1.000000 0.000000 0.000000
vn 1.000000 0.000000 0.000000
vn 1.000000 0.000000 0.000000
vn 0.000000 -1.000000 0.000000
vn 0.000000 -1.000000 0.000000
vn 0.000000 -1.000000 0.000000
vn 0.000000 -1.000000 0.000000
vn 0.000000 0.000000 1.000000
vn 0.000000 0.000000 1.000000
vn 0.000000 0.000000 1.000000
vn 0.000000 0.000000 1.000000
vn 0.000000 0.000000 -1.000000
vn 0.000000 0.000000 -1.000000
vn 0.000000 0.000000 -1.000000
vn 0.000000 0.000000 -1.000000
vn -1.000000 0.000000 0.000000
vn -1.000000 0.000000 0.000000
vn -1.000000 0.000000 0.000000
vn -1.000000 0.000000 0.000000
vn 0.000000 1.000000 0.000000
vn 0.000000 1.000000 0.000000
vn 0.000000 1.000000 0.000000
vn 0.000000 1.000000 0.000000
vn 1.000000 0.000000 0.000000
vn 1.000000 0.000000 0.000000
vn 1.000000 0.000000 0.000000
vn 1.000000 0.000000 0.000000
vn 0.000000 -1.000000 0.000000
vn 0.000000 -1.000000 0.000000
vn 0.000000 -1.000000 0.000000
vn 0.000000 -1.000000 0.000000
vn 0.000000 0.000000 1.000000
vn 0.000000 0.000000 1.000000
vn 0.000000 0.000000 1.000000
vn 0.000000 0.000000 1.000000
vn 0.000000 0.000000 -1.000000
vn 0.000000 0.000000 -1.000000
vn 0.000000 0.000000 -1.000000
vn 0.000000 0.000000 -1.000000
vn -1.000000 0.000000 0.000000
vn -1.000000 0.000000 0.000000
vn -1.000000 0.000000 0.000000
vn -1.000000 0.000000 0.000000
vn 0.000000 1.000000 0.000000
vn 0.000000 1.000000 0.000000
vn 0.000000 1.000000 0.000000
vn 0.000000 1.000000 0.000000
vn 1.000000 0.000000 0.000000
vn 1.000000 0.000000 0.000000
vn 1.000000 0.000000 0.000000
vn 1.000000 0.000000 0.000000
vn 0.000000 -1.000000 0.000000
vn 0.000000 -1.000000 0.000000
vn 0.000000 -1.000000 0.000000
vn 0.000000 -1.000000 0.000000
vn 0.000000 0.000000 1.000000
vn 0.000000 0.000000 1.000000
vn 0.000000 0.000000 1.000000
vn 0.000000 0.000000 1.000000
vn 0.000000 0.000000 -1.000000
vn 0.000000 0.000000 -1.000000
vn 0.000000 0.000000 -1.000000
vn 0.000000 0.000000 -1.000000
vn -1.000000 0.000000 0.000000
vn -1.000000 0.000000 0.000000
vn -1.000000 0.000000 0.000000
vn -1.000000 0.000000 0.000000
vn 0.000000 1.000000 0.000000
vn 0.000000 1.000000 0.000000
vn 0.000000 1.000000 0.000000
vn 0.000000 1.000000 0.000000
vn 1.000000 0.000000 0.000000
vn 1.000000 0.000000 0.000000
vn 1.000000 0.000000 0.000000
vn 1.000000 0.000000 0.000000
vn 0.000000 -1.000000 0.000000
vn 0.000000 -1.000000 0.000000
vn 0.000000 -1.000000 0.000000
vn 0.000000 -1.000000 0.000000
vn 0.000000 0.000000 1.000000
vn 0.000000 0.000000 1.000000
vn 0.000000 0.000000 1.000000
vn 0.000000 0.000000 1.000000
vn 0.000000 0.000000 -1.000000
vn 0.000000 0.000000 -1.000000
vn 0.000000 0.000000 -1.000000
vn 0.000000 0.000000 -1.000000
vn -1.000000 0.000000 0.000000
vn -1.000000 0.000000 0.000000
vn -1.000000 0.000000 0.000000
vn -1.000000 0.000000 0.000000
vn 0.000000 1.000000 0.000000
vn 0.000000 1.000000 0.000000
vn 0.000000 1.000000 0.000000
vn 0.000000 1.000000 0.000000
vn 1.000000 0.000000 0.000000
vn 1.000000 0.000000 0.000000
vn 1.000000 0.000000 0.000000
vn 1.000000 0.000000 0.000000
vn 0.000000 -1.000000 0.000000
vn 0.000000 -1.000000 0.000000
vn 0.000000 -1.000000 0.000000
vn 0.000000 -1.000000 0.000000
vn 0.000000 0.000000 1.000000
vn 0.000000 0.000000 1.000000
vn 0.000000 0.000000 1.000000
vn 0.000000 0.000000 1.000000
vn 0.000000 0.000000 -1.000000
vn 0.000000 0.000000 -1.000000
vn 0.000000 0.000000 -1.000000
vn 0.000000 0.000000 -1.000000
vn -1.000000 0.000000 0.000000
vn -1.000000 0.000000 0.000000
vn -1.000000 0.000000 0.000000
vn -1.000000 0.000000 0.000000
vn 0.000000 1.000000 0.000000
vn 0.000000 1.000000 0.000000
vn 0.000000 1.000000 0.000000
vn 0.000000 1.000000 0.000000
vn 1.000000 0.000000 0.000000
vn 1.000000 0.000000 0.000000
vn 1.000000 0.000000 0.000000
vn 1.000000 0.000000 0.000000
vn 0.000000 -1.000000 0.000000
vn 0.000000 -1.000000 0.000000
vn 0.000000 -1.000000 0.000000
vn 0.000000 -1.000000 0.000000
vn 0.000000 0.000000 1.000000
vn 0.000000 0.000000 1.000000
vn 0.000000 0.000000 1.000000
vn 0.000000 0.000000 1.000000
vn 0.000000 0.000000 -1.000000
vn 0.000000 0.000000 -1.000000
vn 0.000000 0.000000 -1.000000
vn 0.000000 0.000000 -1.000000
vn -1.000000 0.000000 0.000000
vn -1.000000 0.000000 0.000000
vn -1.000000 0.000000 0.000000
vn -1.000000 0.000000 0.000000
vn 0.000000 1.000000 0.000000
vn 0.000000 1.000000 0.000000
vn 0.000000 1.000000 0.000000
vn 0.000000 1.000000 0.000000
vn 1.000000 0.000000 0.000000
vn 1.000000 0.000000 0.000000
vn 1.000000 0.000000 0.000000
vn 1.000000 0.000000 0.000000
vn 0.000000 -1.000000 0.000000
vn 0.000000 -1.000000 0.000000
vn 0.000000 -1.000000 0.000000
vn 0.000000 -1.000000 0.000000
vn 0.000000 0.000000 1.000000
vn 0.000000 0.000000 1.000000
vn 0.000000 0.000000 1.000000
vn 0.000000 0.000000 1.000000
vn 0.000000 0.000000 -1.000000
vn 0.000000 0.000000 -1.000000
vn 0.000000 0.000000 -1.000000
vn 0.000000 0.000000 -1.000000
vn -1.000000 0.000000 0.000000
vn -1.000000 0.000000 0.000000
vn -1.000000 0.000000 0.000000
vn -1.000000 0.000000 0.000000
vn 0.000000 1.000000 0.000000
vn 0.000000 1.000000 0.000000
vn 0.000000 1.000000 0.000000
vn 0.000000 1.000000 0.000000
vn 1.000000 0.000000 0.000000
vn 1.000000 0.000000 0.000000
vn 1.000000 0.000000 0.000000
vn 1.000000 0.000000 0.000000
vn 0.000000 -1.000000 0.000000
vn 0.000000 -1.000000 0.000000
vn 0.000000 -1.000000 0.000000
vn 0.000000 -1.000000 0.000000
vn 0.000000 0.000000 1.000000
vn 0.000000 0.000000 1.000000
vn 0.000000 0.000000 1.000000
vn 0.000000 0.000000 1.000000
vn 0.000000 0.000000 -1.000000
vn 0.000000 0.000000 -1.000000
vn 0.000000 0.000000 -1.000000
vn 0.000000 0.000000 -1.000000
vn -1.000000 0.000000 0.000000
vn -1.000000 0.000000 0.000000
vn -1.000000 0.000000 0.000000
vn -1.000000 0.000000 0.000000
vn 0.000000 1.000000 0.000000
vn 0.000000 1.000000 0.000000
vn 0.000000 1.000000 0.000000
vn 0.000000 1.000000 0.000000
vn 1.000000 0.000000 0.000000
vn 1.000000 0.000000 0.000000
vn 1.000000 0.000000 0.000000
vn 1.000000 0.000000 0.000000
vn 0.000000 -1.000000 0.000000
vn 0.000000 -1.000000 0.000000
vn 0.000000 -1.000000 0.000000
vn 0.000000 -1.000000 0.000000
vn 0.000000 0.000000 1.000000
vn 0.000000 0.000000 1.000000
vn 0.000000 0.000000 1.000000
vn 0.000000 0.000000 1.000000
vn 0.000000 0.000000 -1.000000
vn 0.000000 0.000000 -1.000000
vn 0.000000 0.000000 -1.000000
vn 0.000000 0.000000 -1.000000
s off
g pasted__Laberinto_2
usemtl pasted__standardSurface2SG1
f 1/1/1 2/2/2 4/3/3 3/4/4
f 3/409/5 4/410/6 6/411/7 5/412/8
f 5/5/9 6/6/10 8/7/11 7/8/12
f 7/413/13 8/414/14 2/415/15 1/416/16
f 2/817/17 8/818/18 6/819/19 4/820/20
f 7/821/21 1/822/22 3/823/23 5/824/24
f 9/9/25 10/10/26 12/11/27 11/12/28
f 11/417/29 12/418/30 14/419/31 13/420/32
f 13/13/33 14/14/34 16/15/35 15/16/36
f 15/421/37 16/422/38 10/423/39 9/424/40
f 10/825/41 16/826/42 14/827/43 12/828/44
f 15/829/45 9/830/46 11/831/47 13/832/48
f 17/17/49 18/18/50 20/19/51 19/20/52
f 19/425/53 20/426/54 22/427/55 21/428/56
f 21/21/57 22/22/58 24/23/59 23/24/60
f 23/429/61 24/430/62 18/431/63 17/432/64
f 18/833/65 24/834/66 22/835/67 20/836/68
f 23/837/69 17/838/70 19/839/71 21/840/72
f 25/25/73 26/26/74 28/27/75 27/28/76
f 27/433/77 28/434/78 30/435/79 29/436/80
f 29/29/81 30/30/82 32/31/83 31/32/84
f 31/437/85 32/438/86 26/439/87 25/440/88
f 26/841/89 32/842/90 30/843/91 28/844/92
f 31/845/93 25/846/94 27/847/95 29/848/96
f 33/849/97 34/850/98 36/851/99 35/852/100
f 35/441/101 36/442/102 38/443/103 37/444/104
f 37/853/105 38/854/106 40/855/107 39/856/108
f 39/445/109 40/446/110 34/447/111 33/448/112
f 34/33/113 40/34/114 38/35/115 36/36/116
f 39/37/117 33/38/118 35/39/119 37/40/120
f 41/41/121 42/42/122 44/43/123 43/44/124
f 43/449/125 44/450/126 46/451/127 45/452/128
f 45/45/129 46/46/130 48/47/131 47/48/132
f 47/453/133 48/454/134 42/455/135 41/456/136
f 42/857/137 48/858/138 46/859/139 44/860/140
f 47/861/141 41/862/142 43/863/143 45/864/144
f 49/865/145 50/866/146 52/867/147 51/868/148
f 51/457/149 52/458/150 54/459/151 53/460/152
f 53/869/153 54/870/154 56/871/155 55/872/156
f 55/461/157 56/462/158 50/463/159 49/464/160
f 50/49/161 56/50/162 54/51/163 52/52/164
f 55/53/165 49/54/166 51/55/167 53/56/168
f 57/873/169 58/874/170 60/875/171 59/876/172
f 59/465/173 60/466/174 62/467/175 61/468/176
f 61/877/177 62/878/178 64/879/179 63/880/180
f 63/469/181 64/470/182 58/471/183 57/472/184
f 58/57/185 64/58/186 62/59/187 60/60/188
f 63/61/189 57/62/190 59/63/191 61/64/192
f 65/881/193 66/882/194 68/883/195 67/884/196
f 67/473/197 68/474/198 70/475/199 69/476/200
f 69/885/201 70/886/202 72/887/203 71/888/204
f 71/477/205 72/478/206 66/479/207 65/480/208
f 66/65/209 72/66/210 70/67/211 68/68/212
f 71/69/213 65/70/214 67/71/215 69/72/216
f 73/889/217 74/890/218 76/891/219 75/892/220
f 75/481/221 76/482/222 78/483/223 77/484/224
f 77/893/225 78/894/226 80/895/227 79/896/228
f 79/485/229 80/486/230 74/487/231 73/488/232
f 74/73/233 80/74/234 78/75/235 76/76/236
f 79/77/237 73/78/238 75/79/239 77/80/240
f 81/897/241 82/898/242 84/899/243 83/900/244
f 83/489/245 84/490/246 86/491/247 85/492/248
f 85/901/249 86/902/250 88/903/251 87/904/252
f 87/493/253 88/494/254 82/495/255 81/496/256
f 82/81/257 88/82/258 86/83/259 84/84/260
f 87/85/261 81/86/262 83/87/263 85/88/264
f 89/905/265 90/906/266 92/907/267 91/908/268
f 91/497/269 92/498/270 94/499/271 93/500/272
f 93/909/273 94/910/274 96/911/275 95/912/276
f 95/501/277 96/502/278 90/503/279 89/504/280
f 90/89/281 96/90/282 94/91/283 92/92/284
f 95/93/285 89/94/286 91/95/287 93/96/288
f 97/913/289 98/914/290 100/915/291 99/916/292
f 99/505/293 100/506/294 102/507/295 101/508/296
f 101/917/297 102/918/298 104/919/299 103/920/300
f 103/509/301 104/510/302 98/511/303 97/512/304
f 98/97/305 104/98/306 102/99/307 100/100/308
f 103/101/309 97/102/310 99/103/311 101/104/312
f 105/921/313 106/922/314 108/923/315 107/924/316
f 107/513/317 108/514/318 110/515/319 109/516/320
f 109/925/321 110/926/322 112/927/323 111/928/324
f 111/517/325 112/518/326 106/519/327 105/520/328
f 106/105/329 112/106/330 110/107/331 108/108/332
f 111/109/333 105/110/334 107/111/335 109/112/336
f 113/929/337 114/930/338 116/931/339 115/932/340
f 115/521/341 116/522/342 118/523/343 117/524/344
f 117/933/345 118/934/346 120/935/347 119/936/348
f 119/525/349 120/526/350 114/527/351 113/528/352
f 114/113/353 120/114/354 118/115/355 116/116/356
f 119/117/357 113/118/358 115/119/359 117/120/360
f 121/937/361 122/938/362 124/939/363 123/940/364
f 123/529/365 124/530/366 126/531/367 125/532/368
f 125/941/369 126/942/370 128/943/371 127/944/372
f 127/533/373 128/534/374 122/535/375 121/536/376
f 122/121/377 128/122/378 126/123/379 124/124/380
f 127/125/381 121/126/382 123/127/383 125/128/384
f 129/945/385 130/946/386 132/947/387 131/948/388
f 131/537/389 132/538/390 134/539/391 133/540/392
f 133/949/393 134/950/394 136/951/395 135/952/396
f 135/541/397 136/542/398 130/543/399 129/544/400
f 130/129/401 136/130/402 134/131/403 132/132/404
f 135/133/405 129/134/406 131/135/407 133/136/408
f 137/953/409 138/954/410 140/955/411 139/956/412
f 139/545/413 140/546/414 142/547/415 141/548/416
f 141/957/417 142/958/418 144/959/419 143/960/420
f 143/549/421 144/550/422 138/551/423 137/552/424
f 138/137/425 144/138/426 142/139/427 140/140/428
f 143/141/429 137/142/430 139/143/431 141/144/432
f 145/961/433 146/962/434 148/963/435 147/964/436
f 147/553/437 148/554/438 150/555/439 149/556/440
f 149/965/441 150/966/442 152/967/443 151/968/444
f 151/557/445 152/558/446 146/559/447 145/560/448
f 146/145/449 152/146/450 150/147/451 148/148/452
f 151/149/453 145/150/454 147/151/455 149/152/456
f 153/969/457 154/970/458 156/971/459 155/972/460
f 155/561/461 156/562/462 158/563/463 157/564/464
f 157/973/465 158/974/466 160/975/467 159/976/468
f 159/565/469 160/566/470 154/567/471 153/568/472
f 154/153/473 160/154/474 158/155/475 156/156/476
f 159/157/477 153/158/478 155/159/479 157/160/480
f 161/977/481 162/978/482 164/979/483 163/980/484
f 163/569/485 164/570/486 166/571/487 165/572/488
f 165/981/489 166/982/490 168/983/491 167/984/492
f 167/573/493 168/574/494 162/575/495 161/576/496
f 162/161/497 168/162/498 166/163/499 164/164/500
f 167/165/501 161/166/502 163/167/503 165/168/504
f 169/985/505 170/986/506 172/987/507 171/988/508
f 171/577/509 172/578/510 174/579/511 173/580/512
f 173/989/513 174/990/514 176/991/515 175/992/516
f 175/581/517 176/582/518 170/583/519 169/584/520
f 170/169/521 176/170/522 174/171/523 172/172/524
f 175/173/525 169/174/526 171/175/527 173/176/528
f 177/993/529 178/994/530 180/995/531 179/996/532
f 179/585/533 180/586/534 182/587/535 181/588/536
f 181/997/537 182/998/538 184/999/539 183/1000/540
f 183/589/541 184/590/542 178/591/543 177/592/544
f 178/177/545 184/178/546 182/179/547 180/180/548
f 183/181/549 177/182/550 179/183/551 181/184/552
f 185/1001/553 186/1002/554 188/1003/555 187/1004/556
f 187/593/557 188/594/558 190/595/559 189/596/560
f 189/1005/561 190/1006/562 192/1007/563 191/1008/564
f 191/597/565 192/598/566 186/599/567 185/600/568
f 186/185/569 192/186/570 190/187/571 188/188/572
f 191/189/573 185/190/574 187/191/575 189/192/576
f 193/1009/577 194/1010/578 196/1011/579 195/1012/580
f 195/601/581 196/602/582 198/603/583 197/604/584
f 197/1013/585 198/1014/586 200/1015/587 199/1016/588
f 199/605/589 200/606/590 194/607/591 193/608/592
f 194/193/593 200/194/594 198/195/595 196/196/596
f 199/197/597 193/198/598 195/199/599 197/200/600
f 201/1017/601 202/1018/602 204/1019/603 203/1020/604
f 203/609/605 204/610/606 206/611/607 205/612/608
f 205/1021/609 206/1022/610 208/1023/611 207/1024/612
f 207/613/613 208/614/614 202/615/615 201/616/616
f 202/201/617 208/202/618 206/203/619 204/204/620
f 207/205/621 201/206/622 203/207/623 205/208/624
f 209/1025/625 210/1026/626 212/1027/627 211/1028/628
f 211/617/629 212/618/630 214/619/631 213/620/632
f 213/1029/633 214/1030/634 216/1031/635 215/1032/636
f 215/621/637 216/622/638 210/623/639 209/624/640
f 210/209/641 216/210/642 214/211/643 212/212/644
f 215/213/645 209/214/646 211/215/647 213/216/648
f 217/217/649 218/218/650 220/219/651 219/220/652
f 219/625/653 220/626/654 222/627/655 221/628/656
f 221/221/657 222/222/658 224/223/659 223/224/660
f 223/629/661 224/630/662 218/631/663 217/632/664
f 218/1033/665 224/1034/666 222/1035/667 220/1036/668
f 223/1037/669 217/1038/670 219/1039/671 221/1040/672
f 225/225/673 226/226/674 228/227/675 227/228/676
f 227/633/677 228/634/678 230/635/679 229/636/680
f 229/229/681 230/230/682 232/231/683 231/232/684
f 231/637/685 232/638/686 226/639/687 225/640/688
f 226/1041/689 232/1042/690 230/1043/691 228/1044/692
f 231/1045/693 225/1046/694 227/1047/695 229/1048/696
f 233/233/697 234/234/698 236/235/699 235/236/700
f 235/641/701 236/642/702 238/643/703 237/644/704
f 237/237/705 238/238/706 240/239/707 239/240/708
f 239/645/709 240/646/710 234/647/711 233/648/712
f 234/1049/713 240/1050/714 238/1051/715 236/1052/716
f 239/1053/717 233/1054/718 235/1055/719 237/1056/720
f 241/1057/721 242/1058/722 244/1059/723 243/1060/724
f 243/649/725 244/650/726 246/651/727 245/652/728
f 245/1061/729 246/1062/730 248/1063/731 247/1064/732
f 247/653/733 248/654/734 242/655/735 241/656/736
f 242/241/737 248/242/738 246/243/739 244/244/740
f 247/245/741 241/246/742 243/247/743 245/248/744
f 249/1065/745 250/1066/746 252/1067/747 251/1068/748
f 251/657/749 252/658/750 254/659/751 253/660/752
f 253/1069/753 254/1070/754 256/1071/755 255/1072/756
f 255/661/757 256/662/758 250/663/759 249/664/760
f 250/249/761 256/250/762 254/251/763 252/252/764
f 255/253/765 249/254/766 251/255/767 253/256/768
f 257/257/769 258/258/770 260/259/771 259/260/772
f 259/665/773 260/666/774 262/667/775 261/668/776
f 261/261/777 262/262/778 264/263/779 263/264/780
f 263/669/781 264/670/782 258/671/783 257/672/784
f 258/1073/785 264/1074/786 262/1075/787 260/1076/788
f 263/1077/789 257/1078/790 259/1079/791 261/1080/792
f 265/1081/793 266/1082/794 268/1083/795 267/1084/796
f 267/673/797 268/674/798 270/675/799 269/676/800
f 269/1085/801 270/1086/802 272/1087/803 271/1088/804
f 271/677/805 272/678/806 266/679/807 265/680/808
f 266/265/809 272/266/810 270/267/811 268/268/812
f 271/269/813 265/270/814 267/271/815 269/272/816
f 273/273/817 274/274/818 276/275/819 275/276/820
f 275/681/821 276/682/822 278/683/823 277/684/824
f 277/277/825 278/278/826 280/279/827 279/280/828
f 279/685/829 280/686/830 274/687/831 273/688/832
f 274/1089/833 280/1090/834 278/1091/835 276/1092/836
f 279/1093/837 273/1094/838 275/1095/839 277/1096/840
f 281/281/841 282/282/842 284/283/843 283/284/844
f 283/689/845 284/690/846 286/691/847 285/692/848
f 285/285/849 286/286/850 288/287/851 287/288/852
f 287/693/853 288/694/854 282/695/855 281/696/856
f 282/1097/857 288/1098/858 286/1099/859 284/1100/860
f 287/1101/861 281/1102/862 283/1103/863 285/1104/864
f 289/1105/865 290/1106/866 292/1107/867 291/1108/868
f 291/697/869 292/698/870 294/699/871 293/700/872
f 293/1109/873 294/1110/874 296/1111/875 295/1112/876
f 295/701/877 296/702/878 290/703/879 289/704/880
f 290/289/881 296/290/882 294/291/883 292/292/884
f 295/293/885 289/294/886 291/295/887 293/296/888
f 297/1113/889 298/1114/890 300/1115/891 299/1116/892
f 299/705/893 300/706/894 302/707/895 301/708/896
f 301/1117/897 302/1118/898 304/1119/899 303/1120/900
f 303/709/901 304/710/902 298/711/903 297/712/904
f 298/297/905 304/298/906 302/299/907 300/300/908
f 303/301/909 297/302/910 299/303/911 301/304/912
f 305/305/913 306/306/914 308/307/915 307/308/916
f 307/713/917 308/714/918 310/715/919 309/716/920
f 309/309/921 310/310/922 312/311/923 311/312/924
f 311/717/925 312/718/926 306/719/927 305/720/928
f 306/1121/929 312/1122/930 310/1123/931 308/1124/932
f 311/1125/933 305/1126/934 307/1127/935 309/1128/936
f 313/313/937 314/314/938 316/315/939 315/316/940
f 315/721/941 316/722/942 318/723/943 317/724/944
f 317/317/945 318/318/946 320/319/947 319/320/948
f 319/725/949 320/726/950 314/727/951 313/728/952
f 314/1129/953 320/1130/954 318/1131/955 316/1132/956
f 319/1133/957 313/1134/958 315/1135/959 317/1136/960
f 321/1137/961 322/1138/962 324/1139/963 323/1140/964
f 323/729/965 324/730/966 326/731/967 325/732/968
f 325/1141/969 326/1142/970 328/1143/971 327/1144/972
f 327/733/973 328/734/974 322/735/975 321/736/976
f 322/321/977 328/322/978 326/323/979 324/324/980
f 327/325/981 321/326/982 323/327/983 325/328/984
f 329/329/985 330/330/986 332/331/987 331/332/988
f 331/737/989 332/738/990 334/739/991 333/740/992
f 333/333/993 334/334/994 336/335/995 335/336/996
f 335/741/997 336/742/998 330/743/999 329/744/1000
f 330/1145/1001 336/1146/1002 334/1147/1003 332/1148/1004
f 335/1149/1005 329/1150/1006 331/1151/1007 333/1152/1008
f 337/337/1009 338/338/1010 340/339/1011 339/340/1012
f 339/745/1013 340/746/1014 342/747/1015 341/748/1016
f 341/341/1017 342/342/1018 344/343/1019 343/344/1020
f 343/749/1021 344/750/1022 338/751/1023 337/752/1024
f 338/1153/1025 344/1154/1026 342/1155/1027 340/1156/1028
f 343/1157/1029 337/1158/1030 339/1159/1031 341/1160/1032
f 345/345/1033 346/346/1034 348/347/1035 347/348/1036
f 347/753/1037 348/754/1038 350/755/1039 349/756/1040
f 349/349/1041 350/350/1042 352/351/1043 351/352/1044
f 351/757/1045 352/758/1046 346/759/1047 345/760/1048
f 346/1161/1049 352/1162/1050 350/1163/1051 348/1164/1052
f 351/1165/1053 345/1166/1054 347/1167/1055 349/1168/1056
f 353/353/1057 354/354/1058 356/355/1059 355/356/1060
f 355/761/1061 356/762/1062 358/763/1063 357/764/1064
f 357/357/1065 358/358/1066 360/359/1067 359/360/1068
f 359/765/1069 360/766/1070 354/767/1071 353/768/1072
f 354/1169/1073 360/1170/1074 358/1171/1075 356/1172/1076
f 359/1173/1077 353/1174/1078 355/1175/1079 357/1176/1080
f 361/361/1081 362/362/1082 364/363/1083 363/364/1084
f 363/769/1085 364/770/1086 366/771/1087 365/772/1088
f 365/365/1089 366/366/1090 368/367/1091 367/368/1092
f 367/773/1093 368/774/1094 362/775/1095 361/776/1096
f 362/1177/1097 368/1178/1098 366/1179/1099 364/1180/1100
f 367/1181/1101 361/1182/1102 363/1183/1103 365/1184/1104
f 369/369/1105 370/370/1106 372/371/1107 371/372/1108
f 371/777/1109 372/778/1110 374/779/1111 373/780/1112
f 373/373/1113 374/374/1114 376/375/1115 375/376/1116
f 375/781/1117 376/782/1118 370/783/1119 369/784/1120
f 370/1185/1121 376/1186/1122 374/1187/1123 372/1188/1124
f 375/1189/1125 369/1190/1126 371/1191/1127 373/1192/1128
f 377/377/1129 378/378/1130 380/379/1131 379/380/1132
f 379/785/1133 380/786/1134 382/787/1135 381/788/1136
f 381/381/1137 382/382/1138 384/383/1139 383/384/1140
f 383/789/1141 384/790/1142 378/791/1143 377/792/1144
f 378/1193/1145 384/1194/1146 382/1195/1147 380/1196/1148
f 383/1197/1149 377/1198/1150 379/1199/1151 381/1200/1152
f 385/385/1153 386/386/1154 388/387/1155 387/388/1156
f 387/793/1157 388/794/1158 390/795/1159 389/796/1160
f 389/389/1161 390/390/1162 392/391/1163 391/392/1164
f 391/797/1165 392/798/1166 386/799/1167 385/800/1168
f 386/1201/1169 392/1202/1170 390/1203/1171 388/1204/1172
f 391/1205/1173 385/1206/1174 387/1207/1175 389/1208/1176
f 393/393/1177 394/394/1178 396/395/1179 395/396/1180
f 395/801/1181 396/802/1182 398/803/1183 397/804/1184
f 397/397/1185 398/398/1186 400/399/1187 399/400/1188
f 399/805/1189 400/806/1190 394/807/1191 393/808/1192
f 394/1209/1193 400/1210/1194 398/1211/1195 396/1212/1196
f 399/1213/1197 393/1214/1198 395/1215/1199 397/1216/1200
f 401/401/1201 402/402/1202 404/403/1203 403/404/1204
f 403/809/1205 404/810/1206 406/811/1207 405/812/1208
f 405/405/1209 406/406/1210 408/407/1211 407/408/1212
f 407/813/1213 408/814/1214 402/815/1215 401/816/1216
f 402/1217/1217 408/1218/1218 406/1219/1219 404/1220/1220
f 407/1221/1221 401/1222/1222 403/1223/1223 405/1224/1224
g default
v 10.842159 0.862403 -7.500058
v 10.830926 0.862403 -7.522103
v 10.813431 0.862403 -7.539598
v 10.791386 0.862403 -7.550830
v 10.766949 0.862403 -7.554701
v 10.742512 0.862403 -7.550830
v 10.720468 0.862403 -7.539598
v 10.702973 0.862403 -7.522103
v 10.691740 0.862403 -7.500058
v 10.687870 0.862403 -7.475621
v 10.691740 0.862403 -7.451184
v 10.702973 0.862403 -7.429139
v 10.720468 0.862403 -7.411644
v 10.742512 0.862403 -7.400412
v 10.766949 0.862403 -7.396541
v 10.791386 0.862403 -7.400412
v 10.813431 0.862403 -7.411644
v 10.830926 0.862403 -7.429139
v 10.842158 0.862403 -7.451184
v 10.846029 0.862403 -7.475621
v 10.915516 0.880921 -7.523893
v 10.893327 0.880921 -7.567440
v 10.858768 0.880921 -7.601999
v 10.815222 0.880921 -7.624187
v 10.766949 0.880921 -7.631833
v 10.718677 0.880921 -7.624187
v 10.675130 0.880921 -7.601999
v 10.640571 0.880921 -7.567440
v 10.618383 0.880921 -7.523893
v 10.610737 0.880921 -7.475621
v 10.618383 0.880921 -7.427349
v 10.640571 0.880921 -7.383802
v 10.675130 0.880921 -7.349243
v 10.718677 0.880921 -7.327055
v 10.766949 0.880921 -7.319409
v 10.815221 0.880921 -7.327055
v 10.858768 0.880921 -7.349243
v 10.893327 0.880921 -7.383802
v 10.915516 0.880921 -7.427349
v 10.923161 0.880921 -7.475621
v 10.985215 0.911277 -7.546540
v 10.952617 0.911277 -7.610516
v 10.901845 0.911277 -7.661289
v 10.837868 0.911277 -7.693886
v 10.766949 0.911277 -7.705119
v 10.696031 0.911277 -7.693886
v 10.632054 0.911277 -7.661289
v 10.581282 0.911277 -7.610516
v 10.548684 0.911277 -7.546540
v 10.537452 0.911277 -7.475621
v 10.548684 0.911277 -7.404702
v 10.581282 0.911277 -7.340726
v 10.632054 0.911277 -7.289953
v 10.696031 0.911277 -7.257356
v 10.766949 0.911277 -7.246123
v 10.837868 0.911277 -7.257356
v 10.901845 0.911277 -7.289953
v 10.952617 0.911277 -7.340726
v 10.985215 0.911277 -7.404702
v 10.996447 0.911277 -7.475621
v 11.049539 0.952724 -7.567440
v 11.007335 0.952724 -7.650271
v 10.941600 0.952724 -7.716006
v 10.858768 0.952724 -7.758211
v 10.766949 0.952724 -7.772754
v 10.675130 0.952724 -7.758211
v 10.592299 0.952724 -7.716006
v 10.526564 0.952724 -7.650271
v 10.484359 0.952724 -7.567440
v 10.469817 0.952724 -7.475621
v 10.484359 0.952724 -7.383802
v 10.526564 0.952724 -7.300971
v 10.592299 0.952724 -7.235236
v 10.675130 0.952724 -7.193031
v 10.766949 0.952724 -7.178488
v 10.858768 0.952724 -7.193031
v 10.941600 0.952724 -7.235236
v 11.007335 0.952724 -7.300971
v 11.049539 0.952724 -7.383802
v 11.064082 0.952724 -7.475621
v 11.106906 1.004240 -7.586079
v 11.056134 1.004240 -7.685726
v 10.977054 1.004240 -7.764805
v 10.877408 1.004240 -7.815577
v 10.766949 1.004240 -7.833072
v 10.656491 1.004240 -7.815577
v 10.556845 1.004240 -7.764805
v 10.477765 1.004240 -7.685725
v 10.426993 1.004240 -7.586079
v 10.409498 1.004240 -7.475621
v 10.426993 1.004240 -7.365162
v 10.477765 1.004240 -7.265516
v 10.556845 1.004240 -7.186437
v 10.656491 1.004240 -7.135665
v 10.766949 1.004240 -7.118170
v 10.877408 1.004240 -7.135665
v 10.977054 1.004240 -7.186437
v 11.056133 1.004240 -7.265516
v 11.106906 1.004240 -7.365162
v 11.124400 1.004240 -7.475621
v 11.155901 1.064559 -7.601999
v 11.097812 1.064559 -7.716006
v 11.007335 1.064559 -7.806483
v 10.893327 1.064559 -7.864573
v 10.766949 1.064559 -7.884589
v 10.640571 1.064559 -7.864573
v 10.526564 1.064559 -7.806483
v 10.436087 1.064559 -7.716006
v 10.377998 1.064559 -7.601999
v 10.357981 1.064559 -7.475621
v 10.377998 1.064559 -7.349243
v 10.436087 1.064559 -7.235236
v 10.526564 1.064559 -7.144759
v 10.640571 1.064559 -7.086669
v 10.766949 1.064559 -7.066653
v 10.893327 1.064559 -7.086669
v 11.007335 1.064559 -7.144759
v 11.097811 1.064559 -7.235236
v 11.155901 1.064559 -7.349243
v 11.175917 1.064559 -7.475621
v 11.195319 1.132194 -7.614807
v 11.131343 1.132194 -7.740368
v 11.031697 1.132194 -7.840014
v 10.906135 1.132194 -7.903991
v 10.766949 1.132194 -7.926036
v 10.627764 1.132194 -7.903991
v 10.502202 1.132194 -7.840014
v 10.402556 1.132194 -7.740368
v 10.338579 1.132194 -7.614807
v 10.316535 1.132194 -7.475621
v 10.338579 1.132194 -7.336435
v 10.402556 1.132194 -7.210874
v 10.502202 1.132194 -7.111228
v 10.627764 1.132194 -7.047251
v 10.766949 1.132194 -7.025206
v 10.906135 1.132194 -7.047251
v 11.031696 1.132194 -7.111228
v 11.131342 1.132194 -7.210874
v 11.195319 1.132194 -7.336435
v 11.217364 1.132194 -7.475621
v 11.224190 1.205480 -7.624187
v 11.155901 1.205480 -7.758211
v 11.049539 1.205480 -7.864573
v 10.915516 1.205480 -7.932861
v 10.766949 1.205480 -7.956392
v 10.618383 1.205480 -7.932861
v 10.484359 1.205480 -7.864573
v 10.377998 1.205480 -7.758211
v 10.309709 1.205480 -7.624187
v 10.286179 1.205480 -7.475621
v 10.309709 1.205480 -7.327055
v 10.377998 1.205480 -7.193031
v 10.484359 1.205480 -7.086669
v 10.618383 1.205480 -7.018381
v 10.766949 1.205480 -6.994850
v 10.915516 1.205480 -7.018381
v 11.049539 1.205480 -7.086669
v 11.155901 1.205480 -7.193031
v 11.224189 1.205480 -7.327055
v 11.247720 1.205480 -7.475621
v 11.241801 1.282612 -7.629910
v 11.170882 1.282612 -7.769096
v 11.060424 1.282612 -7.879554
v 10.921238 1.282612 -7.950473
v 10.766949 1.282612 -7.974910
v 10.612661 1.282612 -7.950473
v 10.473475 1.282612 -7.879554
v 10.363016 1.282612 -7.769095
v 10.292098 1.282612 -7.629910
v 10.267661 1.282612 -7.475621
v 10.292098 1.282612 -7.321332
v 10.363016 1.282612 -7.182146
v 10.473475 1.282612 -7.071688
v 10.612661 1.282612 -7.000769
v 10.766949 1.282612 -6.976332
v 10.921238 1.282612 -7.000769
v 11.060424 1.282612 -7.071688
v 11.170882 1.282612 -7.182147
v 11.241801 1.282612 -7.321332
v 11.266238 1.282612 -7.475621
v 11.247720 1.361692 -7.631833
v 11.175918 1.361692 -7.772754
v 11.064082 1.361692 -7.884589
v 10.923161 1.361692 -7.956392
v 10.766949 1.361692 -7.981133
v 10.610737 1.361692 -7.956392
v 10.469817 1.361692 -7.884589
v 10.357981 1.361692 -7.772754
v 10.286179 1.361692 -7.631833
v 10.261437 1.361692 -7.475621
v 10.286179 1.361692 -7.319409
v 10.357981 1.361692 -7.178488
v 10.469817 1.361692 -7.066653
v 10.610737 1.361692 -6.994850
v 10.766949 1.361692 -6.970109
v 10.923161 1.361692 -6.994850
v 11.064082 1.361692 -7.066653
v 11.175917 1.361692 -7.178488
v 11.247720 1.361692 -7.319409
v 11.272462 1.361692 -7.475621
v 11.241801 1.440771 -7.629910
v 11.170882 1.440771 -7.769096
v 11.060424 1.440771 -7.879554
v 10.921238 1.440771 -7.950473
v 10.766949 1.440771 -7.974910
v 10.612661 1.440771 -7.950473
v 10.473475 1.440771 -7.879554
v 10.363016 1.440771 -7.769095
v 10.292098 1.440771 -7.629910
v 10.267661 1.440771 -7.475621
v 10.292098 1.440771 -7.321332
v 10.363016 1.440771 -7.182146
v 10.473475 1.440771 -7.071688
v 10.612661 1.440771 -7.000769
v 10.766949 1.440771 -6.976332
v 10.921238 1.440771 -7.000769
v 11.060424 1.440771 -7.071688
v 11.170882 1.440771 -7.182147
v 11.241801 1.440771 -7.321332
v 11.266238 1.440771 -7.475621
v 11.224190 1.517903 -7.624187
v 11.155901 1.517903 -7.758211
v 11.049539 1.517903 -7.864573
v 10.915516 1.517903 -7.932861
v 10.766949 1.517903 -7.956392
v 10.618383 1.517903 -7.932861
v 10.484359 1.517903 -7.864573
v 10.377998 1.517903 -7.758211
v 10.309709 1.517903 -7.624187
v 10.286179 1.517903 -7.475621
v 10.309709 1.517903 -7.327055
v 10.377998 1.517903 -7.193031
v 10.484359 1.517903 -7.086669
v 10.618383 1.517903 -7.018381
v 10.766949 1.517903 -6.994850
v 10.915516 1.517903 -7.018381
v 11.049539 1.517903 -7.086669
v 11.155901 1.517903 -7.193031
v 11.224189 1.517903 -7.327055
v 11.247720 1.517903 -7.475621
v 11.195319 1.591189 -7.614807
v 11.131343 1.591189 -7.740368
v 11.031697 1.591189 -7.840014
v 10.906135 1.591189 -7.903991
v 10.766949 1.591189 -7.926036
v 10.627764 1.591189 -7.903991
v 10.502202 1.591189 -7.840014
v 10.402556 1.591189 -7.740368
v 10.338579 1.591189 -7.614807
v 10.316535 1.591189 -7.475621
v 10.338579 1.591189 -7.336435
v 10.402556 1.591189 -7.210874
v 10.502202 1.591189 -7.111228
v 10.627764 1.591189 -7.047251
v 10.766949 1.591189 -7.025206
v 10.906135 1.591189 -7.047251
v 11.031696 1.591189 -7.111228
v 11.131342 1.591189 -7.210874
v 11.195319 1.591189 -7.336435
v 11.217364 1.591189 -7.475621
v 11.155901 1.658824 -7.601999
v 11.097812 1.658824 -7.716006
v 11.007335 1.658824 -7.806483
v 10.893327 1.658824 -7.864573
v 10.766949 1.658824 -7.884589
v 10.640571 1.658824 -7.864573
v 10.526564 1.658824 -7.806483
v 10.436087 1.658824 -7.716006
v 10.377998 1.658824 -7.601999
v 10.357981 1.658824 -7.475621
v 10.377998 1.658824 -7.349243
v 10.436087 1.658824 -7.235236
v 10.526564 1.658824 -7.144759
v 10.640571 1.658824 -7.086669
v 10.766949 1.658824 -7.066653
v 10.893327 1.658824 -7.086669
v 11.007335 1.658824 -7.144759
v 11.097811 1.658824 -7.235236
v 11.155901 1.658824 -7.349243
v 11.175917 1.658824 -7.475621
v 11.106906 1.719143 -7.586079
v 11.056134 1.719143 -7.685726
v 10.977054 1.719143 -7.764805
v 10.877408 1.719143 -7.815577
v 10.766949 1.719143 -7.833072
v 10.656491 1.719143 -7.815577
v 10.556845 1.719143 -7.764805
v 10.477765 1.719143 -7.685725
v 10.426993 1.719143 -7.586079
v 10.409498 1.719143 -7.475621
v 10.426993 1.719143 -7.365162
v 10.477765 1.719143 -7.265516
v 10.556845 1.719143 -7.186437
v 10.656491 1.719143 -7.135665
v 10.766949 1.719143 -7.118170
v 10.877408 1.719143 -7.135665
v 10.977054 1.719143 -7.186437
v 11.056133 1.719143 -7.265516
v 11.106906 1.719143 -7.365162
v 11.124400 1.719143 -7.475621
v 11.049539 1.770659 -7.567440
v 11.007335 1.770659 -7.650271
v 10.941600 1.770659 -7.716006
v 10.858768 1.770659 -7.758211
v 10.766949 1.770659 -7.772754
v 10.675130 1.770659 -7.758211
v 10.592299 1.770659 -7.716006
v 10.526564 1.770659 -7.650271
v 10.484359 1.770659 -7.567440
v 10.469817 1.770659 -7.475621
v 10.484359 1.770659 -7.383802
v 10.526564 1.770659 -7.300971
v 10.592299 1.770659 -7.235236
v 10.675130 1.770659 -7.193031
v 10.766949 1.770659 -7.178488
v 10.858768 1.770659 -7.193031
v 10.941600 1.770659 -7.235236
v 11.007335 1.770659 -7.300971
v 11.049539 1.770659 -7.383802
v 11.064082 1.770659 -7.475621
v 10.985215 1.812106 -7.546540
v 10.952617 1.812106 -7.610516
v 10.901845 1.812106 -7.661289
v 10.837868 1.812106 -7.693886
v 10.766949 1.812106 -7.705119
v 10.696031 1.812106 -7.693886
v 10.632054 1.812106 -7.661289
v 10.581282 1.812106 -7.610516
v 10.548684 1.812106 -7.546540
v 10.537452 1.812106 -7.475621
v 10.548684 1.812106 -7.404702
v 10.581282 1.812106 -7.340726
v 10.632054 1.812106 -7.289953
v 10.696031 1.812106 -7.257356
v 10.766949 1.812106 -7.246123
v 10.837868 1.812106 -7.257356
v 10.901845 1.812106 -7.289953
v 10.952617 1.812106 -7.340726
v 10.985215 1.812106 -7.404702
v 10.996447 1.812106 -7.475621
v 10.915516 1.842462 -7.523893
v 10.893327 1.842462 -7.567440
v 10.858768 1.842462 -7.601999
v 10.815222 1.842462 -7.624187
v 10.766949 1.842462 -7.631833
v 10.718677 1.842462 -7.624187
v 10.675130 1.842462 -7.601999
v 10.640571 1.842462 -7.567440
v 10.618383 1.842462 -7.523893
v 10.610737 1.842462 -7.475621
v 10.618383 1.842462 -7.427349
v 10.640571 1.842462 -7.383802
v 10.675130 1.842462 -7.349243
v 10.718677 1.842462 -7.327055
v 10.766949 1.842462 -7.319409
v 10.815221 1.842462 -7.327055
v 10.858768 1.842462 -7.349243
v 10.893327 1.842462 -7.383802
v 10.915516 1.842462 -7.427349
v 10.923161 1.842462 -7.475621
v 10.842159 1.860980 -7.500058
v 10.830926 1.860980 -7.522103
v 10.813431 1.860980 -7.539598
v 10.791386 1.860980 -7.550830
v 10.766949 1.860980 -7.554701
v 10.742512 1.860980 -7.550830
v 10.720468 1.860980 -7.539598
v 10.702973 1.860980 -7.522103
v 10.691740 1.860980 -7.500058
v 10.687870 1.860980 -7.475621
v 10.691740 1.860980 -7.451184
v 10.702973 1.860980 -7.429139
v 10.720468 1.860980 -7.411644
v 10.742512 1.860980 -7.400412
v 10.766949 1.860980 -7.396541
v 10.791386 1.860980 -7.400412
v 10.813431 1.860980 -7.411644
v 10.830926 1.860980 -7.429139
v 10.842158 1.860980 -7.451184
v 10.846029 1.860980 -7.475621
v 10.766949 0.856179 -7.475621
v 10.766949 1.867204 -7.475621
vt 0.845176 0.536451
vt 0.904564 0.536451
vt 0.913004 0.571114
vt 0.849613 0.571114
vt 0.839118 0.504461
vt 0.893042 0.504461
vt 0.951695 0.536451
vt 0.963311 0.571114
vt 0.918152 0.607596
vt 0.852319 0.607596
vt 0.779343 0.536451
vt 0.779343 0.571114
vt 0.831588 0.475931
vt 0.878719 0.475931
vt 0.935836 0.504461
vt 0.779343 0.504461
vt 0.970397 0.607596
vt 0.919882 0.645000
vt 0.853228 0.645000
vt 0.779343 0.607596
vt 0.713510 0.536451
vt 0.709073 0.571114
vt 0.822772 0.451564
vt 0.861950 0.451564
vt 0.916123 0.475931
vt 0.779343 0.475931
vt 0.719568 0.504461
vt 0.972778 0.645000
vt 0.918152 0.682403
vt 0.852319 0.682403
vt 0.779343 0.645000
vt 0.706367 0.607596
vt 0.654122 0.536451
vt 0.645682 0.571114
vt 0.779343 0.451564
vt 0.727098 0.475931
vt 0.665645 0.504461
vt 0.970397 0.682403
vt 0.913004 0.718885
vt 0.849613 0.718885
vt 0.779343 0.682403
vt 0.705458 0.645000
vt 0.640534 0.607596
vt 0.606991 0.536451
vt 0.595375 0.571114
vt 0.779343 0.431961
vt 0.812886 0.431961
vt 0.735914 0.451564
vt 0.679967 0.475931
vt 0.622850 0.504461
vt 0.963311 0.718885
vt 0.904564 0.753548
vt 0.845176 0.753548
vt 0.779343 0.718885
vt 0.706367 0.682403
vt 0.638804 0.645000
vt 0.588289 0.607596
vt 0.745800 0.431961
vt 0.696736 0.451564
vt 0.642563 0.475931
vt 0.951695 0.753548
vt 0.893042 0.785539
vt 0.839118 0.785539
vt 0.779343 0.753548
vt 0.709073 0.718885
vt 0.640534 0.682403
vt 0.585908 0.645000
vt 0.935836 0.785539
vt 0.878719 0.814068
vt 0.831588 0.814068
vt 0.779343 0.785539
vt 0.713510 0.753548
vt 0.645682 0.718885
vt 0.588289 0.682403
vt 0.916123 0.814068
vt 0.861950 0.838435
vt 0.822772 0.838435
vt 0.779343 0.814068
vt 0.719568 0.785539
vt 0.654122 0.753548
vt 0.595375 0.718885
vt 0.779343 0.838435
vt 0.727098 0.814068
vt 0.665645 0.785539
vt 0.606991 0.753548
vt 0.812886 0.858038
vt 0.779343 0.858038
vt 0.735914 0.838435
vt 0.679967 0.814068
vt 0.622850 0.785539
vt 0.745800 0.858038
vt 0.696736 0.838435
vt 0.642563 0.814068
vt 0.351499 0.106482
vt 0.410888 0.106482
vt 0.406451 0.141145
vt 0.343060 0.141145
vt 0.363022 0.074492
vt 0.416946 0.074492
vt 0.476720 0.106482
vt 0.476720 0.141145
vt 0.403744 0.177628
vt 0.337912 0.177628
vt 0.304368 0.106482
vt 0.292752 0.141145
vt 0.377344 0.045962
vt 0.424475 0.045962
vt 0.476720 0.074492
vt 0.320228 0.074492
vt 0.542553 0.106482
vt 0.546990 0.141145
vt 0.476720 0.177628
vt 0.402835 0.215031
vt 0.336181 0.215031
vt 0.285667 0.177628
vt 0.394114 0.021596
vt 0.433292 0.021596
vt 0.476720 0.045962
vt 0.339941 0.045962
vt 0.536495 0.074492
vt 0.601942 0.106482
vt 0.610381 0.141145
vt 0.549697 0.177628
vt 0.476720 0.215031
vt 0.403744 0.252434
vt 0.337912 0.252434
vt 0.283285 0.215031
vt 0.476720 0.021596
vt 0.528966 0.045962
vt 0.590419 0.074492
vt 0.649073 0.106482
vt 0.660689 0.141145
vt 0.615529 0.177628
vt 0.550606 0.215031
vt 0.476720 0.252434
vt 0.406451 0.288917
vt 0.343060 0.288917
vt 0.285667 0.252434
vt 0.443177 0.001992
vt 0.476720 0.001992
vt 0.520149 0.021596
vt 0.576097 0.045962
vt 0.633213 0.074492
vt 0.667774 0.177628
vt 0.617260 0.215031
vt 0.549697 0.252434
vt 0.476720 0.288917
vt 0.410888 0.323580
vt 0.351499 0.323580
vt 0.292752 0.288917
vt 0.510264 0.001992
vt 0.559327 0.021596
vt 0.613500 0.045962
vt 0.670156 0.215031
vt 0.615529 0.252434
vt 0.546990 0.288917
vt 0.476720 0.323580
vt 0.416946 0.355570
vt 0.363022 0.355570
vt 0.304368 0.323580
vt 0.667774 0.252434
vt 0.610381 0.288917
vt 0.542553 0.323580
vt 0.476720 0.355570
vt 0.424475 0.384100
vt 0.377344 0.384100
vt 0.320228 0.355570
vt 0.660689 0.288917
vt 0.601942 0.323580
vt 0.536495 0.355570
vt 0.476720 0.384100
vt 0.433292 0.408466
vt 0.394114 0.408466
vt 0.339941 0.384100
vt 0.649073 0.323580
vt 0.590419 0.355570
vt 0.528966 0.384100
vt 0.476720 0.408466
vt 0.633213 0.355570
vt 0.576097 0.384100
vt 0.520149 0.408466
vt 0.476720 0.428070
vt 0.443177 0.428070
vt 0.613500 0.384100
vt 0.559327 0.408466
vt 0.510264 0.428070
vt 0.174294 0.203473
vt 0.168981 0.193046
vt 0.198496 0.171602
vt 0.208991 0.192199
vt 0.138721 0.215031
vt 0.160706 0.184771
vt 0.182150 0.155257
vt 0.226539 0.151228
vt 0.241957 0.181488
vt 0.176124 0.215031
vt 0.212607 0.215031
vt 0.150279 0.179459
vt 0.161553 0.144762
vt 0.202525 0.127214
vt 0.252420 0.132425
vt 0.272382 0.171602
vt 0.247270 0.215031
vt 0.174294 0.226590
vt 0.208991 0.237863
vt 0.138721 0.177628
vt 0.138721 0.141146
vt 0.172265 0.111795
vt 0.221328 0.101333
vt 0.241957 0.248575
vt 0.168981 0.237017
vt 0.198496 0.258460
vt 0.127163 0.179459
vt 0.115889 0.144762
vt 0.138721 0.106482
vt 0.182150 0.081371
vt 0.238097 0.078252
vt 0.275501 0.115655
vt 0.226539 0.278835
vt 0.160706 0.245291
vt 0.182150 0.274806
vt 0.116736 0.184771
vt 0.095292 0.155257
vt 0.105178 0.111795
vt 0.138721 0.074492
vt 0.190966 0.054237
vt 0.272382 0.258460
vt 0.252420 0.297638
vt 0.202525 0.302849
vt 0.150279 0.250604
vt 0.161553 0.285301
vt 0.108461 0.193046
vt 0.078946 0.171602
vt 0.074918 0.127214
vt 0.095292 0.081371
vt 0.138721 0.045963
vt 0.198496 0.031063
vt 0.252420 0.058539
vt 0.221328 0.328730
vt 0.172265 0.318267
vt 0.138721 0.252435
vt 0.138721 0.288917
vt 0.103149 0.203473
vt 0.068452 0.192200
vt 0.050903 0.151228
vt 0.056114 0.101333
vt 0.086476 0.054237
vt 0.138721 0.021596
vt 0.204554 0.012419
vt 0.263943 0.042679
vt 0.275501 0.314407
vt 0.238097 0.351811
vt 0.182150 0.348692
vt 0.138721 0.323580
vt 0.127163 0.250604
vt 0.115889 0.285301
vt 0.101318 0.215031
vt 0.064835 0.215031
vt 0.035485 0.181488
vt 0.025023 0.132425
vt 0.039345 0.078252
vt 0.078946 0.031063
vt 0.138721 0.001992
vt 0.190966 0.375825
vt 0.138721 0.355570
vt 0.105178 0.318267
vt 0.116736 0.245291
vt 0.095292 0.274806
vt 0.103149 0.226590
vt 0.068452 0.237863
vt 0.030172 0.215031
vt 0.005061 0.171602
vt 0.001942 0.115655
vt 0.025023 0.058539
vt 0.072888 0.012419
vt 0.252420 0.371524
vt 0.198496 0.398999
vt 0.138721 0.384100
vt 0.095292 0.348692
vt 0.074918 0.302849
vt 0.108461 0.237017
vt 0.078946 0.258460
vt 0.035485 0.248575
vt 0.013500 0.042679
vt 0.263942 0.387383
vt 0.204554 0.417643
vt 0.138721 0.408467
vt 0.086476 0.375825
vt 0.056114 0.328730
vt 0.050903 0.278835
vt 0.138721 0.428070
vt 0.078946 0.398999
vt 0.039345 0.351811
vt 0.025023 0.297638
vt 0.005061 0.258460
vt 0.072888 0.417643
vt 0.025023 0.371524
vt 0.001942 0.314407
vt 0.013500 0.387383
vt 0.579928 0.744376
vt 0.542524 0.781780
vt 0.525755 0.758699
vt 0.556846 0.727607
vt 0.495393 0.805794
vt 0.486577 0.778660
vt 0.506951 0.732818
vt 0.530966 0.708803
vt 0.556846 0.801493
vt 0.502923 0.828968
vt 0.443148 0.814069
vt 0.443148 0.785539
vt 0.476691 0.748236
vt 0.486577 0.704774
vt 0.502923 0.688429
vt 0.576809 0.688429
vt 0.546384 0.678543
vt 0.568369 0.817352
vt 0.508981 0.847612
vt 0.443148 0.838435
vt 0.390903 0.805794
vt 0.399719 0.778660
vt 0.443148 0.753549
vt 0.465980 0.715269
vt 0.465133 0.675260
vt 0.473408 0.666985
vt 0.513417 0.667832
vt 0.443148 0.858039
vt 0.383373 0.828968
vt 0.343772 0.781780
vt 0.360541 0.758699
vt 0.409605 0.748236
vt 0.443148 0.718885
vt 0.454706 0.680573
vt 0.443148 0.645000
vt 0.478721 0.656558
vt 0.551697 0.645000
vt 0.517034 0.645000
vt 0.377315 0.847612
vt 0.329449 0.801493
vt 0.306368 0.744376
vt 0.329449 0.727607
vt 0.379345 0.732818
vt 0.420316 0.715269
vt 0.443148 0.682403
vt 0.480551 0.645000
vt 0.546384 0.611456
vt 0.513417 0.622168
vt 0.317927 0.817352
vt 0.355330 0.708803
vt 0.399719 0.704774
vt 0.431590 0.680573
vt 0.478721 0.633442
vt 0.530966 0.581197
vt 0.502923 0.601571
vt 0.309487 0.688429
vt 0.339912 0.678543
vt 0.383373 0.688429
vt 0.421163 0.675260
vt 0.473408 0.623015
vt 0.556846 0.562393
vt 0.576809 0.601571
vt 0.506951 0.557182
vt 0.486577 0.585225
vt 0.372878 0.667832
vt 0.412888 0.666985
vt 0.465133 0.614740
vt 0.525755 0.531302
vt 0.476691 0.541764
vt 0.465980 0.574730
vt 0.334599 0.645000
vt 0.369262 0.645000
vt 0.407575 0.656558
vt 0.454706 0.609427
vt 0.542524 0.508220
vt 0.579927 0.545624
vt 0.486577 0.511339
vt 0.443148 0.536451
vt 0.443148 0.571114
vt 0.339912 0.611456
vt 0.372878 0.622168
vt 0.405745 0.645000
vt 0.443148 0.607596
vt 0.495393 0.484206
vt 0.443148 0.504461
vt 0.409605 0.541764
vt 0.420316 0.574730
vt 0.355330 0.581197
vt 0.383373 0.601571
vt 0.407575 0.633442
vt 0.431590 0.609427
vt 0.502923 0.461032
vt 0.556846 0.488507
vt 0.443148 0.475931
vt 0.399719 0.511339
vt 0.379345 0.557182
vt 0.399719 0.585225
vt 0.309487 0.601571
vt 0.329449 0.562393
vt 0.412888 0.623015
vt 0.421163 0.614740
vt 0.508981 0.442387
vt 0.568369 0.472648
vt 0.443148 0.451565
vt 0.390903 0.484206
vt 0.360541 0.531302
vt 0.443148 0.431961
vt 0.383373 0.461032
vt 0.343772 0.508220
vt 0.306368 0.545624
vt 0.377315 0.442387
vt 0.329449 0.488507
vt 0.317927 0.472648
vt 0.300388 0.447280
vt 0.300388 0.506668
vt 0.265725 0.502231
vt 0.265725 0.438840
vt 0.300388 0.572500
vt 0.265725 0.572500
vt 0.229242 0.499524
vt 0.229242 0.433691
vt 0.300388 0.638333
vt 0.265725 0.642770
vt 0.229242 0.572500
vt 0.191839 0.498614
vt 0.191839 0.431961
vt 0.300388 0.697721
vt 0.265725 0.706161
vt 0.229242 0.645477
vt 0.191839 0.572500
vt 0.154436 0.499524
vt 0.154436 0.433691
vt 0.229242 0.711310
vt 0.191839 0.646387
vt 0.154436 0.572500
vt 0.117953 0.502231
vt 0.117953 0.438840
vt 0.191839 0.713040
vt 0.154436 0.645477
vt 0.117953 0.572500
vt 0.083290 0.506668
vt 0.083290 0.447280
vt 0.154436 0.711310
vt 0.117953 0.642770
vt 0.083290 0.572500
vt 0.117953 0.706161
vt 0.083290 0.638333
vt 0.083290 0.697721
vt 0.001942 0.982690
vt 0.001942 0.923302
vt 0.036605 0.927739
vt 0.036605 0.991130
vt 0.001942 0.857469
vt 0.036605 0.857469
vt 0.073087 0.930445
vt 0.073087 0.996278
vt 0.001942 0.791636
vt 0.036605 0.787199
vt 0.073087 0.857469
vt 0.110490 0.931355
vt 0.110490 0.998008
vt 0.001942 0.732248
vt 0.036605 0.723808
vt 0.073087 0.784493
vt 0.110490 0.857469
vt 0.147894 0.930445
vt 0.147894 0.996278
vt 0.073087 0.718660
vt 0.110490 0.783583
vt 0.147894 0.857469
vt 0.184376 0.927739
vt 0.184376 0.991130
vt 0.110490 0.716930
vt 0.147894 0.784493
vt 0.184376 0.857469
vt 0.219039 0.923302
vt 0.219039 0.982690
vt 0.147894 0.718660
vt 0.184376 0.787199
vt 0.219039 0.857469
vt 0.184376 0.723808
vt 0.219039 0.791636
vt 0.219039 0.732248
vn 0.190555 -0.979722 -0.061915
vn 0.162096 -0.979722 -0.117769
vn 0.269870 -0.942722 -0.196072
vn 0.317252 -0.942722 -0.103081
vn 0.117769 -0.979722 -0.162095
vn 0.196072 -0.942722 -0.269870
vn 0.061915 -0.979722 -0.190555
vn 0.103081 -0.942723 -0.317251
vn -0.000000 -0.979722 -0.200361
vn -0.000000 -0.942722 -0.333578
vn -0.061915 -0.979722 -0.190555
vn -0.103081 -0.942722 -0.317252
vn -0.117769 -0.979722 -0.162096
vn -0.196072 -0.942722 -0.269871
vn -0.162096 -0.979722 -0.117770
vn -0.269870 -0.942722 -0.196072
vn -0.190555 -0.979722 -0.061915
vn -0.317252 -0.942722 -0.103081
vn -0.200361 -0.979722 0.000000
vn -0.333578 -0.942722 -0.000000
vn -0.190555 -0.979722 0.061915
vn -0.317252 -0.942722 0.103081
vn -0.162096 -0.979722 0.117769
vn -0.269870 -0.942722 0.196072
vn -0.117769 -0.979722 0.162095
vn -0.196072 -0.942722 0.269870
vn -0.061915 -0.979722 0.190555
vn -0.103081 -0.942722 0.317252
vn 0.000000 -0.979722 0.200361
vn 0.000000 -0.942722 0.333578
vn 0.061915 -0.979722 0.190555
vn 0.103081 -0.942722 0.317252
vn 0.117769 -0.979722 0.162096
vn 0.196072 -0.942722 0.269870
vn 0.162096 -0.979722 0.117769
vn 0.269870 -0.942722 0.196072
vn 0.190555 -0.979722 0.061915
vn 0.317252 -0.942722 0.103081
vn 0.200361 -0.979722 0.000001
vn 0.333578 -0.942722 0.000000
vn 0.380846 -0.882266 -0.276701
vn 0.447712 -0.882266 -0.145470
vn 0.276701 -0.882266 -0.380846
vn 0.145470 -0.882266 -0.447711
vn -0.000000 -0.882266 -0.470752
vn -0.145470 -0.882266 -0.447711
vn -0.276701 -0.882266 -0.380846
vn -0.380846 -0.882266 -0.276701
vn -0.447712 -0.882266 -0.145470
vn -0.470752 -0.882266 0.000000
vn -0.447712 -0.882266 0.145470
vn -0.380846 -0.882266 0.276701
vn -0.276701 -0.882266 0.380846
vn -0.145470 -0.882266 0.447712
vn 0.000000 -0.882266 0.470752
vn 0.145470 -0.882266 0.447712
vn 0.276701 -0.882266 0.380846
vn 0.380846 -0.882266 0.276701
vn 0.447712 -0.882266 0.145470
vn 0.470752 -0.882266 0.000000
vn 0.485138 -0.800252 -0.352474
vn 0.570314 -0.800252 -0.185306
vn 0.352473 -0.800252 -0.485138
vn 0.185306 -0.800252 -0.570314
vn -0.000000 -0.800252 -0.599664
vn -0.185307 -0.800252 -0.570314
vn -0.352474 -0.800252 -0.485138
vn -0.485138 -0.800252 -0.352474
vn -0.570314 -0.800252 -0.185306
vn -0.599664 -0.800252 0.000000
vn -0.570314 -0.800252 0.185306
vn -0.485138 -0.800252 0.352474
vn -0.352474 -0.800252 0.485139
vn -0.185306 -0.800252 0.570314
vn 0.000000 -0.800252 0.599664
vn 0.185306 -0.800252 0.570314
vn 0.352474 -0.800252 0.485139
vn 0.485138 -0.800252 0.352474
vn 0.570314 -0.800252 0.185306
vn 0.599664 -0.800252 0.000001
vn 0.578712 -0.698789 -0.420459
vn 0.680318 -0.698789 -0.221048
vn 0.420459 -0.698789 -0.578713
vn 0.221049 -0.698789 -0.680318
vn -0.000000 -0.698789 -0.715328
vn -0.221049 -0.698789 -0.680318
vn -0.420460 -0.698789 -0.578713
vn -0.578713 -0.698789 -0.420459
vn -0.680318 -0.698788 -0.221049
vn -0.715328 -0.698788 -0.000000
vn -0.680318 -0.698789 0.221049
vn -0.578713 -0.698788 0.420460
vn -0.420459 -0.698788 0.578713
vn -0.221049 -0.698788 0.680318
vn -0.000000 -0.698788 0.715328
vn 0.221049 -0.698788 0.680318
vn 0.420460 -0.698788 0.578713
vn 0.578713 -0.698788 0.420459
vn 0.680318 -0.698788 0.221049
vn 0.715328 -0.698788 0.000001
vn 0.658808 -0.580401 -0.478652
vn 0.774475 -0.580401 -0.251641
vn 0.478652 -0.580401 -0.658808
vn 0.251642 -0.580401 -0.774475
vn -0.000000 -0.580401 -0.814331
vn -0.251642 -0.580401 -0.774475
vn -0.478652 -0.580401 -0.658808
vn -0.658808 -0.580401 -0.478652
vn -0.774475 -0.580401 -0.251642
vn -0.814331 -0.580401 -0.000000
vn -0.774475 -0.580401 0.251642
vn -0.658808 -0.580401 0.478652
vn -0.478652 -0.580401 0.658808
vn -0.251642 -0.580401 0.774475
vn 0.000000 -0.580401 0.814331
vn 0.251642 -0.580401 0.774475
vn 0.478652 -0.580401 0.658808
vn 0.658808 -0.580401 0.478652
vn 0.774475 -0.580401 0.251642
vn 0.814331 -0.580401 0.000001
vn 0.723291 -0.447994 -0.525502
vn 0.850280 -0.447994 -0.276272
vn 0.525501 -0.447994 -0.723291
vn 0.276272 -0.447994 -0.850279
vn -0.000000 -0.447994 -0.894037
vn -0.276273 -0.447994 -0.850279
vn -0.525502 -0.447994 -0.723291
vn -0.723291 -0.447994 -0.525501
vn -0.850279 -0.447994 -0.276272
vn -0.894037 -0.447994 -0.000000
vn -0.850279 -0.447994 0.276272
vn -0.723291 -0.447994 0.525502
vn -0.525502 -0.447994 0.723291
vn -0.276273 -0.447994 0.850280
vn 0.000000 -0.447994 0.894037
vn 0.276273 -0.447994 0.850280
vn 0.525502 -0.447994 0.723291
vn 0.723291 -0.447994 0.525502
vn 0.850279 -0.447994 0.276272
vn 0.894037 -0.447994 0.000001
vn 0.770524 -0.304789 -0.559819
vn 0.905806 -0.304789 -0.294313
vn 0.559818 -0.304789 -0.770524
vn 0.294314 -0.304789 -0.905805
vn -0.000000 -0.304789 -0.952420
vn -0.294314 -0.304789 -0.905805
vn -0.559819 -0.304789 -0.770524
vn -0.770524 -0.304789 -0.559818
vn -0.905805 -0.304789 -0.294314
vn -0.952420 -0.304789 -0.000000
vn -0.905805 -0.304789 0.294314
vn -0.770524 -0.304788 0.559819
vn -0.559818 -0.304788 0.770524
vn -0.294314 -0.304789 0.905805
vn 0.000000 -0.304789 0.952420
vn 0.294314 -0.304789 0.905805
vn 0.559818 -0.304789 0.770524
vn 0.770524 -0.304789 0.559818
vn 0.905805 -0.304789 0.294314
vn 0.952420 -0.304788 0.000001
vn 0.799335 -0.154249 -0.580751
vn 0.939675 -0.154249 -0.305318
vn 0.580750 -0.154249 -0.799335
vn 0.305318 -0.154249 -0.939674
vn 0.000000 -0.154249 -0.988032
vn -0.305319 -0.154249 -0.939674
vn -0.580751 -0.154249 -0.799335
vn -0.799335 -0.154249 -0.580751
vn -0.939674 -0.154248 -0.305319
vn -0.988032 -0.154248 0.000000
vn -0.939674 -0.154248 0.305319
vn -0.799335 -0.154248 0.580751
vn -0.580751 -0.154249 0.799335
vn -0.305319 -0.154249 0.939674
vn 0.000000 -0.154249 0.988032
vn 0.305319 -0.154249 0.939674
vn 0.580751 -0.154249 0.799335
vn 0.799335 -0.154249 0.580751
vn 0.939674 -0.154249 0.305319
vn 0.988032 -0.154249 0.000001
vn 0.809017 0.000000 -0.587785
vn 0.951057 -0.000000 -0.309016
vn 0.587785 -0.000000 -0.809017
vn 0.309017 -0.000000 -0.951057
vn 0.000000 0.000000 -1.000000
vn -0.309017 -0.000000 -0.951056
vn -0.587785 -0.000000 -0.809017
vn -0.809017 0.000000 -0.587785
vn -0.951057 0.000000 -0.309017
vn -1.000000 -0.000000 0.000000
vn -0.951056 -0.000000 0.309017
vn -0.809017 0.000000 0.587785
vn -0.587785 -0.000000 0.809017
vn -0.309017 -0.000000 0.951057
vn 0.000000 0.000000 1.000000
vn 0.309017 -0.000000 0.951057
vn 0.587785 -0.000000 0.809017
vn 0.809017 -0.000000 0.587785
vn 0.951057 0.000000 0.309017
vn 1.000000 0.000000 0.000001
vn 0.799335 0.154249 -0.580751
vn 0.939675 0.154249 -0.305318
vn 0.580750 0.154249 -0.799335
vn 0.305318 0.154249 -0.939674
vn 0.000000 0.154249 -0.988032
vn -0.305319 0.154249 -0.939674
vn -0.580751 0.154249 -0.799335
vn -0.799335 0.154249 -0.580750
vn -0.939674 0.154248 -0.305319
vn -0.988032 0.154248 0.000000
vn -0.939674 0.154248 0.305319
vn -0.799335 0.154248 0.580751
vn -0.580751 0.154249 0.799335
vn -0.305319 0.154249 0.939674
vn 0.000000 0.154249 0.988032
vn 0.305319 0.154249 0.939674
vn 0.580751 0.154249 0.799335
vn 0.799335 0.154249 0.580751
vn 0.939674 0.154249 0.305319
vn 0.988032 0.154249 0.000001
vn 0.770524 0.304789 -0.559819
vn 0.905806 0.304789 -0.294313
vn 0.559818 0.304789 -0.770524
vn 0.294314 0.304789 -0.905805
vn -0.000000 0.304789 -0.952420
vn -0.294314 0.304789 -0.905805
vn -0.559819 0.304789 -0.770524
vn -0.770524 0.304789 -0.559818
vn -0.905805 0.304789 -0.294314
vn -0.952420 0.304789 -0.000000
vn -0.905805 0.304789 0.294314
vn -0.770524 0.304788 0.559819
vn -0.559818 0.304788 0.770524
vn -0.294314 0.304789 0.905805
vn 0.000000 0.304789 0.952420
vn 0.294314 0.304789 0.905805
vn 0.559818 0.304789 0.770524
vn 0.770524 0.304789 0.559818
vn 0.905805 0.304788 0.294314
vn 0.952420 0.304789 0.000001
vn 0.723291 0.447994 -0.525502
vn 0.850280 0.447994 -0.276272
vn 0.525501 0.447994 -0.723291
vn 0.276272 0.447994 -0.850279
vn -0.000000 0.447994 -0.894037
vn -0.276273 0.447994 -0.850279
vn -0.525502 0.447994 -0.723291
vn -0.723291 0.447994 -0.525501
vn -0.850279 0.447994 -0.276272
vn -0.894037 0.447994 -0.000000
vn -0.850279 0.447994 0.276272
vn -0.723291 0.447994 0.525502
vn -0.525502 0.447994 0.723291
vn -0.276273 0.447994 0.850280
vn 0.000000 0.447994 0.894037
vn 0.276273 0.447994 0.850279
vn 0.525502 0.447994 0.723291
vn 0.723291 0.447994 0.525502
vn 0.850279 0.447994 0.276272
vn 0.894037 0.447994 0.000001
vn 0.658808 0.580401 -0.478652
vn 0.774475 0.580401 -0.251641
vn 0.478652 0.580401 -0.658808
vn 0.251642 0.580401 -0.774475
vn -0.000000 0.580401 -0.814331
vn -0.251642 0.580401 -0.774475
vn -0.478652 0.580401 -0.658808
vn -0.658808 0.580401 -0.478652
vn -0.774475 0.580401 -0.251642
vn -0.814331 0.580401 -0.000000
vn -0.774475 0.580401 0.251642
vn -0.658808 0.580401 0.478652
vn -0.478652 0.580401 0.658808
vn -0.251642 0.580401 0.774475
vn 0.000000 0.580401 0.814331
vn 0.251642 0.580401 0.774475
vn 0.478652 0.580401 0.658808
vn 0.658808 0.580401 0.478652
vn 0.774475 0.580401 0.251642
vn 0.814331 0.580401 0.000001
vn 0.578712 0.698789 -0.420459
vn 0.680318 0.698789 -0.221048
vn 0.420459 0.698789 -0.578713
vn 0.221049 0.698789 -0.680318
vn -0.000000 0.698789 -0.715328
vn -0.221049 0.698789 -0.680318
vn -0.420459 0.698789 -0.578713
vn -0.578713 0.698789 -0.420459
vn -0.680318 0.698789 -0.221049
vn -0.715328 0.698788 0.000000
vn -0.680318 0.698788 0.221049
vn -0.578713 0.698788 0.420460
vn -0.420459 0.698788 0.578713
vn -0.221049 0.698788 0.680318
vn -0.000000 0.698788 0.715328
vn 0.221049 0.698788 0.680318
vn 0.420459 0.698788 0.578713
vn 0.578713 0.698788 0.420460
vn 0.680318 0.698788 0.221049
vn 0.715328 0.698788 0.000001
vn 0.485138 0.800252 -0.352474
vn 0.570314 0.800252 -0.185306
vn 0.352473 0.800252 -0.485139
vn 0.185306 0.800252 -0.570314
vn -0.000000 0.800252 -0.599664
vn -0.185307 0.800252 -0.570314
vn -0.352474 0.800252 -0.485138
vn -0.485138 0.800252 -0.352474
vn -0.570314 0.800252 -0.185306
vn -0.599664 0.800252 0.000000
vn -0.570314 0.800252 0.185306
vn -0.485138 0.800252 0.352474
vn -0.352474 0.800252 0.485138
vn -0.185306 0.800252 0.570314
vn 0.000000 0.800252 0.599664
vn 0.185306 0.800252 0.570315
vn 0.352474 0.800252 0.485139
vn 0.485139 0.800252 0.352474
vn 0.570314 0.800252 0.185306
vn 0.599664 0.800252 0.000001
vn 0.380846 0.882266 -0.276701
vn 0.447712 0.882266 -0.145470
vn 0.276701 0.882266 -0.380846
vn 0.145470 0.882266 -0.447711
vn -0.000000 0.882266 -0.470752
vn -0.145470 0.882266 -0.447711
vn -0.276701 0.882266 -0.380846
vn -0.380846 0.882266 -0.276701
vn -0.447712 0.882266 -0.145470
vn -0.470752 0.882266 0.000000
vn -0.447712 0.882266 0.145471
vn -0.380846 0.882266 0.276701
vn -0.276701 0.882266 0.380846
vn -0.145470 0.882266 0.447712
vn 0.000000 0.882266 0.470752
vn 0.145470 0.882266 0.447712
vn 0.276701 0.882266 0.380846
vn 0.380846 0.882266 0.276701
vn 0.447712 0.882266 0.145470
vn 0.470752 0.882266 0.000000
vn 0.269870 0.942722 -0.196073
vn 0.317252 0.942722 -0.103081
vn 0.196072 0.942722 -0.269871
vn 0.103081 0.942722 -0.317251
vn -0.000000 0.942723 -0.333578
vn -0.103081 0.942722 -0.317251
vn -0.196072 0.942722 -0.269870
vn -0.269870 0.942722 -0.196072
vn -0.317252 0.942722 -0.103081
vn -0.333578 0.942722 0.000000
vn -0.317252 0.942722 0.103082
vn -0.269870 0.942722 0.196072
vn -0.196072 0.942722 0.269870
vn -0.103081 0.942722 0.317252
vn 0.000000 0.942722 0.333578
vn 0.103081 0.942722 0.317252
vn 0.196072 0.942722 0.269870
vn 0.269870 0.942722 0.196072
vn 0.317252 0.942722 0.103081
vn 0.333578 0.942722 0.000000
vn 0.162096 0.979722 -0.117769
vn 0.190555 0.979722 -0.061915
vn 0.117769 0.979722 -0.162096
vn 0.061915 0.979722 -0.190555
vn -0.000000 0.979722 -0.200361
vn -0.061915 0.979722 -0.190555
vn -0.117769 0.979722 -0.162095
vn -0.162096 0.979722 -0.117769
vn -0.190555 0.979722 -0.061915
vn -0.200361 0.979722 0.000000
vn -0.190555 0.979722 0.061915
vn -0.162096 0.979722 0.117769
vn -0.117769 0.979722 0.162096
vn -0.061915 0.979722 0.190555
vn 0.000000 0.979722 0.200361
vn 0.061915 0.979722 0.190555
vn 0.117769 0.979722 0.162096
vn 0.162096 0.979722 0.117769
vn 0.190555 0.979722 0.061915
vn 0.200361 0.979722 0.000001
vn -0.000000 -1.000000 -0.000000
vn -0.000000 1.000000 0.000000
s 1
g pasted__pSphere4
usemtl pasted__standardSurface3SG1
f 409/1411/1225 410/1412/1226 430/1413/1227 429/1414/1228
f 410/1412/1226 411/1416/1229 431/1417/1230 430/1413/1227
f 411/1416/1229 412/1422/1231 432/1423/1232 431/1417/1230
f 412/1422/1231 413/1430/1233 433/1431/1234 432/1423/1232
f 413/1430/1233 414/1437/1235 434/1438/1236 433/1431/1234
f 414/1437/1235 415/1446/1237 435/1447/1238 434/1438/1236
f 415/1446/1237 416/1456/1239 436/1457/1240 435/1447/1238
f 416/1456/1239 417/1467/1241 437/1468/1242 436/1457/1240
f 417/1467/1241 418/1481/1243 438/1482/1244 437/1468/1242
f 418/1481/1243 419/1493/1245 439/1494/1246 438/1482/1244
f 419/1493/1245 420/1505/1247 440/1506/1248 439/1494/1246
f 420/1505/1247 421/1491/1249 441/1492/1250 440/1506/1248
f 421/1491/1249 422/1479/1251 442/1480/1252 441/1492/1250
f 422/1479/1251 423/1465/1253 443/1466/1254 442/1480/1252
f 423/1465/1253 424/1454/1255 444/1455/1256 443/1466/1254
f 424/1454/1255 425/1444/1257 445/1445/1258 444/1455/1256
f 425/1444/1257 426/1435/1259 446/1436/1260 445/1445/1258
f 426/1435/1259 427/1428/1261 447/1429/1262 446/1436/1260
f 427/1428/1261 428/1420/1263 448/1421/1264 447/1429/1262
f 428/1420/1263 409/1411/1225 429/1414/1228 448/1421/1264
f 429/1414/1228 430/1413/1227 450/1418/1265 449/1419/1266
f 430/1413/1227 431/1417/1230 451/1424/1267 450/1418/1265
f 431/1417/1230 432/1423/1232 452/1432/1268 451/1424/1267
f 432/1423/1232 433/1431/1234 453/1439/1269 452/1432/1268
f 433/1431/1234 434/1438/1236 454/1448/1270 453/1439/1269
f 434/1438/1236 435/1447/1238 455/1458/1271 454/1448/1270
f 435/1447/1238 436/1457/1240 456/1469/1272 455/1458/1271
f 436/1457/1240 437/1468/1242 457/1483/1273 456/1469/1272
f 437/1468/1242 438/1482/1244 458/1495/1274 457/1483/1273
f 438/1482/1244 439/1494/1246 459/1507/1275 458/1495/1274
f 439/1494/1246 440/1506/1248 460/1514/1276 459/1507/1275
f 440/1506/1248 441/1492/1250 461/1504/1277 460/1514/1276
f 441/1492/1250 442/1480/1252 462/1490/1278 461/1504/1277
f 442/1480/1252 443/1466/1254 463/1478/1279 462/1490/1278
f 443/1466/1254 444/1455/1256 464/1464/1280 463/1478/1279
f 444/1455/1256 445/1445/1258 465/1453/1281 464/1464/1280
f 445/1445/1258 446/1436/1260 466/1443/1282 465/1453/1281
f 446/1436/1260 447/1429/1262 467/1434/1283 466/1443/1282
f 447/1429/1262 448/1421/1264 468/1427/1284 467/1434/1283
f 448/1421/1264 429/1414/1228 449/1419/1266 468/1427/1284
f 449/1419/1266 450/1418/1265 470/1425/1285 469/1426/1286
f 450/1418/1265 451/1424/1267 471/1433/1287 470/1425/1285
f 451/1424/1267 452/1432/1268 472/1440/1288 471/1433/1287
f 452/1432/1268 453/1439/1269 473/1449/1289 472/1440/1288
f 453/1439/1269 454/1448/1270 474/1459/1290 473/1449/1289
f 454/1448/1270 455/1458/1271 475/1470/1291 474/1459/1290
f 455/1458/1271 456/1469/1272 476/1484/1292 475/1470/1291
f 456/1469/1272 457/1483/1273 477/1496/1293 476/1484/1292
f 457/1363/1273 458/1364/1274 478/1352/1294 477/1341/1293
f 458/1364/1274 459/1375/1275 479/1365/1295 478/1352/1294
f 459/1507/1275 460/1514/1276 480/1518/1296 479/1519/1295
f 460/1514/1276 461/1504/1277 481/1513/1297 480/1518/1296
f 461/1504/1277 462/1490/1278 482/1503/1298 481/1513/1297
f 462/1490/1278 463/1478/1279 483/1489/1299 482/1503/1298
f 463/1478/1279 464/1464/1280 484/1477/1300 483/1489/1299
f 464/1464/1280 465/1453/1281 485/1463/1301 484/1477/1300
f 465/1453/1281 466/1443/1282 486/1452/1302 485/1463/1301
f 466/1443/1282 467/1434/1283 487/1451/1303 486/1452/1302
f 467/1282/1283 468/1270/1284 488/1259/1304 487/1272/1303
f 468/1270/1284 449/1271/1266 469/1247/1286 488/1259/1304
f 469/1247/1286 470/1248/1285 490/1238/1305 489/1237/1306
f 470/1425/1285 471/1433/1287 491/1441/1307 490/1442/1305
f 471/1433/1287 472/1440/1288 492/1450/1308 491/1441/1307
f 472/1440/1288 473/1449/1289 493/1460/1309 492/1450/1308
f 473/1449/1289 474/1459/1290 494/1471/1310 493/1460/1309
f 474/1459/1290 475/1470/1291 495/1485/1311 494/1471/1310
f 475/1470/1291 476/1484/1292 496/1497/1312 495/1485/1311
f 476/1340/1292 477/1341/1293 497/1331/1313 496/1330/1312
f 477/1341/1293 478/1352/1294 498/1342/1314 497/1331/1313
f 478/1352/1294 479/1365/1295 499/1353/1315 498/1342/1314
f 479/1365/1295 480/1376/1296 500/1366/1316 499/1353/1315
f 480/1518/1296 481/1513/1297 501/1517/1317 500/1522/1316
f 481/1513/1297 482/1503/1298 502/1512/1318 501/1517/1317
f 482/1503/1298 483/1489/1299 503/1502/1319 502/1512/1318
f 483/1489/1299 484/1477/1300 504/1488/1320 503/1502/1319
f 484/1477/1300 485/1463/1301 505/1476/1321 504/1488/1320
f 485/1463/1301 486/1452/1302 506/1475/1322 505/1476/1321
f 486/1283/1302 487/1272/1303 507/1260/1323 506/1273/1322
f 487/1272/1303 488/1259/1304 508/1250/1324 507/1260/1323
f 488/1259/1304 469/1247/1286 489/1237/1306 508/1250/1324
f 489/1237/1306 490/1238/1305 510/1230/1325 509/1229/1326
f 490/1238/1305 491/1249/1307 511/1239/1327 510/1230/1325
f 491/1441/1307 492/1450/1308 512/1461/1328 511/1462/1327
f 492/1450/1308 493/1460/1309 513/1472/1329 512/1461/1328
f 493/1460/1309 494/1471/1310 514/1486/1330 513/1472/1329
f 494/1471/1310 495/1485/1311 515/1498/1331 514/1486/1330
f 495/1343/1311 496/1330/1312 516/1322/1332 515/1333/1331
f 496/1330/1312 497/1331/1313 517/1323/1333 516/1322/1332
f 497/1331/1313 498/1342/1314 518/1332/1334 517/1323/1333
f 498/1342/1314 499/1353/1315 519/1344/1335 518/1332/1334
f 499/1353/1315 500/1366/1316 520/1354/1336 519/1344/1335
f 500/1366/1316 501/1377/1317 521/1367/1337 520/1354/1336
f 501/1517/1317 502/1512/1318 522/1516/1338 521/1521/1337
f 502/1512/1318 503/1502/1319 523/1511/1339 522/1516/1338
f 503/1502/1319 504/1488/1320 524/1501/1340 523/1511/1339
f 504/1488/1320 505/1476/1321 525/1500/1341 524/1501/1340
f 505/1284/1321 506/1273/1322 526/1261/1342 525/1274/1341
f 506/1273/1322 507/1260/1323 527/1251/1343 526/1261/1342
f 507/1260/1323 508/1250/1324 528/1240/1344 527/1251/1343
f 508/1250/1324 489/1237/1306 509/1229/1326 528/1240/1344
f 509/1229/1326 510/1230/1325 530/1226/1345 529/1225/1346
f 510/1230/1325 511/1239/1327 531/1231/1347 530/1226/1345
f 511/1462/1327 512/1461/1328 532/1473/1348 531/1474/1347
f 512/1461/1328 513/1472/1329 533/1487/1349 532/1473/1348
f 513/1472/1329 514/1486/1330 534/1499/1350 533/1487/1349
f 514/1486/1330 515/1498/1331 535/1508/1351 534/1499/1350
f 515/1333/1331 516/1322/1332 536/1318/1352 535/1328/1351
f 516/1322/1332 517/1323/1333 537/1319/1353 536/1318/1352
f 517/1323/1333 518/1332/1334 538/1324/1354 537/1319/1353
f 518/1332/1334 519/1344/1335 539/1334/1355 538/1324/1354
f 519/1344/1335 520/1354/1336 540/1345/1356 539/1334/1355
f 520/1354/1336 521/1367/1337 541/1355/1357 540/1345/1356
f 521/1521/1337 522/1516/1338 542/1520/1358 541/1523/1357
f 522/1516/1338 523/1511/1339 543/1515/1359 542/1520/1358
f 523/1511/1339 524/1501/1340 544/1510/1360 543/1515/1359
f 524/1501/1340 525/1500/1341 545/1509/1361 544/1510/1360
f 525/1274/1341 526/1261/1342 546/1257/1362 545/1268/1361
f 526/1261/1342 527/1251/1343 547/1245/1363 546/1257/1362
f 527/1251/1343 528/1240/1344 548/1235/1364 547/1245/1363
f 528/1240/1344 509/1229/1326 529/1225/1346 548/1235/1364
f 529/1225/1346 530/1226/1345 550/1227/1365 549/1228/1366
f 530/1226/1345 531/1231/1347 551/1232/1367 550/1227/1365
f 531/1637/1347 532/1638/1348 552/1639/1368 551/1640/1367
f 532/1638/1348 533/1641/1349 553/1642/1369 552/1639/1368
f 533/1641/1349 534/1645/1350 554/1646/1370 553/1642/1369
f 534/1645/1350 535/1650/1351 555/1651/1371 554/1646/1370
f 535/1328/1351 536/1318/1352 556/1321/1372 555/1329/1371
f 536/1318/1352 537/1319/1353 557/1320/1373 556/1321/1372
f 537/1319/1353 538/1324/1354 558/1325/1374 557/1320/1373
f 538/1324/1354 539/1334/1355 559/1335/1375 558/1325/1374
f 539/1334/1355 540/1345/1356 560/1346/1376 559/1335/1375
f 540/1345/1356 541/1355/1357 561/1356/1377 560/1346/1376
f 541/1672/1357 542/1673/1358 562/1674/1378 561/1675/1377
f 542/1673/1358 543/1676/1359 563/1677/1379 562/1674/1378
f 543/1676/1359 544/1680/1360 564/1681/1380 563/1677/1379
f 544/1680/1360 545/1685/1361 565/1686/1381 564/1681/1380
f 545/1268/1361 546/1257/1362 566/1258/1382 565/1269/1381
f 546/1257/1362 547/1245/1363 567/1246/1383 566/1258/1382
f 547/1245/1363 548/1235/1364 568/1236/1384 567/1246/1383
f 548/1235/1364 529/1225/1346 549/1228/1366 568/1236/1384
f 549/1228/1366 550/1227/1365 570/1233/1385 569/1234/1386
f 550/1227/1365 551/1232/1367 571/1241/1387 570/1233/1385
f 551/1640/1367 552/1639/1368 572/1643/1388 571/1644/1387
f 552/1639/1368 553/1642/1369 573/1647/1389 572/1643/1388
f 553/1642/1369 554/1646/1370 574/1652/1390 573/1647/1389
f 554/1646/1370 555/1651/1371 575/1656/1391 574/1652/1390
f 555/1329/1371 556/1321/1372 576/1327/1392 575/1339/1391
f 556/1321/1372 557/1320/1373 577/1326/1393 576/1327/1392
f 557/1320/1373 558/1325/1374 578/1336/1394 577/1326/1393
f 558/1325/1374 559/1335/1375 579/1347/1395 578/1336/1394
f 559/1335/1375 560/1346/1376 580/1357/1396 579/1347/1395
f 560/1346/1376 561/1356/1377 581/1368/1397 580/1357/1396
f 561/1675/1377 562/1674/1378 582/1678/1398 581/1679/1397
f 562/1674/1378 563/1677/1379 583/1682/1399 582/1678/1398
f 563/1677/1379 564/1681/1380 584/1687/1400 583/1682/1399
f 564/1681/1380 565/1686/1381 585/1691/1401 584/1687/1400
f 565/1269/1381 566/1258/1382 586/1267/1402 585/1281/1401
f 566/1258/1382 567/1246/1383 587/1256/1403 586/1267/1402
f 567/1246/1383 568/1236/1384 588/1244/1404 587/1256/1403
f 568/1236/1384 549/1228/1366 569/1234/1386 588/1244/1404
f 569/1234/1386 570/1233/1385 590/1242/1405 589/1243/1406
f 570/1233/1385 571/1241/1387 591/1252/1407 590/1242/1405
f 571/1644/1387 572/1643/1388 592/1648/1408 591/1649/1407
f 572/1643/1388 573/1647/1389 593/1653/1409 592/1648/1408
f 573/1647/1389 574/1652/1390 594/1657/1410 593/1653/1409
f 574/1652/1390 575/1656/1391 595/1661/1411 594/1657/1410
f 575/1339/1391 576/1327/1392 596/1338/1412 595/1351/1411
f 576/1327/1392 577/1326/1393 597/1337/1413 596/1338/1412
f 577/1326/1393 578/1336/1394 598/1348/1414 597/1337/1413
f 578/1336/1394 579/1347/1395 599/1358/1415 598/1348/1414
f 579/1347/1395 580/1357/1396 600/1369/1416 599/1358/1415
f 580/1357/1396 581/1368/1397 601/1378/1417 600/1369/1416
f 581/1679/1397 582/1678/1398 602/1683/1418 601/1684/1417
f 582/1678/1398 583/1682/1399 603/1688/1419 602/1683/1418
f 583/1682/1399 584/1687/1400 604/1692/1420 603/1688/1419
f 584/1687/1400 585/1691/1401 605/1696/1421 604/1692/1420
f 585/1281/1401 586/1267/1402 606/1280/1422 605/1291/1421
f 586/1267/1402 587/1256/1403 607/1266/1423 606/1280/1422
f 587/1256/1403 588/1244/1404 608/1255/1424 607/1266/1423
f 588/1244/1404 569/1234/1386 589/1243/1406 608/1255/1424
f 589/1243/1406 590/1242/1405 610/1253/1425 609/1254/1426
f 590/1242/1405 591/1252/1407 611/1262/1427 610/1253/1425
f 591/1649/1407 592/1648/1408 612/1654/1428 611/1655/1427
f 592/1648/1408 593/1653/1409 613/1658/1429 612/1654/1428
f 593/1653/1409 594/1657/1410 614/1662/1430 613/1658/1429
f 594/1657/1410 595/1661/1411 615/1666/1431 614/1662/1430
f 595/1351/1411 596/1338/1412 616/1350/1432 615/1362/1431
f 596/1338/1412 597/1337/1413 617/1349/1433 616/1350/1432
f 597/1337/1413 598/1348/1414 618/1359/1434 617/1349/1433
f 598/1348/1414 599/1358/1415 619/1370/1435 618/1359/1434
f 599/1358/1415 600/1369/1416 620/1379/1436 619/1370/1435
f 600/1369/1416 601/1378/1417 621/1385/1437 620/1379/1436
f 601/1684/1417 602/1683/1418 622/1689/1438 621/1690/1437
f 602/1683/1418 603/1688/1419 623/1693/1439 622/1689/1438
f 603/1688/1419 604/1692/1420 624/1697/1440 623/1693/1439
f 604/1692/1420 605/1696/1421 625/1701/1441 624/1697/1440
f 605/1291/1421 606/1280/1422 626/1290/1442 625/1298/1441
f 606/1280/1422 607/1266/1423 627/1279/1443 626/1290/1442
f 607/1266/1423 608/1255/1424 628/1265/1444 627/1279/1443
f 608/1255/1424 589/1243/1406 609/1254/1426 628/1265/1444
f 609/1254/1426 610/1253/1425 630/1263/1445 629/1264/1446
f 610/1253/1425 611/1262/1427 631/1275/1447 630/1263/1445
f 611/1655/1427 612/1654/1428 632/1659/1448 631/1660/1447
f 612/1654/1428 613/1658/1429 633/1663/1449 632/1659/1448
f 613/1658/1429 614/1662/1430 634/1667/1450 633/1663/1449
f 614/1662/1430 615/1666/1431 635/1669/1451 634/1667/1450
f 615/1362/1431 616/1350/1432 636/1361/1452 635/1374/1451
f 616/1350/1432 617/1349/1433 637/1360/1453 636/1361/1452
f 617/1349/1433 618/1359/1434 638/1371/1454 637/1360/1453
f 618/1359/1434 619/1370/1435 639/1380/1455 638/1371/1454
f 619/1370/1435 620/1379/1436 640/1386/1456 639/1380/1455
f 620/1379/1436 621/1385/1437 641/1392/1457 640/1386/1456
f 621/1690/1437 622/1689/1438 642/1694/1458 641/1695/1457
f 622/1689/1438 623/1693/1439 643/1698/1459 642/1694/1458
f 623/1693/1439 624/1697/1440 644/1702/1460 643/1698/1459
f 624/1697/1440 625/1701/1441 645/1704/1461 644/1702/1460
f 625/1298/1441 626/1290/1442 646/1297/1462 645/1305/1461
f 626/1290/1442 627/1279/1443 647/1289/1463 646/1297/1462
f 627/1279/1443 628/1265/1444 648/1278/1464 647/1289/1463
f 628/1265/1444 609/1254/1426 629/1264/1446 648/1278/1464
f 629/1264/1446 630/1263/1445 650/1276/1465 649/1277/1466
f 630/1263/1445 631/1275/1447 651/1285/1467 650/1276/1465
f 631/1660/1447 632/1659/1448 652/1664/1468 651/1665/1467
f 632/1659/1448 633/1663/1449 653/1668/1469 652/1664/1468
f 633/1663/1449 634/1667/1450 654/1670/1470 653/1668/1469
f 634/1667/1450 635/1669/1451 655/1671/1471 654/1670/1470
f 635/1374/1451 636/1361/1452 656/1373/1472 655/1384/1471
f 636/1361/1452 637/1360/1453 657/1372/1473 656/1373/1472
f 637/1360/1453 638/1371/1454 658/1381/1474 657/1372/1473
f 638/1371/1454 639/1380/1455 659/1387/1475 658/1381/1474
f 639/1380/1455 640/1386/1456 660/1393/1476 659/1387/1475
f 640/1386/1456 641/1392/1457 661/1399/1477 660/1393/1476
f 641/1695/1457 642/1694/1458 662/1699/1478 661/1700/1477
f 642/1694/1458 643/1698/1459 663/1703/1479 662/1699/1478
f 643/1698/1459 644/1702/1460 664/1705/1480 663/1703/1479
f 644/1702/1460 645/1704/1461 665/1706/1481 664/1705/1480
f 645/1305/1461 646/1297/1462 666/1304/1482 665/1309/1481
f 646/1297/1462 647/1289/1463 667/1296/1483 666/1304/1482
f 647/1289/1463 648/1278/1464 668/1288/1484 667/1296/1483
f 648/1278/1464 629/1264/1446 649/1277/1466 668/1288/1484
f 649/1277/1466 650/1276/1465 670/1286/1485 669/1287/1486
f 650/1276/1465 651/1285/1467 671/1292/1487 670/1286/1485
f 651/1541/1467 652/1542/1468 672/1533/1488 671/1532/1487
f 652/1542/1468 653/1551/1469 673/1543/1489 672/1533/1488
f 653/1551/1469 654/1562/1470 674/1552/1490 673/1543/1489
f 654/1562/1470 655/1572/1471 675/1563/1491 674/1552/1490
f 655/1384/1471 656/1373/1472 676/1383/1492 675/1391/1491
f 656/1373/1472 657/1372/1473 677/1382/1493 676/1383/1492
f 657/1372/1473 658/1381/1474 678/1388/1494 677/1382/1493
f 658/1381/1474 659/1387/1475 679/1394/1495 678/1388/1494
f 659/1387/1475 660/1393/1476 680/1400/1496 679/1394/1495
f 660/1393/1476 661/1399/1477 681/1403/1497 680/1400/1496
f 661/1636/1477 662/1634/1478 682/1631/1498 681/1635/1497
f 662/1634/1478 663/1630/1479 683/1627/1499 682/1631/1498
f 663/1630/1479 664/1625/1480 684/1615/1500 683/1627/1499
f 664/1625/1480 665/1626/1481 685/1616/1501 684/1615/1500
f 665/1309/1481 666/1304/1482 686/1308/1502 685/1314/1501
f 666/1304/1482 667/1296/1483 687/1303/1503 686/1308/1502
f 667/1296/1483 668/1288/1484 688/1295/1504 687/1303/1503
f 668/1288/1484 649/1277/1466 669/1287/1486 688/1295/1504
f 669/1287/1486 670/1286/1485 690/1293/1505 689/1294/1506
f 670/1286/1485 671/1292/1487 691/1299/1507 690/1293/1505
f 671/1532/1487 672/1533/1488 692/1528/1508 691/1525/1507
f 672/1533/1488 673/1543/1489 693/1534/1509 692/1528/1508
f 673/1543/1489 674/1552/1490 694/1544/1510 693/1534/1509
f 674/1552/1490 675/1563/1491 695/1553/1511 694/1544/1510
f 675/1391/1491 676/1383/1492 696/1390/1512 695/1398/1511
f 676/1383/1492 677/1382/1493 697/1389/1513 696/1390/1512
f 677/1382/1493 678/1388/1494 698/1395/1514 697/1389/1513
f 678/1388/1494 679/1394/1495 699/1401/1515 698/1395/1514
f 679/1394/1495 680/1400/1496 700/1404/1516 699/1401/1515
f 680/1400/1496 681/1403/1497 701/1408/1517 700/1404/1516
f 681/1635/1497 682/1631/1498 702/1628/1518 701/1632/1517
f 682/1631/1498 683/1627/1499 703/1617/1519 702/1628/1518
f 683/1627/1499 684/1615/1500 704/1607/1520 703/1617/1519
f 684/1615/1500 685/1616/1501 705/1598/1521 704/1607/1520
f 685/1314/1501 686/1308/1502 706/1313/1522 705/1317/1521
f 686/1308/1502 687/1303/1503 707/1307/1523 706/1313/1522
f 687/1303/1503 688/1295/1504 708/1302/1524 707/1307/1523
f 688/1295/1504 669/1287/1486 689/1294/1506 708/1302/1524
f 689/1294/1506 690/1293/1505 710/1300/1525 709/1301/1526
f 690/1524/1505 691/1525/1507 711/1526/1527 710/1527/1525
f 691/1525/1507 692/1528/1508 712/1529/1528 711/1526/1527
f 692/1528/1508 693/1534/1509 713/1535/1529 712/1529/1528
f 693/1534/1509 694/1544/1510 714/1545/1530 713/1535/1529
f 694/1544/1510 695/1553/1511 715/1554/1531 714/1545/1530
f 695/1553/1511 696/1564/1512 716/1565/1532 715/1554/1531
f 696/1390/1512 697/1389/1513 717/1396/1533 716/1397/1532
f 697/1389/1513 698/1395/1514 718/1402/1534 717/1396/1533
f 698/1395/1514 699/1401/1515 719/1405/1535 718/1402/1534
f 699/1401/1515 700/1404/1516 720/1409/1536 719/1405/1535
f 700/1633/1516 701/1632/1517 721/1629/1537 720/1622/1536
f 701/1632/1517 702/1628/1518 722/1618/1538 721/1629/1537
f 702/1628/1518 703/1617/1519 723/1608/1539 722/1618/1538
f 703/1617/1519 704/1607/1520 724/1600/1540 723/1608/1539
f 704/1607/1520 705/1598/1521 725/1591/1541 724/1600/1540
f 705/1598/1521 706/1599/1522 726/1584/1542 725/1591/1541
f 706/1313/1522 707/1307/1523 727/1312/1543 726/1316/1542
f 707/1307/1523 708/1302/1524 728/1306/1544 727/1312/1543
f 708/1302/1524 689/1294/1506 709/1301/1526 728/1306/1544
f 709/1539/1526 710/1527/1525 730/1531/1545 729/1540/1546
f 710/1527/1525 711/1526/1527 731/1530/1547 730/1531/1545
f 711/1526/1527 712/1529/1528 732/1536/1548 731/1530/1547
f 712/1529/1528 713/1535/1529 733/1546/1549 732/1536/1548
f 713/1535/1529 714/1545/1530 734/1555/1550 733/1546/1549
f 714/1545/1530 715/1554/1531 735/1566/1551 734/1555/1550
f 715/1554/1531 716/1565/1532 736/1573/1552 735/1566/1551
f 716/1565/1532 717/1579/1533 737/1580/1553 736/1573/1552
f 717/1396/1533 718/1402/1534 738/1406/1554 737/1407/1553
f 718/1402/1534 719/1405/1535 739/1410/1555 738/1406/1554
f 719/1621/1535 720/1622/1536 740/1611/1556 739/1603/1555
f 720/1622/1536 721/1629/1537 741/1619/1557 740/1611/1556
f 721/1629/1537 722/1618/1538 742/1609/1558 741/1619/1557
f 722/1618/1538 723/1608/1539 743/1601/1559 742/1609/1558
f 723/1608/1539 724/1600/1540 744/1592/1560 743/1601/1559
f 724/1600/1540 725/1591/1541 745/1586/1561 744/1592/1560
f 725/1591/1541 726/1584/1542 746/1577/1562 745/1586/1561
f 726/1584/1542 727/1585/1543 747/1570/1563 746/1577/1562
f 727/1312/1543 728/1306/1544 748/1311/1564 747/1315/1563
f 728/1306/1544 709/1301/1526 729/1310/1546 748/1311/1564
f 729/1540/1546 730/1531/1545 750/1538/1565 749/1550/1566
f 730/1531/1545 731/1530/1547 751/1537/1567 750/1538/1565
f 731/1530/1547 732/1536/1548 752/1547/1568 751/1537/1567
f 732/1536/1548 733/1546/1549 753/1556/1569 752/1547/1568
f 733/1546/1549 734/1555/1550 754/1567/1570 753/1556/1569
f 734/1555/1550 735/1566/1551 755/1574/1571 754/1567/1570
f 735/1566/1551 736/1573/1552 756/1581/1572 755/1574/1571
f 736/1573/1552 737/1580/1553 757/1588/1573 756/1581/1572
f 737/1580/1553 738/1594/1554 758/1595/1574 757/1588/1573
f 738/1594/1554 739/1603/1555 759/1604/1575 758/1595/1574
f 739/1603/1555 740/1611/1556 760/1612/1576 759/1604/1575
f 740/1611/1556 741/1619/1557 761/1620/1577 760/1612/1576
f 741/1619/1557 742/1609/1558 762/1610/1578 761/1620/1577
f 742/1609/1558 743/1601/1559 763/1602/1579 762/1610/1578
f 743/1601/1559 744/1592/1560 764/1593/1580 763/1602/1579
f 744/1592/1560 745/1586/1561 765/1587/1581 764/1593/1580
f 745/1586/1561 746/1577/1562 766/1578/1582 765/1587/1581
f 746/1577/1562 747/1570/1563 767/1571/1583 766/1578/1582
f 747/1570/1563 748/1560/1564 768/1561/1584 767/1571/1583
f 748/1560/1564 729/1540/1546 749/1550/1566 768/1561/1584
f 749/1550/1566 750/1538/1565 770/1549/1585 769/1559/1586
f 750/1538/1565 751/1537/1567 771/1548/1587 770/1549/1585
f 751/1537/1567 752/1547/1568 772/1557/1588 771/1548/1587
f 752/1547/1568 753/1556/1569 773/1568/1589 772/1557/1588
f 753/1556/1569 754/1567/1570 774/1575/1590 773/1568/1589
f 754/1567/1570 755/1574/1571 775/1582/1591 774/1575/1590
f 755/1574/1571 756/1581/1572 776/1589/1592 775/1582/1591
f 756/1581/1572 757/1588/1573 777/1596/1593 776/1589/1592
f 757/1588/1573 758/1595/1574 778/1605/1594 777/1596/1593
f 758/1595/1574 759/1604/1575 779/1613/1595 778/1605/1594
f 759/1604/1575 760/1612/1576 780/1623/1596 779/1613/1595
f 760/1612/1576 761/1620/1577 781/1624/1597 780/1623/1596
f 761/1620/1577 762/1610/1578 782/1614/1598 781/1624/1597
f 762/1610/1578 763/1602/1579 783/1606/1599 782/1614/1598
f 763/1602/1579 764/1593/1580 784/1597/1600 783/1606/1599
f 764/1593/1580 765/1587/1581 785/1590/1601 784/1597/1600
f 765/1587/1581 766/1578/1582 786/1583/1602 785/1590/1601
f 766/1578/1582 767/1571/1583 787/1576/1603 786/1583/1602
f 767/1571/1583 768/1561/1584 788/1569/1604 787/1576/1603
f 768/1561/1584 749/1550/1566 769/1559/1586 788/1569/1604
f 410/1412/1226 409/1411/1225 789/1415/1605
f 411/1416/1229 410/1412/1226 789/1415/1605
f 412/1422/1231 411/1416/1229 789/1415/1605
f 413/1430/1233 412/1422/1231 789/1415/1605
f 414/1437/1235 413/1430/1233 789/1415/1605
f 415/1446/1237 414/1437/1235 789/1415/1605
f 416/1456/1239 415/1446/1237 789/1415/1605
f 417/1467/1241 416/1456/1239 789/1415/1605
f 418/1481/1243 417/1467/1241 789/1415/1605
f 419/1493/1245 418/1481/1243 789/1415/1605
f 420/1505/1247 419/1493/1245 789/1415/1605
f 421/1491/1249 420/1505/1247 789/1415/1605
f 422/1479/1251 421/1491/1249 789/1415/1605
f 423/1465/1253 422/1479/1251 789/1415/1605
f 424/1454/1255 423/1465/1253 789/1415/1605
f 425/1444/1257 424/1454/1255 789/1415/1605
f 426/1435/1259 425/1444/1257 789/1415/1605
f 427/1428/1261 426/1435/1259 789/1415/1605
f 428/1420/1263 427/1428/1261 789/1415/1605
f 409/1411/1225 428/1420/1263 789/1415/1605
f 769/1559/1586 770/1549/1585 790/1558/1606
f 770/1549/1585 771/1548/1587 790/1558/1606
f 771/1548/1587 772/1557/1588 790/1558/1606
f 772/1557/1588 773/1568/1589 790/1558/1606
f 773/1568/1589 774/1575/1590 790/1558/1606
f 774/1575/1590 775/1582/1591 790/1558/1606
f 775/1582/1591 776/1589/1592 790/1558/1606
f 776/1589/1592 777/1596/1593 790/1558/1606
f 777/1596/1593 778/1605/1594 790/1558/1606
f 778/1605/1594 779/1613/1595 790/1558/1606
f 779/1613/1595 780/1623/1596 790/1558/1606
f 780/1623/1596 781/1624/1597 790/1558/1606
f 781/1624/1597 782/1614/1598 790/1558/1606
f 782/1614/1598 783/1606/1599 790/1558/1606
f 783/1606/1599 784/1597/1600 790/1558/1606
f 784/1597/1600 785/1590/1601 790/1558/1606
f 785/1590/1601 786/1583/1602 790/1558/1606
f 786/1583/1602 787/1576/1603 790/1558/1606
f 787/1576/1603 788/1569/1604 790/1558/1606
f 788/1569/1604 769/1559/1586 790/1558/1606
g default
v -10.524928 0.862403 10.346959
v -10.536161 0.862403 10.324914
v -10.553656 0.862403 10.307419
v -10.575701 0.862403 10.296187
v -10.600138 0.862403 10.292316
v -10.624574 0.862403 10.296187
v -10.646619 0.862403 10.307419
v -10.664114 0.862403 10.324914
v -10.675347 0.862403 10.346959
v -10.679217 0.862403 10.371396
v -10.675347 0.862403 10.395833
v -10.664114 0.862403 10.417878
v -10.646619 0.862403 10.435373
v -10.624574 0.862403 10.446605
v -10.600138 0.862403 10.450475
v -10.575701 0.862403 10.446605
v -10.553656 0.862403 10.435373
v -10.536161 0.862403 10.417878
v -10.524928 0.862403 10.395833
v -10.521058 0.862403 10.371396
v -10.451571 0.880921 10.323124
v -10.473759 0.880921 10.279577
v -10.508318 0.880921 10.245018
v -10.551865 0.880921 10.222829
v -10.600138 0.880921 10.215184
v -10.648410 0.880921 10.222829
v -10.691957 0.880921 10.245018
v -10.726516 0.880921 10.279577
v -10.748704 0.880921 10.323124
v -10.756349 0.880921 10.371396
v -10.748704 0.880921 10.419668
v -10.726516 0.880921 10.463215
v -10.691957 0.880921 10.497774
v -10.648410 0.880921 10.519962
v -10.600138 0.880921 10.527608
v -10.551865 0.880921 10.519962
v -10.508319 0.880921 10.497774
v -10.473760 0.880921 10.463215
v -10.451571 0.880921 10.419668
v -10.443926 0.880921 10.371396
v -10.381872 0.911277 10.300477
v -10.414470 0.911277 10.236500
v -10.465242 0.911277 10.185728
v -10.529219 0.911277 10.153130
v -10.600138 0.911277 10.141898
v -10.671056 0.911277 10.153130
v -10.735033 0.911277 10.185728
v -10.785805 0.911277 10.236500
v -10.818403 0.911277 10.300477
v -10.829635 0.911277 10.371396
v -10.818403 0.911277 10.442315
v -10.785805 0.911277 10.506291
v -10.735033 0.911277 10.557063
v -10.671056 0.911277 10.589661
v -10.600138 0.911277 10.600894
v -10.529219 0.911277 10.589661
v -10.465242 0.911277 10.557063
v -10.414470 0.911277 10.506291
v -10.381872 0.911277 10.442315
v -10.370640 0.911277 10.371396
v -10.317547 0.952724 10.279577
v -10.359752 0.952724 10.196746
v -10.425487 0.952724 10.131010
v -10.508318 0.952724 10.088806
v -10.600138 0.952724 10.074263
v -10.691957 0.952724 10.088806
v -10.774788 0.952724 10.131010
v -10.840523 0.952724 10.196746
v -10.882727 0.952724 10.279577
v -10.897270 0.952724 10.371396
v -10.882727 0.952724 10.463215
v -10.840523 0.952724 10.546046
v -10.774788 0.952724 10.611781
v -10.691957 0.952724 10.653986
v -10.600138 0.952724 10.668528
v -10.508319 0.952724 10.653986
v -10.425487 0.952724 10.611781
v -10.359752 0.952724 10.546046
v -10.317548 0.952724 10.463215
v -10.303005 0.952724 10.371396
v -10.260181 1.004240 10.260937
v -10.310953 1.004240 10.161291
v -10.390033 1.004240 10.082212
v -10.489679 1.004240 10.031439
v -10.600138 1.004240 10.013945
v -10.710596 1.004240 10.031440
v -10.810242 1.004240 10.082212
v -10.889322 1.004240 10.161291
v -10.940094 1.004240 10.260937
v -10.957589 1.004240 10.371396
v -10.940094 1.004240 10.481854
v -10.889322 1.004240 10.581500
v -10.810242 1.004240 10.660580
v -10.710596 1.004240 10.711352
v -10.600138 1.004240 10.728847
v -10.489679 1.004240 10.711352
v -10.390033 1.004240 10.660580
v -10.310954 1.004240 10.581500
v -10.260181 1.004240 10.481854
v -10.242686 1.004240 10.371396
v -10.211186 1.064559 10.245018
v -10.269275 1.064559 10.131010
v -10.359752 1.064559 10.040534
v -10.473759 1.064559 9.982444
v -10.600138 1.064559 9.962428
v -10.726516 1.064559 9.982444
v -10.840523 1.064559 10.040534
v -10.931000 1.064559 10.131010
v -10.989089 1.064559 10.245018
v -11.009106 1.064559 10.371396
v -10.989089 1.064559 10.497774
v -10.931000 1.064559 10.611781
v -10.840523 1.064559 10.702258
v -10.726516 1.064559 10.760348
v -10.600138 1.064559 10.780364
v -10.473760 1.064559 10.760348
v -10.359752 1.064559 10.702258
v -10.269276 1.064559 10.611781
v -10.211186 1.064559 10.497774
v -10.191170 1.064559 10.371396
v -10.171768 1.132194 10.232210
v -10.235744 1.132194 10.106649
v -10.335390 1.132194 10.007003
v -10.460952 1.132194 9.943026
v -10.600138 1.132194 9.920981
v -10.739323 1.132194 9.943026
v -10.864885 1.132194 10.007003
v -10.964531 1.132194 10.106649
v -11.028507 1.132194 10.232210
v -11.050552 1.132194 10.371396
v -11.028507 1.132194 10.510582
v -10.964531 1.132194 10.636143
v -10.864885 1.132194 10.735789
v -10.739323 1.132194 10.799766
v -10.600138 1.132194 10.821811
v -10.460952 1.132194 10.799766
v -10.335390 1.132194 10.735789
v -10.235744 1.132194 10.636143
v -10.171768 1.132194 10.510582
v -10.149723 1.132194 10.371396
v -10.142897 1.205480 10.222829
v -10.211186 1.205480 10.088806
v -10.317547 1.205480 9.982444
v -10.451571 1.205480 9.914156
v -10.600138 1.205480 9.890625
v -10.748704 1.205480 9.914156
v -10.882728 1.205480 9.982444
v -10.989089 1.205480 10.088806
v -11.057378 1.205480 10.222830
v -11.080908 1.205480 10.371396
v -11.057378 1.205480 10.519962
v -10.989089 1.205480 10.653986
v -10.882727 1.205480 10.760348
v -10.748704 1.205480 10.828636
v -10.600138 1.205480 10.852167
v -10.451571 1.205480 10.828636
v -10.317548 1.205480 10.760348
v -10.211186 1.205480 10.653986
v -10.142897 1.205480 10.519962
v -10.119367 1.205480 10.371396
v -10.125286 1.282612 10.217107
v -10.196204 1.282612 10.077921
v -10.306663 1.282612 9.967463
v -10.445849 1.282612 9.896544
v -10.600138 1.282612 9.872107
v -10.754426 1.282612 9.896544
v -10.893612 1.282612 9.967463
v -11.004071 1.282612 10.077921
v -11.074989 1.282612 10.217107
v -11.099426 1.282612 10.371396
v -11.074989 1.282612 10.525685
v -11.004070 1.282612 10.664870
v -10.893612 1.282612 10.775329
v -10.754426 1.282612 10.846247
v -10.600138 1.282612 10.870684
v -10.445849 1.282612 10.846247
v -10.306663 1.282612 10.775329
v -10.196205 1.282612 10.664870
v -10.125286 1.282612 10.525684
v -10.100849 1.282612 10.371396
v -10.119367 1.361692 10.215184
v -10.191169 1.361692 10.074263
v -10.303005 1.361692 9.962428
v -10.443926 1.361692 9.890625
v -10.600138 1.361692 9.865883
v -10.756349 1.361692 9.890625
v -10.897270 1.361692 9.962428
v -11.009106 1.361692 10.074263
v -11.080908 1.361692 10.215184
v -11.105650 1.361692 10.371396
v -11.080908 1.361692 10.527608
v -11.009106 1.361692 10.668528
v -10.897270 1.361692 10.780364
v -10.756349 1.361692 10.852167
v -10.600138 1.361692 10.876908
v -10.443926 1.361692 10.852167
v -10.303005 1.361692 10.780364
v -10.191170 1.361692 10.668528
v -10.119367 1.361692 10.527608
v -10.094625 1.361692 10.371396
v -10.125286 1.440771 10.217107
v -10.196204 1.440771 10.077921
v -10.306663 1.440771 9.967463
v -10.445849 1.440771 9.896544
v -10.600138 1.440771 9.872107
v -10.754426 1.440771 9.896544
v -10.893612 1.440771 9.967463
v -11.004071 1.440771 10.077921
v -11.074989 1.440771 10.217107
v -11.099426 1.440771 10.371396
v -11.074989 1.440771 10.525685
v -11.004070 1.440771 10.664870
v -10.893612 1.440771 10.775329
v -10.754426 1.440771 10.846247
v -10.600138 1.440771 10.870684
v -10.445849 1.440771 10.846247
v -10.306663 1.440771 10.775329
v -10.196205 1.440771 10.664870
v -10.125286 1.440771 10.525684
v -10.100849 1.440771 10.371396
v -10.142897 1.517903 10.222829
v -10.211186 1.517903 10.088806
v -10.317547 1.517903 9.982444
v -10.451571 1.517903 9.914156
v -10.600138 1.517903 9.890625
v -10.748704 1.517903 9.914156
v -10.882728 1.517903 9.982444
v -10.989089 1.517903 10.088806
v -11.057378 1.517903 10.222830
v -11.080908 1.517903 10.371396
v -11.057378 1.517903 10.519962
v -10.989089 1.517903 10.653986
v -10.882727 1.517903 10.760348
v -10.748704 1.517903 10.828636
v -10.600138 1.517903 10.852167
v -10.451571 1.517903 10.828636
v -10.317548 1.517903 10.760348
v -10.211186 1.517903 10.653986
v -10.142897 1.517903 10.519962
v -10.119367 1.517903 10.371396
v -10.171768 1.591189 10.232210
v -10.235744 1.591189 10.106649
v -10.335390 1.591189 10.007003
v -10.460952 1.591189 9.943026
v -10.600138 1.591189 9.920981
v -10.739323 1.591189 9.943026
v -10.864885 1.591189 10.007003
v -10.964531 1.591189 10.106649
v -11.028507 1.591189 10.232210
v -11.050552 1.591189 10.371396
v -11.028507 1.591189 10.510582
v -10.964531 1.591189 10.636143
v -10.864885 1.591189 10.735789
v -10.739323 1.591189 10.799766
v -10.600138 1.591189 10.821811
v -10.460952 1.591189 10.799766
v -10.335390 1.591189 10.735789
v -10.235744 1.591189 10.636143
v -10.171768 1.591189 10.510582
v -10.149723 1.591189 10.371396
v -10.211186 1.658824 10.245018
v -10.269275 1.658824 10.131010
v -10.359752 1.658824 10.040534
v -10.473759 1.658824 9.982444
v -10.600138 1.658824 9.962428
v -10.726516 1.658824 9.982444
v -10.840523 1.658824 10.040534
v -10.931000 1.658824 10.131010
v -10.989089 1.658824 10.245018
v -11.009106 1.658824 10.371396
v -10.989089 1.658824 10.497774
v -10.931000 1.658824 10.611781
v -10.840523 1.658824 10.702258
v -10.726516 1.658824 10.760348
v -10.600138 1.658824 10.780364
v -10.473760 1.658824 10.760348
v -10.359752 1.658824 10.702258
v -10.269276 1.658824 10.611781
v -10.211186 1.658824 10.497774
v -10.191170 1.658824 10.371396
v -10.260181 1.719143 10.260937
v -10.310953 1.719143 10.161291
v -10.390033 1.719143 10.082212
v -10.489679 1.719143 10.031439
v -10.600138 1.719143 10.013945
v -10.710596 1.719143 10.031440
v -10.810242 1.719143 10.082212
v -10.889322 1.719143 10.161291
v -10.940094 1.719143 10.260937
v -10.957589 1.719143 10.371396
v -10.940094 1.719143 10.481854
v -10.889322 1.719143 10.581500
v -10.810242 1.719143 10.660580
v -10.710596 1.719143 10.711352
v -10.600138 1.719143 10.728847
v -10.489679 1.719143 10.711352
v -10.390033 1.719143 10.660580
v -10.310954 1.719143 10.581500
v -10.260181 1.719143 10.481854
v -10.242686 1.719143 10.371396
v -10.317547 1.770659 10.279577
v -10.359752 1.770659 10.196746
v -10.425487 1.770659 10.131010
v -10.508318 1.770659 10.088806
v -10.600138 1.770659 10.074263
v -10.691957 1.770659 10.088806
v -10.774788 1.770659 10.131010
v -10.840523 1.770659 10.196746
v -10.882727 1.770659 10.279577
v -10.897270 1.770659 10.371396
v -10.882727 1.770659 10.463215
v -10.840523 1.770659 10.546046
v -10.774788 1.770659 10.611781
v -10.691957 1.770659 10.653986
v -10.600138 1.770659 10.668528
v -10.508319 1.770659 10.653986
v -10.425487 1.770659 10.611781
v -10.359752 1.770659 10.546046
v -10.317548 1.770659 10.463215
v -10.303005 1.770659 10.371396
v -10.381872 1.812106 10.300477
v -10.414470 1.812106 10.236500
v -10.465242 1.812106 10.185728
v -10.529219 1.812106 10.153130
v -10.600138 1.812106 10.141898
v -10.671056 1.812106 10.153130
v -10.735033 1.812106 10.185728
v -10.785805 1.812106 10.236500
v -10.818403 1.812106 10.300477
v -10.829635 1.812106 10.371396
v -10.818403 1.812106 10.442315
v -10.785805 1.812106 10.506291
v -10.735033 1.812106 10.557063
v -10.671056 1.812106 10.589661
v -10.600138 1.812106 10.600894
v -10.529219 1.812106 10.589661
v -10.465242 1.812106 10.557063
v -10.414470 1.812106 10.506291
v -10.381872 1.812106 10.442315
v -10.370640 1.812106 10.371396
v -10.451571 1.842462 10.323124
v -10.473759 1.842462 10.279577
v -10.508318 1.842462 10.245018
v -10.551865 1.842462 10.222829
v -10.600138 1.842462 10.215184
v -10.648410 1.842462 10.222829
v -10.691957 1.842462 10.245018
v -10.726516 1.842462 10.279577
v -10.748704 1.842462 10.323124
v -10.756349 1.842462 10.371396
v -10.748704 1.842462 10.419668
v -10.726516 1.842462 10.463215
v -10.691957 1.842462 10.497774
v -10.648410 1.842462 10.519962
v -10.600138 1.842462 10.527608
v -10.551865 1.842462 10.519962
v -10.508319 1.842462 10.497774
v -10.473760 1.842462 10.463215
v -10.451571 1.842462 10.419668
v -10.443926 1.842462 10.371396
v -10.524928 1.860980 10.346959
v -10.536161 1.860980 10.324914
v -10.553656 1.860980 10.307419
v -10.575701 1.860980 10.296187
v -10.600138 1.860980 10.292316
v -10.624574 1.860980 10.296187
v -10.646619 1.860980 10.307419
v -10.664114 1.860980 10.324914
v -10.675347 1.860980 10.346959
v -10.679217 1.860980 10.371396
v -10.675347 1.860980 10.395833
v -10.664114 1.860980 10.417878
v -10.646619 1.860980 10.435373
v -10.624574 1.860980 10.446605
v -10.600138 1.860980 10.450475
v -10.575701 1.860980 10.446605
v -10.553656 1.860980 10.435373
v -10.536161 1.860980 10.417878
v -10.524928 1.860980 10.395833
v -10.521058 1.860980 10.371396
v -10.600138 0.856179 10.371396
v -10.600138 1.867204 10.371396
vt 0.845176 0.536451
vt 0.904564 0.536451
vt 0.913004 0.571114
vt 0.849613 0.571114
vt 0.839118 0.504461
vt 0.893042 0.504461
vt 0.951695 0.536451
vt 0.963311 0.571114
vt 0.918152 0.607596
vt 0.852319 0.607596
vt 0.779343 0.536451
vt 0.779343 0.571114
vt 0.831588 0.475931
vt 0.878719 0.475931
vt 0.935836 0.504461
vt 0.779343 0.504461
vt 0.970397 0.607596
vt 0.919882 0.645000
vt 0.853228 0.645000
vt 0.779343 0.607596
vt 0.713510 0.536451
vt 0.709073 0.571114
vt 0.822772 0.451564
vt 0.861950 0.451564
vt 0.916123 0.475931
vt 0.779343 0.475931
vt 0.719568 0.504461
vt 0.972778 0.645000
vt 0.918152 0.682403
vt 0.852319 0.682403
vt 0.779343 0.645000
vt 0.706367 0.607596
vt 0.654122 0.536451
vt 0.645682 0.571114
vt 0.779343 0.451564
vt 0.727098 0.475931
vt 0.665645 0.504461
vt 0.970397 0.682403
vt 0.913004 0.718885
vt 0.849613 0.718885
vt 0.779343 0.682403
vt 0.705458 0.645000
vt 0.640534 0.607596
vt 0.606991 0.536451
vt 0.595375 0.571114
vt 0.779343 0.431961
vt 0.812886 0.431961
vt 0.735914 0.451564
vt 0.679967 0.475931
vt 0.622850 0.504461
vt 0.963311 0.718885
vt 0.904564 0.753548
vt 0.845176 0.753548
vt 0.779343 0.718885
vt 0.706367 0.682403
vt 0.638804 0.645000
vt 0.588289 0.607596
vt 0.745800 0.431961
vt 0.696736 0.451564
vt 0.642563 0.475931
vt 0.951695 0.753548
vt 0.893042 0.785539
vt 0.839118 0.785539
vt 0.779343 0.753548
vt 0.709073 0.718885
vt 0.640534 0.682403
vt 0.585908 0.645000
vt 0.935836 0.785539
vt 0.878719 0.814068
vt 0.831588 0.814068
vt 0.779343 0.785539
vt 0.713510 0.753548
vt 0.645682 0.718885
vt 0.588289 0.682403
vt 0.916123 0.814068
vt 0.861950 0.838435
vt 0.822772 0.838435
vt 0.779343 0.814068
vt 0.719568 0.785539
vt 0.654122 0.753548
vt 0.595375 0.718885
vt 0.779343 0.838435
vt 0.727098 0.814068
vt 0.665645 0.785539
vt 0.606991 0.753548
vt 0.812886 0.858038
vt 0.779343 0.858038
vt 0.735914 0.838435
vt 0.679967 0.814068
vt 0.622850 0.785539
vt 0.745800 0.858038
vt 0.696736 0.838435
vt 0.642563 0.814068
vt 0.351499 0.106482
vt 0.410888 0.106482
vt 0.406451 0.141145
vt 0.343060 0.141145
vt 0.363022 0.074492
vt 0.416946 0.074492
vt 0.476720 0.106482
vt 0.476720 0.141145
vt 0.403744 0.177628
vt 0.337912 0.177628
vt 0.304368 0.106482
vt 0.292752 0.141145
vt 0.377344 0.045962
vt 0.424475 0.045962
vt 0.476720 0.074492
vt 0.320228 0.074492
vt 0.542553 0.106482
vt 0.546990 0.141145
vt 0.476720 0.177628
vt 0.402835 0.215031
vt 0.336181 0.215031
vt 0.285667 0.177628
vt 0.394114 0.021596
vt 0.433292 0.021596
vt 0.476720 0.045962
vt 0.339941 0.045962
vt 0.536495 0.074492
vt 0.601942 0.106482
vt 0.610381 0.141145
vt 0.549697 0.177628
vt 0.476720 0.215031
vt 0.403744 0.252434
vt 0.337912 0.252434
vt 0.283285 0.215031
vt 0.476720 0.021596
vt 0.528966 0.045962
vt 0.590419 0.074492
vt 0.649073 0.106482
vt 0.660689 0.141145
vt 0.615529 0.177628
vt 0.550606 0.215031
vt 0.476720 0.252434
vt 0.406451 0.288917
vt 0.343060 0.288917
vt 0.285667 0.252434
vt 0.443177 0.001992
vt 0.476720 0.001992
vt 0.520149 0.021596
vt 0.576097 0.045962
vt 0.633213 0.074492
vt 0.667774 0.177628
vt 0.617260 0.215031
vt 0.549697 0.252434
vt 0.476720 0.288917
vt 0.410888 0.323580
vt 0.351499 0.323580
vt 0.292752 0.288917
vt 0.510264 0.001992
vt 0.559327 0.021596
vt 0.613500 0.045962
vt 0.670156 0.215031
vt 0.615529 0.252434
vt 0.546990 0.288917
vt 0.476720 0.323580
vt 0.416946 0.355570
vt 0.363022 0.355570
vt 0.304368 0.323580
vt 0.667774 0.252434
vt 0.610381 0.288917
vt 0.542553 0.323580
vt 0.476720 0.355570
vt 0.424475 0.384100
vt 0.377344 0.384100
vt 0.320228 0.355570
vt 0.660689 0.288917
vt 0.601942 0.323580
vt 0.536495 0.355570
vt 0.476720 0.384100
vt 0.433292 0.408466
vt 0.394114 0.408466
vt 0.339941 0.384100
vt 0.649073 0.323580
vt 0.590419 0.355570
vt 0.528966 0.384100
vt 0.476720 0.408466
vt 0.633213 0.355570
vt 0.576097 0.384100
vt 0.520149 0.408466
vt 0.476720 0.428070
vt 0.443177 0.428070
vt 0.613500 0.384100
vt 0.559327 0.408466
vt 0.510264 0.428070
vt 0.174294 0.203473
vt 0.168981 0.193046
vt 0.198496 0.171602
vt 0.208991 0.192199
vt 0.138721 0.215031
vt 0.160706 0.184771
vt 0.182150 0.155257
vt 0.226539 0.151228
vt 0.241957 0.181488
vt 0.176124 0.215031
vt 0.212607 0.215031
vt 0.150279 0.179459
vt 0.161553 0.144762
vt 0.202525 0.127214
vt 0.252420 0.132425
vt 0.272382 0.171602
vt 0.247270 0.215031
vt 0.174294 0.226590
vt 0.208991 0.237863
vt 0.138721 0.177628
vt 0.138721 0.141146
vt 0.172265 0.111795
vt 0.221328 0.101333
vt 0.241957 0.248575
vt 0.168981 0.237017
vt 0.198496 0.258460
vt 0.127163 0.179459
vt 0.115889 0.144762
vt 0.138721 0.106482
vt 0.182150 0.081371
vt 0.238097 0.078252
vt 0.275501 0.115655
vt 0.226539 0.278835
vt 0.160706 0.245291
vt 0.182150 0.274806
vt 0.116736 0.184771
vt 0.095292 0.155257
vt 0.105178 0.111795
vt 0.138721 0.074492
vt 0.190966 0.054237
vt 0.272382 0.258460
vt 0.252420 0.297638
vt 0.202525 0.302849
vt 0.150279 0.250604
vt 0.161553 0.285301
vt 0.108461 0.193046
vt 0.078946 0.171602
vt 0.074918 0.127214
vt 0.095292 0.081371
vt 0.138721 0.045963
vt 0.198496 0.031063
vt 0.252420 0.058539
vt 0.221328 0.328730
vt 0.172265 0.318267
vt 0.138721 0.252435
vt 0.138721 0.288917
vt 0.103149 0.203473
vt 0.068452 0.192200
vt 0.050903 0.151228
vt 0.056114 0.101333
vt 0.086476 0.054237
vt 0.138721 0.021596
vt 0.204554 0.012419
vt 0.263943 0.042679
vt 0.275501 0.314407
vt 0.238097 0.351811
vt 0.182150 0.348692
vt 0.138721 0.323580
vt 0.127163 0.250604
vt 0.115889 0.285301
vt 0.101318 0.215031
vt 0.064835 0.215031
vt 0.035485 0.181488
vt 0.025023 0.132425
vt 0.039345 0.078252
vt 0.078946 0.031063
vt 0.138721 0.001992
vt 0.190966 0.375825
vt 0.138721 0.355570
vt 0.105178 0.318267
vt 0.116736 0.245291
vt 0.095292 0.274806
vt 0.103149 0.226590
vt 0.068452 0.237863
vt 0.030172 0.215031
vt 0.005061 0.171602
vt 0.001942 0.115655
vt 0.025023 0.058539
vt 0.072888 0.012419
vt 0.252420 0.371524
vt 0.198496 0.398999
vt 0.138721 0.384100
vt 0.095292 0.348692
vt 0.074918 0.302849
vt 0.108461 0.237017
vt 0.078946 0.258460
vt 0.035485 0.248575
vt 0.013500 0.042679
vt 0.263942 0.387383
vt 0.204554 0.417643
vt 0.138721 0.408467
vt 0.086476 0.375825
vt 0.056114 0.328730
vt 0.050903 0.278835
vt 0.138721 0.428070
vt 0.078946 0.398999
vt 0.039345 0.351811
vt 0.025023 0.297638
vt 0.005061 0.258460
vt 0.072888 0.417643
vt 0.025023 0.371524
vt 0.001942 0.314407
vt 0.013500 0.387383
vt 0.579928 0.744376
vt 0.542524 0.781780
vt 0.525755 0.758699
vt 0.556846 0.727607
vt 0.495393 0.805794
vt 0.486577 0.778660
vt 0.506951 0.732818
vt 0.530966 0.708803
vt 0.556846 0.801493
vt 0.502923 0.828968
vt 0.443148 0.814069
vt 0.443148 0.785539
vt 0.476691 0.748236
vt 0.486577 0.704774
vt 0.502923 0.688429
vt 0.576809 0.688429
vt 0.546384 0.678543
vt 0.568369 0.817352
vt 0.508981 0.847612
vt 0.443148 0.838435
vt 0.390903 0.805794
vt 0.399719 0.778660
vt 0.443148 0.753549
vt 0.465980 0.715269
vt 0.465133 0.675260
vt 0.473408 0.666985
vt 0.513417 0.667832
vt 0.443148 0.858039
vt 0.383373 0.828968
vt 0.343772 0.781780
vt 0.360541 0.758699
vt 0.409605 0.748236
vt 0.443148 0.718885
vt 0.454706 0.680573
vt 0.443148 0.645000
vt 0.478721 0.656558
vt 0.551697 0.645000
vt 0.517034 0.645000
vt 0.377315 0.847612
vt 0.329449 0.801493
vt 0.306368 0.744376
vt 0.329449 0.727607
vt 0.379345 0.732818
vt 0.420316 0.715269
vt 0.443148 0.682403
vt 0.480551 0.645000
vt 0.546384 0.611456
vt 0.513417 0.622168
vt 0.317927 0.817352
vt 0.355330 0.708803
vt 0.399719 0.704774
vt 0.431590 0.680573
vt 0.478721 0.633442
vt 0.530966 0.581197
vt 0.502923 0.601571
vt 0.309487 0.688429
vt 0.339912 0.678543
vt 0.383373 0.688429
vt 0.421163 0.675260
vt 0.473408 0.623015
vt 0.556846 0.562393
vt 0.576809 0.601571
vt 0.506951 0.557182
vt 0.486577 0.585225
vt 0.372878 0.667832
vt 0.412888 0.666985
vt 0.465133 0.614740
vt 0.525755 0.531302
vt 0.476691 0.541764
vt 0.465980 0.574730
vt 0.334599 0.645000
vt 0.369262 0.645000
vt 0.407575 0.656558
vt 0.454706 0.609427
vt 0.542524 0.508220
vt 0.579927 0.545624
vt 0.486577 0.511339
vt 0.443148 0.536451
vt 0.443148 0.571114
vt 0.339912 0.611456
vt 0.372878 0.622168
vt 0.405745 0.645000
vt 0.443148 0.607596
vt 0.495393 0.484206
vt 0.443148 0.504461
vt 0.409605 0.541764
vt 0.420316 0.574730
vt 0.355330 0.581197
vt 0.383373 0.601571
vt 0.407575 0.633442
vt 0.431590 0.609427
vt 0.502923 0.461032
vt 0.556846 0.488507
vt 0.443148 0.475931
vt 0.399719 0.511339
vt 0.379345 0.557182
vt 0.399719 0.585225
vt 0.309487 0.601571
vt 0.329449 0.562393
vt 0.412888 0.623015
vt 0.421163 0.614740
vt 0.508981 0.442387
vt 0.568369 0.472648
vt 0.443148 0.451565
vt 0.390903 0.484206
vt 0.360541 0.531302
vt 0.443148 0.431961
vt 0.383373 0.461032
vt 0.343772 0.508220
vt 0.306368 0.545624
vt 0.377315 0.442387
vt 0.329449 0.488507
vt 0.317927 0.472648
vt 0.300388 0.447280
vt 0.300388 0.506668
vt 0.265725 0.502231
vt 0.265725 0.438840
vt 0.300388 0.572500
vt 0.265725 0.572500
vt 0.229242 0.499524
vt 0.229242 0.433691
vt 0.300388 0.638333
vt 0.265725 0.642770
vt 0.229242 0.572500
vt 0.191839 0.498614
vt 0.191839 0.431961
vt 0.300388 0.697721
vt 0.265725 0.706161
vt 0.229242 0.645477
vt 0.191839 0.572500
vt 0.154436 0.499524
vt 0.154436 0.433691
vt 0.229242 0.711310
vt 0.191839 0.646387
vt 0.154436 0.572500
vt 0.117953 0.502231
vt 0.117953 0.438840
vt 0.191839 0.713040
vt 0.154436 0.645477
vt 0.117953 0.572500
vt 0.083290 0.506668
vt 0.083290 0.447280
vt 0.154436 0.711310
vt 0.117953 0.642770
vt 0.083290 0.572500
vt 0.117953 0.706161
vt 0.083290 0.638333
vt 0.083290 0.697721
vt 0.001942 0.982690
vt 0.001942 0.923302
vt 0.036605 0.927739
vt 0.036605 0.991130
vt 0.001942 0.857469
vt 0.036605 0.857469
vt 0.073087 0.930445
vt 0.073087 0.996278
vt 0.001942 0.791636
vt 0.036605 0.787199
vt 0.073087 0.857469
vt 0.110490 0.931355
vt 0.110490 0.998008
vt 0.001942 0.732248
vt 0.036605 0.723808
vt 0.073087 0.784493
vt 0.110490 0.857469
vt 0.147894 0.930445
vt 0.147894 0.996278
vt 0.073087 0.718660
vt 0.110490 0.783583
vt 0.147894 0.857469
vt 0.184376 0.927739
vt 0.184376 0.991130
vt 0.110490 0.716930
vt 0.147894 0.784493
vt 0.184376 0.857469
vt 0.219039 0.923302
vt 0.219039 0.982690
vt 0.147894 0.718660
vt 0.184376 0.787199
vt 0.219039 0.857469
vt 0.184376 0.723808
vt 0.219039 0.791636
vt 0.219039 0.732248
vn 0.190555 -0.979722 -0.061915
vn 0.162096 -0.979722 -0.117769
vn 0.269870 -0.942722 -0.196072
vn 0.317252 -0.942722 -0.103081
vn 0.117769 -0.979722 -0.162095
vn 0.196072 -0.942722 -0.269870
vn 0.061915 -0.979722 -0.190555
vn 0.103081 -0.942723 -0.317251
vn -0.000000 -0.979722 -0.200361
vn -0.000000 -0.942722 -0.333578
vn -0.061915 -0.979722 -0.190555
vn -0.103081 -0.942722 -0.317252
vn -0.117769 -0.979722 -0.162096
vn -0.196072 -0.942722 -0.269871
vn -0.162096 -0.979722 -0.117770
vn -0.269870 -0.942722 -0.196072
vn -0.190555 -0.979722 -0.061915
vn -0.317252 -0.942722 -0.103081
vn -0.200361 -0.979722 0.000000
vn -0.333578 -0.942722 -0.000000
vn -0.190555 -0.979722 0.061915
vn -0.317252 -0.942722 0.103081
vn -0.162096 -0.979722 0.117769
vn -0.269870 -0.942722 0.196072
vn -0.117769 -0.979722 0.162095
vn -0.196072 -0.942722 0.269870
vn -0.061915 -0.979722 0.190555
vn -0.103081 -0.942722 0.317252
vn 0.000000 -0.979722 0.200361
vn 0.000000 -0.942722 0.333578
vn 0.061915 -0.979722 0.190555
vn 0.103081 -0.942722 0.317252
vn 0.117769 -0.979722 0.162096
vn 0.196072 -0.942722 0.269870
vn 0.162096 -0.979722 0.117769
vn 0.269870 -0.942722 0.196072
vn 0.190555 -0.979722 0.061915
vn 0.317252 -0.942722 0.103081
vn 0.200361 -0.979722 0.000001
vn 0.333578 -0.942722 0.000000
vn 0.380846 -0.882266 -0.276701
vn 0.447712 -0.882266 -0.145470
vn 0.276701 -0.882266 -0.380846
vn 0.145470 -0.882266 -0.447711
vn -0.000000 -0.882266 -0.470752
vn -0.145470 -0.882266 -0.447711
vn -0.276701 -0.882266 -0.380846
vn -0.380846 -0.882266 -0.276701
vn -0.447712 -0.882266 -0.145470
vn -0.470752 -0.882266 0.000000
vn -0.447712 -0.882266 0.145470
vn -0.380846 -0.882266 0.276701
vn -0.276701 -0.882266 0.380846
vn -0.145470 -0.882266 0.447712
vn 0.000000 -0.882266 0.470752
vn 0.145470 -0.882266 0.447712
vn 0.276701 -0.882266 0.380846
vn 0.380846 -0.882266 0.276701
vn 0.447712 -0.882266 0.145470
vn 0.470752 -0.882266 0.000000
vn 0.485138 -0.800252 -0.352474
vn 0.570314 -0.800252 -0.185306
vn 0.352473 -0.800252 -0.485138
vn 0.185306 -0.800252 -0.570314
vn -0.000000 -0.800252 -0.599664
vn -0.185307 -0.800252 -0.570314
vn -0.352474 -0.800252 -0.485138
vn -0.485138 -0.800252 -0.352474
vn -0.570314 -0.800252 -0.185306
vn -0.599664 -0.800252 0.000000
vn -0.570314 -0.800252 0.185306
vn -0.485138 -0.800252 0.352474
vn -0.352474 -0.800252 0.485139
vn -0.185306 -0.800252 0.570314
vn 0.000000 -0.800252 0.599664
vn 0.185306 -0.800252 0.570314
vn 0.352474 -0.800252 0.485139
vn 0.485138 -0.800252 0.352474
vn 0.570314 -0.800252 0.185306
vn 0.599664 -0.800252 0.000001
vn 0.578712 -0.698789 -0.420459
vn 0.680318 -0.698789 -0.221048
vn 0.420459 -0.698789 -0.578713
vn 0.221049 -0.698789 -0.680318
vn -0.000000 -0.698789 -0.715328
vn -0.221049 -0.698789 -0.680318
vn -0.420460 -0.698789 -0.578713
vn -0.578713 -0.698789 -0.420459
vn -0.680318 -0.698788 -0.221049
vn -0.715328 -0.698788 -0.000000
vn -0.680318 -0.698789 0.221049
vn -0.578713 -0.698788 0.420460
vn -0.420459 -0.698788 0.578713
vn -0.221049 -0.698788 0.680318
vn -0.000000 -0.698788 0.715328
vn 0.221049 -0.698788 0.680318
vn 0.420460 -0.698788 0.578713
vn 0.578713 -0.698788 0.420459
vn 0.680318 -0.698788 0.221049
vn 0.715328 -0.698788 0.000001
vn 0.658808 -0.580401 -0.478652
vn 0.774475 -0.580401 -0.251641
vn 0.478652 -0.580401 -0.658808
vn 0.251642 -0.580401 -0.774475
vn -0.000000 -0.580401 -0.814331
vn -0.251642 -0.580401 -0.774475
vn -0.478652 -0.580401 -0.658808
vn -0.658808 -0.580401 -0.478652
vn -0.774475 -0.580401 -0.251642
vn -0.814331 -0.580401 -0.000000
vn -0.774475 -0.580401 0.251642
vn -0.658808 -0.580401 0.478652
vn -0.478652 -0.580401 0.658808
vn -0.251642 -0.580401 0.774475
vn 0.000000 -0.580401 0.814331
vn 0.251642 -0.580401 0.774475
vn 0.478652 -0.580401 0.658808
vn 0.658808 -0.580401 0.478652
vn 0.774475 -0.580401 0.251642
vn 0.814331 -0.580401 0.000001
vn 0.723291 -0.447994 -0.525502
vn 0.850280 -0.447994 -0.276272
vn 0.525501 -0.447994 -0.723291
vn 0.276272 -0.447994 -0.850279
vn -0.000000 -0.447994 -0.894037
vn -0.276273 -0.447994 -0.850279
vn -0.525502 -0.447994 -0.723291
vn -0.723291 -0.447994 -0.525501
vn -0.850279 -0.447994 -0.276272
vn -0.894037 -0.447994 -0.000000
vn -0.850279 -0.447994 0.276272
vn -0.723291 -0.447994 0.525502
vn -0.525502 -0.447994 0.723291
vn -0.276273 -0.447994 0.850280
vn 0.000000 -0.447994 0.894037
vn 0.276273 -0.447994 0.850280
vn 0.525502 -0.447994 0.723291
vn 0.723291 -0.447994 0.525502
vn 0.850279 -0.447994 0.276272
vn 0.894037 -0.447994 0.000001
vn 0.770524 -0.304789 -0.559819
vn 0.905806 -0.304789 -0.294313
vn 0.559818 -0.304789 -0.770524
vn 0.294314 -0.304789 -0.905805
vn -0.000000 -0.304789 -0.952420
vn -0.294314 -0.304789 -0.905805
vn -0.559819 -0.304789 -0.770524
vn -0.770524 -0.304789 -0.559818
vn -0.905805 -0.304789 -0.294314
vn -0.952420 -0.304789 -0.000000
vn -0.905805 -0.304789 0.294314
vn -0.770524 -0.304788 0.559819
vn -0.559818 -0.304788 0.770524
vn -0.294314 -0.304789 0.905805
vn 0.000000 -0.304789 0.952420
vn 0.294314 -0.304789 0.905805
vn 0.559818 -0.304789 0.770524
vn 0.770524 -0.304789 0.559818
vn 0.905805 -0.304789 0.294314
vn 0.952420 -0.304788 0.000001
vn 0.799335 -0.154249 -0.580751
vn 0.939675 -0.154249 -0.305318
vn 0.580750 -0.154249 -0.799335
vn 0.305318 -0.154249 -0.939674
vn 0.000000 -0.154249 -0.988032
vn -0.305319 -0.154249 -0.939674
vn -0.580751 -0.154249 -0.799335
vn -0.799335 -0.154249 -0.580751
vn -0.939674 -0.154248 -0.305319
vn -0.988032 -0.154248 0.000000
vn -0.939674 -0.154248 0.305319
vn -0.799335 -0.154248 0.580751
vn -0.580751 -0.154249 0.799335
vn -0.305319 -0.154249 0.939674
vn 0.000000 -0.154249 0.988032
vn 0.305319 -0.154249 0.939674
vn 0.580751 -0.154249 0.799335
vn 0.799335 -0.154249 0.580751
vn 0.939674 -0.154249 0.305319
vn 0.988032 -0.154249 0.000001
vn 0.809017 0.000000 -0.587785
vn 0.951057 -0.000000 -0.309016
vn 0.587785 -0.000000 -0.809017
vn 0.309017 -0.000000 -0.951057
vn 0.000000 0.000000 -1.000000
vn -0.309017 -0.000000 -0.951056
vn -0.587785 -0.000000 -0.809017
vn -0.809017 0.000000 -0.587785
vn -0.951057 0.000000 -0.309017
vn -1.000000 -0.000000 0.000000
vn -0.951056 -0.000000 0.309017
vn -0.809017 0.000000 0.587785
vn -0.587785 -0.000000 0.809017
vn -0.309017 -0.000000 0.951057
vn 0.000000 0.000000 1.000000
vn 0.309017 -0.000000 0.951057
vn 0.587785 -0.000000 0.809017
vn 0.809017 -0.000000 0.587785
vn 0.951057 0.000000 0.309017
vn 1.000000 0.000000 0.000001
vn 0.799335 0.154249 -0.580751
vn 0.939675 0.154249 -0.305318
vn 0.580750 0.154249 -0.799335
vn 0.305318 0.154249 -0.939674
vn 0.000000 0.154249 -0.988032
vn -0.305319 0.154249 -0.939674
vn -0.580751 0.154249 -0.799335
vn -0.799335 0.154249 -0.580750
vn -0.939674 0.154248 -0.305319
vn -0.988032 0.154248 0.000000
vn -0.939674 0.154248 0.305319
vn -0.799335 0.154248 0.580751
vn -0.580751 0.154249 0.799335
vn -0.305319 0.154249 0.939674
vn 0.000000 0.154249 0.988032
vn 0.305319 0.154249 0.939674
vn 0.580751 0.154249 0.799335
vn 0.799335 0.154249 0.580751
vn 0.939674 0.154249 0.305319
vn 0.988032 0.154249 0.000001
vn 0.770524 0.304789 -0.559819
vn 0.905806 0.304789 -0.294313
vn 0.559818 0.304789 -0.770524
vn 0.294314 0.304789 -0.905805
vn -0.000000 0.304789 -0.952420
vn -0.294314 0.304789 -0.905805
vn -0.559819 0.304789 -0.770524
vn -0.770524 0.304789 -0.559818
vn -0.905805 0.304789 -0.294314
vn -0.952420 0.304789 -0.000000
vn -0.905805 0.304789 0.294314
vn -0.770524 0.304788 0.559819
vn -0.559818 0.304788 0.770524
vn -0.294314 0.304789 0.905805
vn 0.000000 0.304789 0.952420
vn 0.294314 0.304789 0.905805
vn 0.559818 0.304789 0.770524
vn 0.770524 0.304789 0.559818
vn 0.905805 0.304788 0.294314
vn 0.952420 0.304789 0.000001
vn 0.723291 0.447994 -0.525502
vn 0.850280 0.447994 -0.276272
vn 0.525501 0.447994 -0.723291
vn 0.276272 0.447994 -0.850279
vn -0.000000 0.447994 -0.894037
vn -0.276273 0.447994 -0.850279
vn -0.525502 0.447994 -0.723291
vn -0.723291 0.447994 -0.525501
vn -0.850279 0.447994 -0.276272
vn -0.894037 0.447994 -0.000000
vn -0.850279 0.447994 0.276272
vn -0.723291 0.447994 0.525502
vn -0.525502 0.447994 0.723291
vn -0.276273 0.447994 0.850280
vn 0.000000 0.447994 0.894037
vn 0.276273 0.447994 0.850279
vn 0.525502 0.447994 0.723291
vn 0.723291 0.447994 0.525502
vn 0.850279 0.447994 0.276272
vn 0.894037 0.447994 0.000001
vn 0.658808 0.580401 -0.478652
vn 0.774475 0.580401 -0.251641
vn 0.478652 0.580401 -0.658808
vn 0.251642 0.580401 -0.774475
vn -0.000000 0.580401 -0.814331
vn -0.251642 0.580401 -0.774475
vn -0.478652 0.580401 -0.658808
vn -0.658808 0.580401 -0.478652
vn -0.774475 0.580401 -0.251642
vn -0.814331 0.580401 -0.000000
vn -0.774475 0.580401 0.251642
vn -0.658808 0.580401 0.478652
vn -0.478652 0.580401 0.658808
vn -0.251642 0.580401 0.774475
vn 0.000000 0.580401 0.814331
vn 0.251642 0.580401 0.774475
vn 0.478652 0.580401 0.658808
vn 0.658808 0.580401 0.478652
vn 0.774475 0.580401 0.251642
vn 0.814331 0.580401 0.000001
vn 0.578712 0.698789 -0.420459
vn 0.680318 0.698789 -0.221048
vn 0.420459 0.698789 -0.578713
vn 0.221049 0.698789 -0.680318
vn -0.000000 0.698789 -0.715328
vn -0.221049 0.698789 -0.680318
vn -0.420459 0.698789 -0.578713
vn -0.578713 0.698789 -0.420459
vn -0.680318 0.698789 -0.221049
vn -0.715328 0.698788 0.000000
vn -0.680318 0.698788 0.221049
vn -0.578713 0.698788 0.420460
vn -0.420459 0.698788 0.578713
vn -0.221049 0.698788 0.680318
vn -0.000000 0.698788 0.715328
vn 0.221049 0.698788 0.680318
vn 0.420459 0.698788 0.578713
vn 0.578713 0.698788 0.420460
vn 0.680318 0.698788 0.221049
vn 0.715328 0.698788 0.000001
vn 0.485138 0.800252 -0.352474
vn 0.570314 0.800252 -0.185306
vn 0.352473 0.800252 -0.485139
vn 0.185306 0.800252 -0.570314
vn -0.000000 0.800252 -0.599664
vn -0.185307 0.800252 -0.570314
vn -0.352474 0.800252 -0.485138
vn -0.485138 0.800252 -0.352474
vn -0.570314 0.800252 -0.185306
vn -0.599664 0.800252 0.000000
vn -0.570314 0.800252 0.185306
vn -0.485138 0.800252 0.352474
vn -0.352474 0.800252 0.485138
vn -0.185306 0.800252 0.570314
vn 0.000000 0.800252 0.599664
vn 0.185306 0.800252 0.570315
vn 0.352474 0.800252 0.485139
vn 0.485139 0.800252 0.352474
vn 0.570314 0.800252 0.185306
vn 0.599664 0.800252 0.000001
vn 0.380846 0.882266 -0.276701
vn 0.447712 0.882266 -0.145470
vn 0.276701 0.882266 -0.380846
vn 0.145470 0.882266 -0.447711
vn -0.000000 0.882266 -0.470752
vn -0.145470 0.882266 -0.447711
vn -0.276701 0.882266 -0.380846
vn -0.380846 0.882266 -0.276701
vn -0.447712 0.882266 -0.145470
vn -0.470752 0.882266 0.000000
vn -0.447712 0.882266 0.145471
vn -0.380846 0.882266 0.276701
vn -0.276701 0.882266 0.380846
vn -0.145470 0.882266 0.447712
vn 0.000000 0.882266 0.470752
vn 0.145470 0.882266 0.447712
vn 0.276701 0.882266 0.380846
vn 0.380846 0.882266 0.276701
vn 0.447712 0.882266 0.145470
vn 0.470752 0.882266 0.000000
vn 0.269870 0.942722 -0.196073
vn 0.317252 0.942722 -0.103081
vn 0.196072 0.942722 -0.269871
vn 0.103081 0.942722 -0.317251
vn -0.000000 0.942723 -0.333578
vn -0.103081 0.942722 -0.317251
vn -0.196072 0.942722 -0.269870
vn -0.269870 0.942722 -0.196072
vn -0.317252 0.942722 -0.103081
vn -0.333578 0.942722 0.000000
vn -0.317252 0.942722 0.103082
vn -0.269870 0.942722 0.196072
vn -0.196072 0.942722 0.269870
vn -0.103081 0.942722 0.317252
vn 0.000000 0.942722 0.333578
vn 0.103081 0.942722 0.317252
vn 0.196072 0.942722 0.269870
vn 0.269870 0.942722 0.196072
vn 0.317252 0.942722 0.103081
vn 0.333578 0.942722 0.000000
vn 0.162096 0.979722 -0.117769
vn 0.190555 0.979722 -0.061915
vn 0.117769 0.979722 -0.162096
vn 0.061915 0.979722 -0.190555
vn -0.000000 0.979722 -0.200361
vn -0.061915 0.979722 -0.190555
vn -0.117769 0.979722 -0.162095
vn -0.162096 0.979722 -0.117769
vn -0.190555 0.979722 -0.061915
vn -0.200361 0.979722 0.000000
vn -0.190555 0.979722 0.061915
vn -0.162096 0.979722 0.117769
vn -0.117769 0.979722 0.162096
vn -0.061915 0.979722 0.190555
vn 0.000000 0.979722 0.200361
vn 0.061915 0.979722 0.190555
vn 0.117769 0.979722 0.162096
vn 0.162096 0.979722 0.117769
vn 0.190555 0.979722 0.061915
vn 0.200361 0.979722 0.000001
vn -0.000000 -1.000000 -0.000000
vn -0.000000 1.000000 0.000000
s 1
g pasted__pSphere3
usemtl pasted__standardSurface4SG1
f 791/1893/1607 792/1894/1608 812/1895/1609 811/1896/1610
f 792/1894/1608 793/1898/1611 813/1899/1612 812/1895/1609
f 793/1898/1611 794/1904/1613 814/1905/1614 813/1899/1612
f 794/1904/1613 795/1912/1615 815/1913/1616 814/1905/1614
f 795/1912/1615 796/1919/1617 816/1920/1618 815/1913/1616
f 796/1919/1617 797/1928/1619 817/1929/1620 816/1920/1618
f 797/1928/1619 798/1938/1621 818/1939/1622 817/1929/1620
f 798/1938/1621 799/1949/1623 819/1950/1624 818/1939/1622
f 799/1949/1623 800/1963/1625 820/1964/1626 819/1950/1624
f 800/1963/1625 801/1975/1627 821/1976/1628 820/1964/1626
f 801/1975/1627 802/1987/1629 822/1988/1630 821/1976/1628
f 802/1987/1629 803/1973/1631 823/1974/1632 822/1988/1630
f 803/1973/1631 804/1961/1633 824/1962/1634 823/1974/1632
f 804/1961/1633 805/1947/1635 825/1948/1636 824/1962/1634
f 805/1947/1635 806/1936/1637 826/1937/1638 825/1948/1636
f 806/1936/1637 807/1926/1639 827/1927/1640 826/1937/1638
f 807/1926/1639 808/1917/1641 828/1918/1642 827/1927/1640
f 808/1917/1641 809/1910/1643 829/1911/1644 828/1918/1642
f 809/1910/1643 810/1902/1645 830/1903/1646 829/1911/1644
f 810/1902/1645 791/1893/1607 811/1896/1610 830/1903/1646
f 811/1896/1610 812/1895/1609 832/1900/1647 831/1901/1648
f 812/1895/1609 813/1899/1612 833/1906/1649 832/1900/1647
f 813/1899/1612 814/1905/1614 834/1914/1650 833/1906/1649
f 814/1905/1614 815/1913/1616 835/1921/1651 834/1914/1650
f 815/1913/1616 816/1920/1618 836/1930/1652 835/1921/1651
f 816/1920/1618 817/1929/1620 837/1940/1653 836/1930/1652
f 817/1929/1620 818/1939/1622 838/1951/1654 837/1940/1653
f 818/1939/1622 819/1950/1624 839/1965/1655 838/1951/1654
f 819/1950/1624 820/1964/1626 840/1977/1656 839/1965/1655
f 820/1964/1626 821/1976/1628 841/1989/1657 840/1977/1656
f 821/1976/1628 822/1988/1630 842/1996/1658 841/1989/1657
f 822/1988/1630 823/1974/1632 843/1986/1659 842/1996/1658
f 823/1974/1632 824/1962/1634 844/1972/1660 843/1986/1659
f 824/1962/1634 825/1948/1636 845/1960/1661 844/1972/1660
f 825/1948/1636 826/1937/1638 846/1946/1662 845/1960/1661
f 826/1937/1638 827/1927/1640 847/1935/1663 846/1946/1662
f 827/1927/1640 828/1918/1642 848/1925/1664 847/1935/1663
f 828/1918/1642 829/1911/1644 849/1916/1665 848/1925/1664
f 829/1911/1644 830/1903/1646 850/1909/1666 849/1916/1665
f 830/1903/1646 811/1896/1610 831/1901/1648 850/1909/1666
f 831/1901/1648 832/1900/1647 852/1907/1667 851/1908/1668
f 832/1900/1647 833/1906/1649 853/1915/1669 852/1907/1667
f 833/1906/1649 834/1914/1650 854/1922/1670 853/1915/1669
f 834/1914/1650 835/1921/1651 855/1931/1671 854/1922/1670
f 835/1921/1651 836/1930/1652 856/1941/1672 855/1931/1671
f 836/1930/1652 837/1940/1653 857/1952/1673 856/1941/1672
f 837/1940/1653 838/1951/1654 858/1966/1674 857/1952/1673
f 838/1951/1654 839/1965/1655 859/1978/1675 858/1966/1674
f 839/1845/1655 840/1846/1656 860/1834/1676 859/1823/1675
f 840/1846/1656 841/1857/1657 861/1847/1677 860/1834/1676
f 841/1989/1657 842/1996/1658 862/2000/1678 861/2001/1677
f 842/1996/1658 843/1986/1659 863/1995/1679 862/2000/1678
f 843/1986/1659 844/1972/1660 864/1985/1680 863/1995/1679
f 844/1972/1660 845/1960/1661 865/1971/1681 864/1985/1680
f 845/1960/1661 846/1946/1662 866/1959/1682 865/1971/1681
f 846/1946/1662 847/1935/1663 867/1945/1683 866/1959/1682
f 847/1935/1663 848/1925/1664 868/1934/1684 867/1945/1683
f 848/1925/1664 849/1916/1665 869/1933/1685 868/1934/1684
f 849/1764/1665 850/1752/1666 870/1741/1686 869/1754/1685
f 850/1752/1666 831/1753/1648 851/1729/1668 870/1741/1686
f 851/1729/1668 852/1730/1667 872/1720/1687 871/1719/1688
f 852/1907/1667 853/1915/1669 873/1923/1689 872/1924/1687
f 853/1915/1669 854/1922/1670 874/1932/1690 873/1923/1689
f 854/1922/1670 855/1931/1671 875/1942/1691 874/1932/1690
f 855/1931/1671 856/1941/1672 876/1953/1692 875/1942/1691
f 856/1941/1672 857/1952/1673 877/1967/1693 876/1953/1692
f 857/1952/1673 858/1966/1674 878/1979/1694 877/1967/1693
f 858/1822/1674 859/1823/1675 879/1813/1695 878/1812/1694
f 859/1823/1675 860/1834/1676 880/1824/1696 879/1813/1695
f 860/1834/1676 861/1847/1677 881/1835/1697 880/1824/1696
f 861/1847/1677 862/1858/1678 882/1848/1698 881/1835/1697
f 862/2000/1678 863/1995/1679 883/1999/1699 882/2004/1698
f 863/1995/1679 864/1985/1680 884/1994/1700 883/1999/1699
f 864/1985/1680 865/1971/1681 885/1984/1701 884/1994/1700
f 865/1971/1681 866/1959/1682 886/1970/1702 885/1984/1701
f 866/1959/1682 867/1945/1683 887/1958/1703 886/1970/1702
f 867/1945/1683 868/1934/1684 888/1957/1704 887/1958/1703
f 868/1765/1684 869/1754/1685 889/1742/1705 888/1755/1704
f 869/1754/1685 870/1741/1686 890/1732/1706 889/1742/1705
f 870/1741/1686 851/1729/1668 871/1719/1688 890/1732/1706
f 871/1719/1688 872/1720/1687 892/1712/1707 891/1711/1708
f 872/1720/1687 873/1731/1689 893/1721/1709 892/1712/1707
f 873/1923/1689 874/1932/1690 894/1943/1710 893/1944/1709
f 874/1932/1690 875/1942/1691 895/1954/1711 894/1943/1710
f 875/1942/1691 876/1953/1692 896/1968/1712 895/1954/1711
f 876/1953/1692 877/1967/1693 897/1980/1713 896/1968/1712
f 877/1825/1693 878/1812/1694 898/1804/1714 897/1815/1713
f 878/1812/1694 879/1813/1695 899/1805/1715 898/1804/1714
f 879/1813/1695 880/1824/1696 900/1814/1716 899/1805/1715
f 880/1824/1696 881/1835/1697 901/1826/1717 900/1814/1716
f 881/1835/1697 882/1848/1698 902/1836/1718 901/1826/1717
f 882/1848/1698 883/1859/1699 903/1849/1719 902/1836/1718
f 883/1999/1699 884/1994/1700 904/1998/1720 903/2003/1719
f 884/1994/1700 885/1984/1701 905/1993/1721 904/1998/1720
f 885/1984/1701 886/1970/1702 906/1983/1722 905/1993/1721
f 886/1970/1702 887/1958/1703 907/1982/1723 906/1983/1722
f 887/1766/1703 888/1755/1704 908/1743/1724 907/1756/1723
f 888/1755/1704 889/1742/1705 909/1733/1725 908/1743/1724
f 889/1742/1705 890/1732/1706 910/1722/1726 909/1733/1725
f 890/1732/1706 871/1719/1688 891/1711/1708 910/1722/1726
f 891/1711/1708 892/1712/1707 912/1708/1727 911/1707/1728
f 892/1712/1707 893/1721/1709 913/1713/1729 912/1708/1727
f 893/1944/1709 894/1943/1710 914/1955/1730 913/1956/1729
f 894/1943/1710 895/1954/1711 915/1969/1731 914/1955/1730
f 895/1954/1711 896/1968/1712 916/1981/1732 915/1969/1731
f 896/1968/1712 897/1980/1713 917/1990/1733 916/1981/1732
f 897/1815/1713 898/1804/1714 918/1800/1734 917/1810/1733
f 898/1804/1714 899/1805/1715 919/1801/1735 918/1800/1734
f 899/1805/1715 900/1814/1716 920/1806/1736 919/1801/1735
f 900/1814/1716 901/1826/1717 921/1816/1737 920/1806/1736
f 901/1826/1717 902/1836/1718 922/1827/1738 921/1816/1737
f 902/1836/1718 903/1849/1719 923/1837/1739 922/1827/1738
f 903/2003/1719 904/1998/1720 924/2002/1740 923/2005/1739
f 904/1998/1720 905/1993/1721 925/1997/1741 924/2002/1740
f 905/1993/1721 906/1983/1722 926/1992/1742 925/1997/1741
f 906/1983/1722 907/1982/1723 927/1991/1743 926/1992/1742
f 907/1756/1723 908/1743/1724 928/1739/1744 927/1750/1743
f 908/1743/1724 909/1733/1725 929/1727/1745 928/1739/1744
f 909/1733/1725 910/1722/1726 930/1717/1746 929/1727/1745
f 910/1722/1726 891/1711/1708 911/1707/1728 930/1717/1746
f 911/1707/1728 912/1708/1727 932/1709/1747 931/1710/1748
f 912/1708/1727 913/1713/1729 933/1714/1749 932/1709/1747
f 913/2119/1729 914/2120/1730 934/2121/1750 933/2122/1749
f 914/2120/1730 915/2123/1731 935/2124/1751 934/2121/1750
f 915/2123/1731 916/2127/1732 936/2128/1752 935/2124/1751
f 916/2127/1732 917/2132/1733 937/2133/1753 936/2128/1752
f 917/1810/1733 918/1800/1734 938/1803/1754 937/1811/1753
f 918/1800/1734 919/1801/1735 939/1802/1755 938/1803/1754
f 919/1801/1735 920/1806/1736 940/1807/1756 939/1802/1755
f 920/1806/1736 921/1816/1737 941/1817/1757 940/1807/1756
f 921/1816/1737 922/1827/1738 942/1828/1758 941/1817/1757
f 922/1827/1738 923/1837/1739 943/1838/1759 942/1828/1758
f 923/2154/1739 924/2155/1740 944/2156/1760 943/2157/1759
f 924/2155/1740 925/2158/1741 945/2159/1761 944/2156/1760
f 925/2158/1741 926/2162/1742 946/2163/1762 945/2159/1761
f 926/2162/1742 927/2167/1743 947/2168/1763 946/2163/1762
f 927/1750/1743 928/1739/1744 948/1740/1764 947/1751/1763
f 928/1739/1744 929/1727/1745 949/1728/1765 948/1740/1764
f 929/1727/1745 930/1717/1746 950/1718/1766 949/1728/1765
f 930/1717/1746 911/1707/1728 931/1710/1748 950/1718/1766
f 931/1710/1748 932/1709/1747 952/1715/1767 951/1716/1768
f 932/1709/1747 933/1714/1749 953/1723/1769 952/1715/1767
f 933/2122/1749 934/2121/1750 954/2125/1770 953/2126/1769
f 934/2121/1750 935/2124/1751 955/2129/1771 954/2125/1770
f 935/2124/1751 936/2128/1752 956/2134/1772 955/2129/1771
f 936/2128/1752 937/2133/1753 957/2138/1773 956/2134/1772
f 937/1811/1753 938/1803/1754 958/1809/1774 957/1821/1773
f 938/1803/1754 939/1802/1755 959/1808/1775 958/1809/1774
f 939/1802/1755 940/1807/1756 960/1818/1776 959/1808/1775
f 940/1807/1756 941/1817/1757 961/1829/1777 960/1818/1776
f 941/1817/1757 942/1828/1758 962/1839/1778 961/1829/1777
f 942/1828/1758 943/1838/1759 963/1850/1779 962/1839/1778
f 943/2157/1759 944/2156/1760 964/2160/1780 963/2161/1779
f 944/2156/1760 945/2159/1761 965/2164/1781 964/2160/1780
f 945/2159/1761 946/2163/1762 966/2169/1782 965/2164/1781
f 946/2163/1762 947/2168/1763 967/2173/1783 966/2169/1782
f 947/1751/1763 948/1740/1764 968/1749/1784 967/1763/1783
f 948/1740/1764 949/1728/1765 969/1738/1785 968/1749/1784
f 949/1728/1765 950/1718/1766 970/1726/1786 969/1738/1785
f 950/1718/1766 931/1710/1748 951/1716/1768 970/1726/1786
f 951/1716/1768 952/1715/1767 972/1724/1787 971/1725/1788
f 952/1715/1767 953/1723/1769 973/1734/1789 972/1724/1787
f 953/2126/1769 954/2125/1770 974/2130/1790 973/2131/1789
f 954/2125/1770 955/2129/1771 975/2135/1791 974/2130/1790
f 955/2129/1771 956/2134/1772 976/2139/1792 975/2135/1791
f 956/2134/1772 957/2138/1773 977/2143/1793 976/2139/1792
f 957/1821/1773 958/1809/1774 978/1820/1794 977/1833/1793
f 958/1809/1774 959/1808/1775 979/1819/1795 978/1820/1794
f 959/1808/1775 960/1818/1776 980/1830/1796 979/1819/1795
f 960/1818/1776 961/1829/1777 981/1840/1797 980/1830/1796
f 961/1829/1777 962/1839/1778 982/1851/1798 981/1840/1797
f 962/1839/1778 963/1850/1779 983/1860/1799 982/1851/1798
f 963/2161/1779 964/2160/1780 984/2165/1800 983/2166/1799
f 964/2160/1780 965/2164/1781 985/2170/1801 984/2165/1800
f 965/2164/1781 966/2169/1782 986/2174/1802 985/2170/1801
f 966/2169/1782 967/2173/1783 987/2178/1803 986/2174/1802
f 967/1763/1783 968/1749/1784 988/1762/1804 987/1773/1803
f 968/1749/1784 969/1738/1785 989/1748/1805 988/1762/1804
f 969/1738/1785 970/1726/1786 990/1737/1806 989/1748/1805
f 970/1726/1786 951/1716/1768 971/1725/1788 990/1737/1806
f 971/1725/1788 972/1724/1787 992/1735/1807 991/1736/1808
f 972/1724/1787 973/1734/1789 993/1744/1809 992/1735/1807
f 973/2131/1789 974/2130/1790 994/2136/1810 993/2137/1809
f 974/2130/1790 975/2135/1791 995/2140/1811 994/2136/1810
f 975/2135/1791 976/2139/1792 996/2144/1812 995/2140/1811
f 976/2139/1792 977/2143/1793 997/2148/1813 996/2144/1812
f 977/1833/1793 978/1820/1794 998/1832/1814 997/1844/1813
f 978/1820/1794 979/1819/1795 999/1831/1815 998/1832/1814
f 979/1819/1795 980/1830/1796 1000/1841/1816 999/1831/1815
f 980/1830/1796 981/1840/1797 1001/1852/1817 1000/1841/1816
f 981/1840/1797 982/1851/1798 1002/1861/1818 1001/1852/1817
f 982/1851/1798 983/1860/1799 1003/1867/1819 1002/1861/1818
f 983/2166/1799 984/2165/1800 1004/2171/1820 1003/2172/1819
f 984/2165/1800 985/2170/1801 1005/2175/1821 1004/2171/1820
f 985/2170/1801 986/2174/1802 1006/2179/1822 1005/2175/1821
f 986/2174/1802 987/2178/1803 1007/2183/1823 1006/2179/1822
f 987/1773/1803 988/1762/1804 1008/1772/1824 1007/1780/1823
f 988/1762/1804 989/1748/1805 1009/1761/1825 1008/1772/1824
f 989/1748/1805 990/1737/1806 1010/1747/1826 1009/1761/1825
f 990/1737/1806 971/1725/1788 991/1736/1808 1010/1747/1826
f 991/1736/1808 992/1735/1807 1012/1745/1827 1011/1746/1828
f 992/1735/1807 993/1744/1809 1013/1757/1829 1012/1745/1827
f 993/2137/1809 994/2136/1810 1014/2141/1830 1013/2142/1829
f 994/2136/1810 995/2140/1811 1015/2145/1831 1014/2141/1830
f 995/2140/1811 996/2144/1812 1016/2149/1832 1015/2145/1831
f 996/2144/1812 997/2148/1813 1017/2151/1833 1016/2149/1832
f 997/1844/1813 998/1832/1814 1018/1843/1834 1017/1856/1833
f 998/1832/1814 999/1831/1815 1019/1842/1835 1018/1843/1834
f 999/1831/1815 1000/1841/1816 1020/1853/1836 1019/1842/1835
f 1000/1841/1816 1001/1852/1817 1021/1862/1837 1020/1853/1836
f 1001/1852/1817 1002/1861/1818 1022/1868/1838 1021/1862/1837
f 1002/1861/1818 1003/1867/1819 1023/1874/1839 1022/1868/1838
f 1003/2172/1819 1004/2171/1820 1024/2176/1840 1023/2177/1839
f 1004/2171/1820 1005/2175/1821 1025/2180/1841 1024/2176/1840
f 1005/2175/1821 1006/2179/1822 1026/2184/1842 1025/2180/1841
f 1006/2179/1822 1007/2183/1823 1027/2186/1843 1026/2184/1842
f 1007/1780/1823 1008/1772/1824 1028/1779/1844 1027/1787/1843
f 1008/1772/1824 1009/1761/1825 1029/1771/1845 1028/1779/1844
f 1009/1761/1825 1010/1747/1826 1030/1760/1846 1029/1771/1845
f 1010/1747/1826 991/1736/1808 1011/1746/1828 1030/1760/1846
f 1011/1746/1828 1012/1745/1827 1032/1758/1847 1031/1759/1848
f 1012/1745/1827 1013/1757/1829 1033/1767/1849 1032/1758/1847
f 1013/2142/1829 1014/2141/1830 1034/2146/1850 1033/2147/1849
f 1014/2141/1830 1015/2145/1831 1035/2150/1851 1034/2146/1850
f 1015/2145/1831 1016/2149/1832 1036/2152/1852 1035/2150/1851
f 1016/2149/1832 1017/2151/1833 1037/2153/1853 1036/2152/1852
f 1017/1856/1833 1018/1843/1834 1038/1855/1854 1037/1866/1853
f 1018/1843/1834 1019/1842/1835 1039/1854/1855 1038/1855/1854
f 1019/1842/1835 1020/1853/1836 1040/1863/1856 1039/1854/1855
f 1020/1853/1836 1021/1862/1837 1041/1869/1857 1040/1863/1856
f 1021/1862/1837 1022/1868/1838 1042/1875/1858 1041/1869/1857
f 1022/1868/1838 1023/1874/1839 1043/1881/1859 1042/1875/1858
f 1023/2177/1839 1024/2176/1840 1044/2181/1860 1043/2182/1859
f 1024/2176/1840 1025/2180/1841 1045/2185/1861 1044/2181/1860
f 1025/2180/1841 1026/2184/1842 1046/2187/1862 1045/2185/1861
f 1026/2184/1842 1027/2186/1843 1047/2188/1863 1046/2187/1862
f 1027/1787/1843 1028/1779/1844 1048/1786/1864 1047/1791/1863
f 1028/1779/1844 1029/1771/1845 1049/1778/1865 1048/1786/1864
f 1029/1771/1845 1030/1760/1846 1050/1770/1866 1049/1778/1865
f 1030/1760/1846 1011/1746/1828 1031/1759/1848 1050/1770/1866
f 1031/1759/1848 1032/1758/1847 1052/1768/1867 1051/1769/1868
f 1032/1758/1847 1033/1767/1849 1053/1774/1869 1052/1768/1867
f 1033/2023/1849 1034/2024/1850 1054/2015/1870 1053/2014/1869
f 1034/2024/1850 1035/2033/1851 1055/2025/1871 1054/2015/1870
f 1035/2033/1851 1036/2044/1852 1056/2034/1872 1055/2025/1871
f 1036/2044/1852 1037/2054/1853 1057/2045/1873 1056/2034/1872
f 1037/1866/1853 1038/1855/1854 1058/1865/1874 1057/1873/1873
f 1038/1855/1854 1039/1854/1855 1059/1864/1875 1058/1865/1874
f 1039/1854/1855 1040/1863/1856 1060/1870/1876 1059/1864/1875
f 1040/1863/1856 1041/1869/1857 1061/1876/1877 1060/1870/1876
f 1041/1869/1857 1042/1875/1858 1062/1882/1878 1061/1876/1877
f 1042/1875/1858 1043/1881/1859 1063/1885/1879 1062/1882/1878
f 1043/2118/1859 1044/2116/1860 1064/2113/1880 1063/2117/1879
f 1044/2116/1860 1045/2112/1861 1065/2109/1881 1064/2113/1880
f 1045/2112/1861 1046/2107/1862 1066/2097/1882 1065/2109/1881
f 1046/2107/1862 1047/2108/1863 1067/2098/1883 1066/2097/1882
f 1047/1791/1863 1048/1786/1864 1068/1790/1884 1067/1796/1883
f 1048/1786/1864 1049/1778/1865 1069/1785/1885 1068/1790/1884
f 1049/1778/1865 1050/1770/1866 1070/1777/1886 1069/1785/1885
f 1050/1770/1866 1031/1759/1848 1051/1769/1868 1070/1777/1886
f 1051/1769/1868 1052/1768/1867 1072/1775/1887 1071/1776/1888
f 1052/1768/1867 1053/1774/1869 1073/1781/1889 1072/1775/1887
f 1053/2014/1869 1054/2015/1870 1074/2010/1890 1073/2007/1889
f 1054/2015/1870 1055/2025/1871 1075/2016/1891 1074/2010/1890
f 1055/2025/1871 1056/2034/1872 1076/2026/1892 1075/2016/1891
f 1056/2034/1872 1057/2045/1873 1077/2035/1893 1076/2026/1892
f 1057/1873/1873 1058/1865/1874 1078/1872/1894 1077/1880/1893
f 1058/1865/1874 1059/1864/1875 1079/1871/1895 1078/1872/1894
f 1059/1864/1875 1060/1870/1876 1080/1877/1896 1079/1871/1895
f 1060/1870/1876 1061/1876/1877 1081/1883/1897 1080/1877/1896
f 1061/1876/1877 1062/1882/1878 1082/1886/1898 1081/1883/1897
f 1062/1882/1878 1063/1885/1879 1083/1890/1899 1082/1886/1898
f 1063/2117/1879 1064/2113/1880 1084/2110/1900 1083/2114/1899
f 1064/2113/1880 1065/2109/1881 1085/2099/1901 1084/2110/1900
f 1065/2109/1881 1066/2097/1882 1086/2089/1902 1085/2099/1901
f 1066/2097/1882 1067/2098/1883 1087/2080/1903 1086/2089/1902
f 1067/1796/1883 1068/1790/1884 1088/1795/1904 1087/1799/1903
f 1068/1790/1884 1069/1785/1885 1089/1789/1905 1088/1795/1904
f 1069/1785/1885 1070/1777/1886 1090/1784/1906 1089/1789/1905
f 1070/1777/1886 1051/1769/1868 1071/1776/1888 1090/1784/1906
f 1071/1776/1888 1072/1775/1887 1092/1782/1907 1091/1783/1908
f 1072/2006/1887 1073/2007/1889 1093/2008/1909 1092/2009/1907
f 1073/2007/1889 1074/2010/1890 1094/2011/1910 1093/2008/1909
f 1074/2010/1890 1075/2016/1891 1095/2017/1911 1094/2011/1910
f 1075/2016/1891 1076/2026/1892 1096/2027/1912 1095/2017/1911
f 1076/2026/1892 1077/2035/1893 1097/2036/1913 1096/2027/1912
f 1077/2035/1893 1078/2046/1894 1098/2047/1914 1097/2036/1913
f 1078/1872/1894 1079/1871/1895 1099/1878/1915 1098/1879/1914
f 1079/1871/1895 1080/1877/1896 1100/1884/1916 1099/1878/1915
f 1080/1877/1896 1081/1883/1897 1101/1887/1917 1100/1884/1916
f 1081/1883/1897 1082/1886/1898 1102/1891/1918 1101/1887/1917
f 1082/2115/1898 1083/2114/1899 1103/2111/1919 1102/2104/1918
f 1083/2114/1899 1084/2110/1900 1104/2100/1920 1103/2111/1919
f 1084/2110/1900 1085/2099/1901 1105/2090/1921 1104/2100/1920
f 1085/2099/1901 1086/2089/1902 1106/2082/1922 1105/2090/1921
f 1086/2089/1902 1087/2080/1903 1107/2073/1923 1106/2082/1922
f 1087/2080/1903 1088/2081/1904 1108/2066/1924 1107/2073/1923
f 1088/1795/1904 1089/1789/1905 1109/1794/1925 1108/1798/1924
f 1089/1789/1905 1090/1784/1906 1110/1788/1926 1109/1794/1925
f 1090/1784/1906 1071/1776/1888 1091/1783/1908 1110/1788/1926
f 1091/2021/1908 1092/2009/1907 1112/2013/1927 1111/2022/1928
f 1092/2009/1907 1093/2008/1909 1113/2012/1929 1112/2013/1927
f 1093/2008/1909 1094/2011/1910 1114/2018/1930 1113/2012/1929
f 1094/2011/1910 1095/2017/1911 1115/2028/1931 1114/2018/1930
f 1095/2017/1911 1096/2027/1912 1116/2037/1932 1115/2028/1931
f 1096/2027/1912 1097/2036/1913 1117/2048/1933 1116/2037/1932
f 1097/2036/1913 1098/2047/1914 1118/2055/1934 1117/2048/1933
f 1098/2047/1914 1099/2061/1915 1119/2062/1935 1118/2055/1934
f 1099/1878/1915 1100/1884/1916 1120/1888/1936 1119/1889/1935
f 1100/1884/1916 1101/1887/1917 1121/1892/1937 1120/1888/1936
f 1101/2103/1917 1102/2104/1918 1122/2093/1938 1121/2085/1937
f 1102/2104/1918 1103/2111/1919 1123/2101/1939 1122/2093/1938
f 1103/2111/1919 1104/2100/1920 1124/2091/1940 1123/2101/1939
f 1104/2100/1920 1105/2090/1921 1125/2083/1941 1124/2091/1940
f 1105/2090/1921 1106/2082/1922 1126/2074/1942 1125/2083/1941
f 1106/2082/1922 1107/2073/1923 1127/2068/1943 1126/2074/1942
f 1107/2073/1923 1108/2066/1924 1128/2059/1944 1127/2068/1943
f 1108/2066/1924 1109/2067/1925 1129/2052/1945 1128/2059/1944
f 1109/1794/1925 1110/1788/1926 1130/1793/1946 1129/1797/1945
f 1110/1788/1926 1091/1783/1908 1111/1792/1928 1130/1793/1946
f 1111/2022/1928 1112/2013/1927 1132/2020/1947 1131/2032/1948
f 1112/2013/1927 1113/2012/1929 1133/2019/1949 1132/2020/1947
f 1113/2012/1929 1114/2018/1930 1134/2029/1950 1133/2019/1949
f 1114/2018/1930 1115/2028/1931 1135/2038/1951 1134/2029/1950
f 1115/2028/1931 1116/2037/1932 1136/2049/1952 1135/2038/1951
f 1116/2037/1932 1117/2048/1933 1137/2056/1953 1136/2049/1952
f 1117/2048/1933 1118/2055/1934 1138/2063/1954 1137/2056/1953
f 1118/2055/1934 1119/2062/1935 1139/2070/1955 1138/2063/1954
f 1119/2062/1935 1120/2076/1936 1140/2077/1956 1139/2070/1955
f 1120/2076/1936 1121/2085/1937 1141/2086/1957 1140/2077/1956
f 1121/2085/1937 1122/2093/1938 1142/2094/1958 1141/2086/1957
f 1122/2093/1938 1123/2101/1939 1143/2102/1959 1142/2094/1958
f 1123/2101/1939 1124/2091/1940 1144/2092/1960 1143/2102/1959
f 1124/2091/1940 1125/2083/1941 1145/2084/1961 1144/2092/1960
f 1125/2083/1941 1126/2074/1942 1146/2075/1962 1145/2084/1961
f 1126/2074/1942 1127/2068/1943 1147/2069/1963 1146/2075/1962
f 1127/2068/1943 1128/2059/1944 1148/2060/1964 1147/2069/1963
f 1128/2059/1944 1129/2052/1945 1149/2053/1965 1148/2060/1964
f 1129/2052/1945 1130/2042/1946 1150/2043/1966 1149/2053/1965
f 1130/2042/1946 1111/2022/1928 1131/2032/1948 1150/2043/1966
f 1131/2032/1948 1132/2020/1947 1152/2031/1967 1151/2041/1968
f 1132/2020/1947 1133/2019/1949 1153/2030/1969 1152/2031/1967
f 1133/2019/1949 1134/2029/1950 1154/2039/1970 1153/2030/1969
f 1134/2029/1950 1135/2038/1951 1155/2050/1971 1154/2039/1970
f 1135/2038/1951 1136/2049/1952 1156/2057/1972 1155/2050/1971
f 1136/2049/1952 1137/2056/1953 1157/2064/1973 1156/2057/1972
f 1137/2056/1953 1138/2063/1954 1158/2071/1974 1157/2064/1973
f 1138/2063/1954 1139/2070/1955 1159/2078/1975 1158/2071/1974
f 1139/2070/1955 1140/2077/1956 1160/2087/1976 1159/2078/1975
f 1140/2077/1956 1141/2086/1957 1161/2095/1977 1160/2087/1976
f 1141/2086/1957 1142/2094/1958 1162/2105/1978 1161/2095/1977
f 1142/2094/1958 1143/2102/1959 1163/2106/1979 1162/2105/1978
f 1143/2102/1959 1144/2092/1960 1164/2096/1980 1163/2106/1979
f 1144/2092/1960 1145/2084/1961 1165/2088/1981 1164/2096/1980
f 1145/2084/1961 1146/2075/1962 1166/2079/1982 1165/2088/1981
f 1146/2075/1962 1147/2069/1963 1167/2072/1983 1166/2079/1982
f 1147/2069/1963 1148/2060/1964 1168/2065/1984 1167/2072/1983
f 1148/2060/1964 1149/2053/1965 1169/2058/1985 1168/2065/1984
f 1149/2053/1965 1150/2043/1966 1170/2051/1986 1169/2058/1985
f 1150/2043/1966 1131/2032/1948 1151/2041/1968 1170/2051/1986
f 792/1894/1608 791/1893/1607 1171/1897/1987
f 793/1898/1611 792/1894/1608 1171/1897/1987
f 794/1904/1613 793/1898/1611 1171/1897/1987
f 795/1912/1615 794/1904/1613 1171/1897/1987
f 796/1919/1617 795/1912/1615 1171/1897/1987
f 797/1928/1619 796/1919/1617 1171/1897/1987
f 798/1938/1621 797/1928/1619 1171/1897/1987
f 799/1949/1623 798/1938/1621 1171/1897/1987
f 800/1963/1625 799/1949/1623 1171/1897/1987
f 801/1975/1627 800/1963/1625 1171/1897/1987
f 802/1987/1629 801/1975/1627 1171/1897/1987
f 803/1973/1631 802/1987/1629 1171/1897/1987
f 804/1961/1633 803/1973/1631 1171/1897/1987
f 805/1947/1635 804/1961/1633 1171/1897/1987
f 806/1936/1637 805/1947/1635 1171/1897/1987
f 807/1926/1639 806/1936/1637 1171/1897/1987
f 808/1917/1641 807/1926/1639 1171/1897/1987
f 809/1910/1643 808/1917/1641 1171/1897/1987
f 810/1902/1645 809/1910/1643 1171/1897/1987
f 791/1893/1607 810/1902/1645 1171/1897/1987
f 1151/2041/1968 1152/2031/1967 1172/2040/1988
f 1152/2031/1967 1153/2030/1969 1172/2040/1988
f 1153/2030/1969 1154/2039/1970 1172/2040/1988
f 1154/2039/1970 1155/2050/1971 1172/2040/1988
f 1155/2050/1971 1156/2057/1972 1172/2040/1988
f 1156/2057/1972 1157/2064/1973 1172/2040/1988
f 1157/2064/1973 1158/2071/1974 1172/2040/1988
f 1158/2071/1974 1159/2078/1975 1172/2040/1988
f 1159/2078/1975 1160/2087/1976 1172/2040/1988
f 1160/2087/1976 1161/2095/1977 1172/2040/1988
f 1161/2095/1977 1162/2105/1978 1172/2040/1988
f 1162/2105/1978 1163/2106/1979 1172/2040/1988
f 1163/2106/1979 1164/2096/1980 1172/2040/1988
f 1164/2096/1980 1165/2088/1981 1172/2040/1988
f 1165/2088/1981 1166/2079/1982 1172/2040/1988
f 1166/2079/1982 1167/2072/1983 1172/2040/1988
f 1167/2072/1983 1168/2065/1984 1172/2040/1988
f 1168/2065/1984 1169/2058/1985 1172/2040/1988
f 1169/2058/1985 1170/2051/1986 1172/2040/1988
f 1170/2051/1986 1151/2041/1968 1172/2040/1988
